{
    "name": "Nether Enriching",
    "icon": "skyopolis_additions:nether_enriching_water_catalyst",
    "category": "patchouli:waters",
	"sortnum": "5",
    "pages": [
        {
			"type": "spotlight",
            "link_recipe": true,
            "item": "skyopolis_additions:nether_enriching_water_catalyst",
            "title": "Nether Enriching Catalyst",
			"text": "Resource needed:$(li)[Advanced Crafting table]$(li2)$(l:waters/water)x1 Aqua Catalyst$()$(li2)x2 Cobalt Ingots$(li2)x2 Ancient Debris$(li2)x4 Quartz$(li2)x4 Netherrack$(li2)x4 Glowstone Dust$(li2)x8 Lava Buckets$(br2)This Catalyst can be used to generate Nether Enriching Water by Throwing it in Strong Enriching Water"
        },
        {
			"type": "multiblock",
			"name": "Nether Enriching Water",
			"enable_visualize": false,
			"multiblock": {
			"pattern":[
			[" "],
			["0"],
            [" "]		
        ],
			"mapping":{
			"0": "skyopolis:nether_enriching_water"
			}
		},
		"text": "To obtain different items you can drop :$(li)Blank Nuggets$(li)Blank Pebbles$(li)Blank Dust$(li)Blank Gem$(br)"
		}
		]
}