{
    "name": "Smeltery",
    "icon": "tconstruct:smeltery_controller",
    "category": "patchouli:tinkers",
    "sortnum": "2",
    "pages": [
        {
            "type": "spotlight",
            "item": "tconstruct:smeltery_controller",
            "text": "The Smeltery from  Tinker's is needed to make alloys and melt using (lava/blazing blood) $(br2)To melt Items/Blocks in this multiblock a Seared tank that contains (lava/blazing blood) is needed to melt items and alloys"
        },
        {
            "type": "multiblock",
            "name": "Smeltery",
            "enable_visualize": true,
            "multiblock": {
                "pattern": [
                    [
                        "  SSS ",
                        "FD   S",
                        " L   S",
                        "FD   S",
                        "  SSS "
                    ],
                    [
                        "  SSS ",
                        "BS   S",
                        " C   S",
                        "TS   S",
                        "  SSS "
                    ],
                    [
                        "      ",
                        "  SSS ",
                        "  S0S ",
                        "  SSS ",
                        "      "
                    ]
                ],
                "mapping": {
                    "0": "tconstruct:seared_bricks",
                    "C": "tconstruct:smeltery_controller",
                    "T": "tconstruct:seared_table",
                    "B": "tconstruct:seared_basin",
                    "L": "tconstruct:seared_fuel_tank",
                    "F": "tconstruct:seared_faucet",
                    "D": "tconstruct:seared_drain",
                    "S": "tconstruct:seared_bricks"
                }
            },
            "text": "Smeltery Multiblock from Tinker's$(br)$(n)$(6)This multiblock can be bigger or smaller (up to 15x64x15)"
        }
    ]
}