{
    "name": "使用饰物",
    "icon": "losttrinkets:starfish",
    "category": "patchouli:trinkets",
	"sortnum": "2",
    "pages": [
		{
			"type": "text",
			"text": "你从一个可用的饰品槽开始。你可以单击饰物GUI中的锁定图标来解锁更多槽位，最多有10个饰物槽。$(br2)按下饰物GUI中的加号图标会允许你激活已解锁的饰物能力"
		},			
		{
			"type": "text",
			"text": "有些饰物只能通过商店购买。$(br2)已经单击已找到的饰物会把它添加到已解锁饰物列表中。$(br2)可以通过单击激活的饰物并单击移除（Remove）来更改饰物槽，这会把移除的饰物重新添加回已解锁饰物列表中。"
		}	
		]
}