{
    "name": "Undergarden Token",
    "icon": "skyopolis_additions:undergarden_token",
    "category": "patchouli:portals",
	"sortnum": "1",
    "pages": [
        {
			"type": "spotlight",
			"item": "skyopolis_additions:undergarden_token",
            "text": "Resources needed:$(li2)$(l:portals/undergarden#undca)x1 Catalyst$(/l)$(li2)$(l:blanks/token)x1 Blank Token$(/l)$(br2)This Token is required to travel to $(l)$(l:portals/undergarden)[The Undergarden]$(/l)"
        },
        {
            "type": "crafting",
            "recipe": "kubejs:kjs_87ohpkei0fp4wr8h9dnybwe6v"
        }
        
		]
}