{
  "name": "Nether Portal",
  "icon": "tconstruct:flint_and_bronze",
  "category": "patchouli:multiblock_structures",
  "pages": [
    {
      "type": "patchouli:spotlight",
      "item": "tconstruct:flint_and_bronze",
      "title": "Nether Portal",
      "link_recipe": true,
      "text": "Standard Issue Nether Portal. You will need to progress through the pack to be able to enter The Nether."
    },
    {
      "type": "patchouli:multiblock",
      "multiblock_id": "nether_portal",
      "multiblock": {
        "pattern": [
          [
            "1",
            "1",
            "1",
            "1",
            "1"
          ],
          [
            "1",
            " ",
            " ",
            " ",
            "1"
          ],
          [
            "1",
            " ",
            " ",
            " ",
            "1"
          ],
          [
            "1",
            " ",
            " ",
            " ",
            "1"
          ],
          [
            "1",
            "1",
            "0",
            "1",
            "1"
          ]
        ],
        "mapping": {
          " ": "ANY",
          "0": "minecraft:obsidian",
          "1": "minecraft:obsidian"
        },
        "symmetrical": false
      }
    }
  ]
}