{
  "miscellaneous": {
    "smoothLayerDecorator": true,
    "strataRegionSize": 600,
    "strataDecorator": false,
    "oreCompatibleStoneOnly": true,
    "erosionDecorator": true,
    "plainStoneErosion": false,
    "naturalSnowDecorator": true,
    "customBiomeFeatures": true,
    "vanillaLakes": false,
    "vanillaSprings": true,
    "vanillaLavaLakes": true,
    "vanillaLavaSprings": true,
    "mountainBiomeUsage": 1.0,
    "volcanoBiomeUsage": 0.75
  },
  "dimensions": {
    "bedrockLayer": {
      "material": "minecraft:bedrock",
      "minDepth": 1,
      "variance": 0
    },
    "dimensions": {
      "nether": "default",
      "end": "default",
      "includeExtraDimensions": true
    }
  },
  "structures": {
    "stronghold": {
      "distance": 32,
      "spread": 3,
      "count": 128
    },
    "structures": {
      "minecraft:buried_treasure": {
        "spacing": 1,
        "separation": 0,
        "salt": 0,
        "disabled": false
      },
      "minecraft:desert_pyramid": {
        "spacing": 32,
        "separation": 8,
        "salt": 14357617,
        "disabled": false
      },
      "minecraft:igloo": {
        "spacing": 32,
        "separation": 8,
        "salt": 14357618,
        "disabled": false
      },
      "minecraft:jungle_pyramid": {
        "spacing": 32,
        "separation": 8,
        "salt": 14357619,
        "disabled": false
      },
      "minecraft:mansion": {
        "spacing": 80,
        "separation": 20,
        "salt": 10387319,
        "disabled": false
      },
      "minecraft:mineshaft": {
        "spacing": 1,
        "separation": 0,
        "salt": 0,
        "disabled": false
      },
      "minecraft:monument": {
        "spacing": 32,
        "separation": 5,
        "salt": 10387313,
        "disabled": false
      },
      "minecraft:nether_fossil": {
        "spacing": 2,
        "separation": 1,
        "salt": 14357921,
        "disabled": false
      },
      "minecraft:ocean_ruin": {
        "spacing": 20,
        "separation": 8,
        "salt": 14357621,
        "disabled": false
      },
      "minecraft:pillager_outpost": {
        "spacing": 32,
        "separation": 8,
        "salt": 165745296,
        "disabled": false
      },
      "minecraft:ruined_portal": {
        "spacing": 40,
        "separation": 15,
        "salt": 34222645,
        "disabled": false
      },
      "minecraft:shipwreck": {
        "spacing": 24,
        "separation": 4,
        "salt": 165745295,
        "disabled": false
      },
      "minecraft:swamp_hut": {
        "spacing": 32,
        "separation": 8,
        "salt": 14357620,
        "disabled": false
      },
      "minecraft:village": {
        "spacing": 32,
        "separation": 8,
        "salt": 10387312,
        "disabled": false
      },
      "quark:big_dungeon": {
        "spacing": 20,
        "separation": 11,
        "salt": 79234823,
        "disabled": false
      }
    }
  },
  "world": {
    "continent": {
      "continentType": "MULTI",
      "continentShape": "EUCLIDEAN",
      "continentScale": 1519,
      "continentJitter": 0.763
    },
    "controlPoints": {
      "deepOcean": 0.1,
      "shallowOcean": 0.25,
      "beach": 0.326,
      "coast": 0.448,
      "inland": 0.5
    },
    "properties": {
      "spawnType": "CONTINENT_CENTER",
      "worldHeight": 255,
      "seaLevel": 63
    }
  },
  "climate": {
    "temperature": {
      "seedOffset": 0,
      "scale": 4,
      "falloff": 1,
      "min": 0.0,
      "max": 0.98,
      "bias": 0.05
    },
    "moisture": {
      "seedOffset": 0,
      "scale": 5,
      "falloff": 1,
      "min": 0.0,
      "max": 1.0,
      "bias": 0.0
    },
    "biomeShape": {
      "biomeSize": 176,
      "macroNoiseSize": 6,
      "biomeWarpScale": 150,
      "biomeWarpStrength": 80
    },
    "biomeEdgeShape": {
      "type": "SIMPLEX",
      "scale": 24,
      "octaves": 2,
      "gain": 0.5,
      "lacunarity": 2.65,
      "strength": 14
    }
  },
  "terrain": {
    "general": {
      "terrainSeedOffset": 0,
      "terrainRegionSize": 690,
      "globalVerticalScale": 0.629,
      "globalHorizontalScale": 0.629,
      "fancyMountains": false
    },
    "steppe": {
      "weight": 1.0,
      "baseScale": 1.0,
      "verticalScale": 1.0,
      "horizontalScale": 1.0
    },
    "plains": {
      "weight": 1.25,
      "baseScale": 1.0,
      "verticalScale": 1.0,
      "horizontalScale": 1.0
    },
    "hills": {
      "weight": 2.5,
      "baseScale": 1.0,
      "verticalScale": 1.0,
      "horizontalScale": 1.0
    },
    "dales": {
      "weight": 2.0,
      "baseScale": 1.0,
      "verticalScale": 1.0,
      "horizontalScale": 1.0
    },
    "plateau": {
      "weight": 2.5,
      "baseScale": 1.0,
      "verticalScale": 1.0,
      "horizontalScale": 1.0
    },
    "badlands": {
      "weight": 1.5,
      "baseScale": 1.0,
      "verticalScale": 1.0,
      "horizontalScale": 1.0
    },
    "torridonian": {
      "weight": 3.0,
      "baseScale": 1.0,
      "verticalScale": 1.0,
      "horizontalScale": 1.0
    },
    "mountains": {
      "weight": 3.5,
      "baseScale": 1.0,
      "verticalScale": 1.0,
      "horizontalScale": 1.0
    },
    "volcano": {
      "weight": 6.0,
      "baseScale": 1.0,
      "verticalScale": 1.0,
      "horizontalScale": 1.0
    }
  },
  "rivers": {
    "seedOffset": 0,
    "riverCount": 11,
    "mainRivers": {
      "bedDepth": 5,
      "minBankHeight": 2,
      "maxBankHeight": 6,
      "bedWidth": 8,
      "bankWidth": 20,
      "fade": 0.507
    },
    "branchRivers": {
      "bedDepth": 4,
      "minBankHeight": 1,
      "maxBankHeight": 4,
      "bedWidth": 5,
      "bankWidth": 14,
      "fade": 0.493
    },
    "lakes": {
      "chance": 0.462,
      "minStartDistance": 0.0,
      "maxStartDistance": 0.028,
      "depth": 10,
      "sizeMin": 75,
      "sizeMax": 150,
      "minBankHeight": 2,
      "maxBankHeight": 10
    },
    "wetlands": {
      "chance": 0.796,
      "sizeMin": 196,
      "sizeMax": 255
    }
  },
  "filters": {
    "erosion": {
      "dropletsPerChunk": 100,
      "dropletLifetime": 12,
      "dropletVolume": 0.699,
      "dropletVelocity": 0.699,
      "erosionRate": 0.5,
      "depositeRate": 0.5
    },
    "smoothing": {
      "iterations": 2,
      "smoothingRadius": 1.799,
      "smoothingRate": 0.75
    }
  }
}
