{
  "name": "公告板",
  "category": "getting_started",
  "icon": "delivery:bulletin_board",
  "sortnum": 3,
  "pages": [
    {
      "type": "text",
      "text": "公告板可用以总览所有正在进行中的订单，也可显示你当前所处的等级。"
    },
    {
      "type": "spotlight",
      "item": "delivery:bulletin_board",
      "text": "成功创建$(l:getting_started/groups)小组$(/l)后会自动收到一块公告板。$(br2)手持订单右击公告板即可接受订单。"
    }
  ]
}