{
  "name": "小组",
  "category": "getting_started",
  "icon": "delivery:bulletin_board",
  "sortnum": 1,
  "pages": [
    {
      "type": "text",
      "text": "在正式开始受理订单之前，你需要创建或加入一个小组。每个小组都拥有一个名称及一个密码。$(br)订单、金钱余额及经验等级为小组内的所有成员所共享。"
    },
    {
      "type": "text",
      "text": "你可以输入指令$(italic)$(#00F)/group join <小组名称> <小组密码>$()来加入一个既有的小组。$(br)输入指令$(italic)$(#00F)/group create <小组名称> <小组密码>$()则可新建一个小组。"
    }
  ]
}