{
  "name": "图像资料",
  "category": "getting_started",
  "icon": "camera:image",
  "sortnum": 5,
  "pages": [
    {
      "type": "text",
      "text": "有些订单的需求是一张包含特定实体或生物群系的图片。$(br)你需要一台相机来拍摄图片。"
    },
    {
      "type": "spotlight",
      "item": "camera:camera",
      "text": "每张照片均需消耗你物品栏中的一张纸。缺少纸将无法完成拍摄。"
    },
    {
      "type": "text",
      "text": "拍摄实体时，确保目标实体位于画幅的正中央且你与该实体的间距不超过 128 格。$(br)拍摄生物群系时则必须确保自身位于目标群系之中。"
    }
  ]
}