{
  "name": "邮箱订单",
  "category": "getting_started",
  "icon": "delivery:contract",
  "sortnum": 4,
  "pages": [
    {
      "type": "text",
      "text": "订单将会以待启信封的形式被频繁地寄往你的邮箱。右击待启信封即可将其打开并获取其中的订单。$(br2)右击订单即可查看详情。"
    },
    {
      "type": "double_item",
      "item1": "delivery:sealed_envelope",
      "item2": "delivery:contract",
      "text": "手持订单并右击公告板以接受订单。"
    },
    {
      "type": "text",
      "title": "订单需求",
      "text": "右击公告板，打开的界面中会显示完成订单所需求的物品。$(br)从邮箱中收到的订单往往只需要少量的物品。"
    },
    {
      "type": "text",
      "title": "提交物件",
      "text": "将订单所需求的物品放入$(l:packaging/envelope)信封$(/l)或$(l:packaging/parcel)包裹$(/l)中并放入信箱的寄件槽内，物品便会在清算时被寄出。你可以将订单物品随意分派至信封或包裹中。注意，信箱所在的区块被加载时方能正常执行清算。"
    }
  ]
}