{
  "name": "目标",
  "quests": [
    {
      "uuid": "09bb4cfb-9494-44cc-8fce-65bf84ad70c6",
      "name": "创造化学品储罐",
      "description": "创造化学品储罐",
      "x": 210,
      "y": 113,
      "icon": {
        "id": "mekanism:creative_chemical_tank",
        "Count": 1
      },
      "tasks": [
        {
          "type": "DETECT",
          "longDescription": "创造化学品储罐",
          "items": [
            {
              "item": {
                "id": "mekanism:creative_chemical_tank",
                "Count": 1
              }
            }
          ]
        }
      ],
      "prerequisites": [
        "3c68062b-6ace-478a-a71e-c0d99c22d3a8"
      ],
      "optionlinks": [],
      "reward": [
        {
          "id": "trofers:large_pillar",
          "Count": 1,
          "tag": "{BlockEntityTag:{Trophy:\"trofers:creative_chemical_tank\"}}"
        }
      ],
      "rewardchoice": [],
      "commandrewards": []
    },
    {
      "uuid": "9108215c-93bc-4b63-b1a1-e16c973ecef5",
      "name": "能量单元(创造)",
      "description": "能量单元(创造)",
      "x": 158,
      "y": 50,
      "icon": {
        "id": "powah:energy_cell_creative",
        "Count": 1
      },
      "tasks": [
        {
          "type": "DETECT",
          "longDescription": "能量单元(创造)",
          "items": [
            {
              "item": {
                "id": "powah:energy_cell_creative",
                "Count": 1
              }
            }
          ]
        }
      ],
      "prerequisites": [
        "4fe2fca1-95d0-4dd6-ae98-113f91aae21d"
      ],
      "optionlinks": [],
      "reward": [
        {
          "id": "trofers:large_pillar",
          "Count": 1,
          "tag": "{BlockEntityTag:{Trophy:\"trofers:creative_energy_cell_powah\"}}"
        }
      ],
      "rewardchoice": [],
      "commandrewards": []
    },
    {
      "uuid": "12700f8c-d2eb-4219-b226-6eaae252f7dd",
      "name": "沉浸工程",
      "description": "沉浸工程",
      "x": 298,
      "y": 55,
      "icon": {
        "id": "immersivepetroleum:cokerunit",
        "Count": 1
      },
      "tasks": [
        {
          "type": "CONSUME_QDS",
          "description": "石油焦",
          "longDescription": "从焦化器送出10000个石油焦.",
          "items": [
            {
              "item": {
                "id": "immersivepetroleum:petcoke",
                "Count": 1
              },
              "required": 10000
            }
          ]
        }
      ],
      "prerequisites": [
        "302b707b-d847-4cd6-888c-adafe66e4317"
      ],
      "optionlinks": [],
      "reward": [
        {
          "id": "trofers:large_pillar",
          "Count": 1,
          "tag": "{BlockEntityTag:{Trophy:\"trofers:immersive\"}}"
        }
      ],
      "rewardchoice": [],
      "commandrewards": []
    },
    {
      "uuid": "3e47fa53-5f0e-494c-9210-a2c365ee8565",
      "name": "华纳海姆奇点",
      "description": "华纳海姆奇点",
      "x": 222,
      "y": 162,
      "icon": {
        "id": "kubejs:singu_vanaheim",
        "Count": 1
      },
      "tasks": [
        {
          "type": "DETECT",
          "longDescription": "华纳海姆奇点",
          "items": [
            {
              "item": {
                "id": "kubejs:singu_vanaheim",
                "Count": 1
              }
            }
          ]
        }
      ],
      "prerequisites": [
        "071a3269-1d69-4561-8178-84972c663354"
      ],
      "optionlinks": [],
      "reward": [
        {
          "id": "trofers:large_pillar",
          "Count": 1,
          "tag": "{BlockEntityTag:{Trophy:\"trofers:singu_vanaheim\"}}"
        }
      ],
      "rewardchoice": [],
      "commandrewards": []
    },
    {
      "uuid": "25426fd8-8cda-4a2d-892d-072d9f3fd45d",
      "name": "米德卡尔德奇点",
      "description": "米德卡尔德奇点",
      "x": 94,
      "y": 162,
      "icon": {
        "id": "kubejs:singu_midgard",
        "Count": 1
      },
      "tasks": [
        {
          "type": "DETECT",
          "longDescription": "米德卡尔德奇点",
          "items": [
            {
              "item": {
                "id": "kubejs:singu_midgard",
                "Count": 1
              }
            }
          ]
        }
      ],
      "prerequisites": [
        "071a3269-1d69-4561-8178-84972c663354"
      ],
      "optionlinks": [],
      "reward": [
        {
          "id": "trofers:large_pillar",
          "Count": 1,
          "tag": "{BlockEntityTag:{Trophy:\"trofers:singu_midgard\"}}"
        }
      ],
      "rewardchoice": [],
      "commandrewards": []
    },
    {
      "uuid": "66d6764f-e882-4c33-a2be-7df95f3dd143",
      "name": "RFTools",
      "description": "RFTools",
      "x": 45,
      "y": 34,
      "icon": {
        "id": "rftoolsdim:legendary_lost_knowledge",
        "Count": 1
      },
      "tasks": [
        {
          "type": "CONSUME_QDS",
          "description": "充能钻石",
          "longDescription": "输出1000颗充能钻石.",
          "items": [
            {
              "item": {
                "id": "rftoolsbase:infused_diamond",
                "Count": 1
              },
              "required": 1000
            }
          ]
        },
        {
          "type": "KILL",
          "description": "传奇粘液怪",
          "longDescription": "击杀一个传奇粘液怪",
          "mobs": [
            {
              "name": "传奇粘液怪",
              "icon": {
                "id": "rftoolsdim:legendary_essence",
                "Count": 1
              },
              "mob": "rftoolsdim:dimensional_blob_legendary",
              "kills": 1
            }
          ]
        },
        {
          "type": "CONSUME_QDS",
          "description": "知识",
          "longDescription": "输出100本传奇失落知识.",
          "items": [
            {
              "item": {
                "id": "rftoolsdim:legendary_lost_knowledge",
                "Count": 1
              },
              "required": 100
            }
          ]
        }
      ],
      "prerequisites": [
        "59850d82-1f15-4408-a122-af49ca44c87b"
      ],
      "optionlinks": [],
      "reward": [
        {
          "id": "trofers:large_pillar",
          "Count": 1,
          "tag": "{BlockEntityTag:{Trophy:\"trofers:rftools\"}}"
        }
      ],
      "rewardchoice": [],
      "commandrewards": []
    },
    {
      "uuid": "91c4bf19-0146-49c4-99d7-280dc147bbda",
      "name": "神秘农业",
      "description": "神秘农业",
      "x": 45,
      "y": 118,
      "icon": {
        "id": "mysticalagradditions:insanium_essence",
        "Count": 1
      },
      "tasks": [
        {
          "type": "DETECT",
          "description": "究极精华物品",
          "longDescription": "制作一套究极精华防具和一把究极精华剑.",
          "items": [
            {
              "item": {
                "id": "mysticaladaptations:insanium_helmet",
                "Count": 1,
                "tag": "{Damage:0}"
              }
            },
            {
              "item": {
                "id": "mysticaladaptations:insanium_chestplate",
                "Count": 1,
                "tag": "{Damage:0}"
              }
            },
            {
              "item": {
                "id": "mysticaladaptations:insanium_leggings",
                "Count": 1,
                "tag": "{Damage:0}"
              }
            },
            {
              "item": {
                "id": "mysticaladaptations:insanium_boots",
                "Count": 1,
                "tag": "{Damage:0}"
              }
            },
            {
              "item": {
                "id": "mysticaladaptations:insanium_sword",
                "Count": 1
              }
            }
          ]
        },
        {
          "type": "CONSUME_QDS",
          "description": "究极精华",
          "longDescription": "输出1000个究极精华.",
          "items": [
            {
              "item": {
                "id": "mysticalagradditions:insanium_essence",
                "Count": 1
              },
              "required": 1000
            }
          ]
        }
      ],
      "prerequisites": [
        "37174a27-074c-4738-bcb2-eda2d75bd7d8"
      ],
      "optionlinks": [],
      "reward": [
        {
          "id": "trofers:large_pillar",
          "Count": 1,
          "tag": "{BlockEntityTag:{Trophy:\"trofers:mystical\"}}"
        }
      ],
      "rewardchoice": [],
      "commandrewards": []
    },
    {
      "uuid": "80c282bc-39d8-4936-9c7e-28757c2e7eae",
      "name": "机械动力",
      "description": "机械动力",
      "x": 298,
      "y": 97,
      "icon": {
        "id": "create:large_cogwheel",
        "Count": 1
      },
      "tasks": [
        {
          "type": "CONSUME_QDS",
          "description": "甜蜜的零食",
          "longDescription": "各输出1000份.",
          "items": [
            {
              "item": {
                "id": "create:bar_of_chocolate",
                "Count": 1
              },
              "required": 1000
            },
            {
              "item": {
                "id": "create:sweet_roll",
                "Count": 1
              },
              "required": 1000
            },
            {
              "item": {
                "id": "create:honeyed_apple",
                "Count": 1
              },
              "required": 1000
            },
            {
              "item": {
                "id": "createaddition:chocolate_cake",
                "Count": 1
              },
              "required": 1000
            }
          ]
        }
      ],
      "prerequisites": [
        "7a59e3a6-cdd3-4ffb-9864-7ba8555e042b"
      ],
      "optionlinks": [],
      "reward": [
        {
          "id": "trofers:large_pillar",
          "Count": 1,
          "tag": "{BlockEntityTag:{Trophy:\"trofers:create\"}}"
        }
      ],
      "rewardchoice": [],
      "commandrewards": []
    },
    {
      "uuid": "bca2e6f6-57b8-4cd5-a442-0d24da80e743",
      "name": "创造通量线圈",
      "description": "创造通量线圈",
      "x": 118,
      "y": 135,
      "icon": {
        "id": "thermal:rf_coil_creative_augment",
        "Count": 1
      },
      "tasks": [
        {
          "type": "DETECT",
          "longDescription": "创造通量线圈",
          "items": [
            {
              "item": {
                "id": "thermal:rf_coil_creative_augment",
                "Count": 1
              }
            }
          ]
        }
      ],
      "prerequisites": [
        "3c68062b-6ace-478a-a71e-c0d99c22d3a8"
      ],
      "optionlinks": [],
      "reward": [
        {
          "id": "trofers:large_pillar",
          "Count": 1,
          "tag": "{BlockEntityTag:{Trophy:\"trofers:rf_coil_creative_augment\"}}"
        }
      ],
      "rewardchoice": [],
      "commandrewards": []
    },
    {
      "uuid": "80853a99-a905-4405-abc0-618a97f23f38",
      "name": "创造能量元件",
      "description": "创造能量元件",
      "x": 91,
      "y": 84,
      "icon": {
        "id": "appliedenergistics2:creative_energy_cell",
        "Count": 1
      },
      "tasks": [
        {
          "type": "DETECT",
          "longDescription": "创造能量元件",
          "items": [
            {
              "item": {
                "id": "appliedenergistics2:creative_energy_cell",
                "Count": 1
              }
            }
          ]
        }
      ],
      "prerequisites": [
        "4fe2fca1-95d0-4dd6-ae98-113f91aae21d"
      ],
      "optionlinks": [],
      "reward": [
        {
          "id": "trofers:large_pillar",
          "Count": 1,
          "tag": "{BlockEntityTag:{Trophy:\"trofers:creative_energy_cell_ae2\"}}"
        }
      ],
      "rewardchoice": [],
      "commandrewards": []
    },
    {
      "uuid": "f0c9858a-7136-44a8-8e79-f5a213d3c77d",
      "name": "创造流体储罐",
      "description": "创造流体储罐",
      "x": 106,
      "y": 113,
      "icon": {
        "id": "mekanism:creative_fluid_tank",
        "Count": 1
      },
      "tasks": [
        {
          "type": "DETECT",
          "longDescription": "创造流体储罐",
          "items": [
            {
              "item": {
                "id": "mekanism:creative_fluid_tank",
                "Count": 1
              }
            }
          ]
        }
      ],
      "prerequisites": [
        "3c68062b-6ace-478a-a71e-c0d99c22d3a8"
      ],
      "optionlinks": [],
      "reward": [
        {
          "id": "trofers:large_pillar",
          "Count": 1,
          "tag": "{BlockEntityTag:{Trophy:\"trofers:creative_fluid_tank\"}}"
        }
      ],
      "rewardchoice": [],
      "commandrewards": []
    },
    {
      "uuid": "6a1128e9-8169-4ff9-b174-8318d91d16b5",
      "name": "创造改制仓室",
      "description": "创造改制仓室",
      "x": 198,
      "y": 135,
      "icon": {
        "id": "thermal:machine_catalyst_creative_augment",
        "Count": 1
      },
      "tasks": [
        {
          "type": "DETECT",
          "longDescription": "创造改制仓室",
          "items": [
            {
              "item": {
                "id": "thermal:machine_catalyst_creative_augment",
                "Count": 1
              }
            }
          ]
        }
      ],
      "prerequisites": [
        "3c68062b-6ace-478a-a71e-c0d99c22d3a8"
      ],
      "optionlinks": [],
      "reward": [
        {
          "id": "trofers:large_pillar",
          "Count": 1,
          "tag": "{BlockEntityTag:{Trophy:\"trofers:machine_catalyst_creative_augment\"}}"
        }
      ],
      "rewardchoice": [],
      "commandrewards": []
    },
    {
      "uuid": "70b675f3-bcc5-4c39-887a-308ed628c549",
      "name": "诸神黄昏奇点",
      "description": "诸神黄昏奇点",
      "x": 234,
      "y": 183,
      "icon": {
        "id": "kubejs:singu_ragnarok",
        "Count": 1
      },
      "tasks": [
        {
          "type": "DETECT",
          "longDescription": "诸神黄昏奇点",
          "items": [
            {
              "item": {
                "id": "kubejs:singu_ragnarok",
                "Count": 1
              }
            }
          ]
        }
      ],
      "prerequisites": [
        "071a3269-1d69-4561-8178-84972c663354"
      ],
      "optionlinks": [],
      "reward": [
        {
          "id": "trofers:large_pillar",
          "Count": 1,
          "tag": "{BlockEntityTag:{Trophy:\"trofers:singu_ragnarok\"}}"
        }
      ],
      "rewardchoice": [],
      "commandrewards": []
    },
    {
      "uuid": "576d15ae-a9f2-4c02-b6d2-039e8b7b5f36",
      "name": "永恒魔力池",
      "description": "永恒魔力池",
      "x": 213,
      "y": 40,
      "icon": {
        "id": "botania:creative_pool",
        "Count": 1
      },
      "tasks": [
        {
          "type": "DETECT",
          "longDescription": "永恒魔力池",
          "items": [
            {
              "item": {
                "id": "botania:creative_pool",
                "Count": 1
              }
            }
          ]
        }
      ],
      "prerequisites": [
        "3c68062b-6ace-478a-a71e-c0d99c22d3a8"
      ],
      "optionlinks": [],
      "reward": [
        {
          "id": "trofers:large_pillar",
          "Count": 1,
          "tag": "{BlockEntityTag:{Trophy:\"trofers:creative_pool\"}}"
        }
      ],
      "rewardchoice": [],
      "commandrewards": []
    },
    {
      "uuid": "b90b805d-4243-4241-a1b4-32a7fb9dd068",
      "name": "环境科技",
      "description": "环境科技",
      "x": 270,
      "y": 34,
      "icon": {
        "id": "envirocore:xerothium_interconnect",
        "Count": 1
      },
      "tasks": [
        {
          "type": "CONSUME_QDS",
          "description": "泽洛斯",
          "longDescription": "输出1000个泽洛斯连接器.",
          "items": [
            {
              "item": {
                "id": "envirocore:xerothium_interconnect",
                "Count": 1
              },
              "required": 1000
            }
          ]
        }
      ],
      "prerequisites": [
        "4cd93524-414f-4b68-96e5-83d98219864a"
      ],
      "optionlinks": [],
      "reward": [
        {
          "id": "trofers:large_pillar",
          "Count": 1,
          "tag": "{BlockEntityTag:{Trophy:\"trofers:enviro\"}}"
        }
      ],
      "rewardchoice": [],
      "commandrewards": []
    },
    {
      "uuid": "3d2df38b-70b5-40e4-88c2-1dd09abc67ee",
      "name": "创造通量提效",
      "description": "创造通量提效",
      "x": 94,
      "y": 135,
      "icon": {
        "id": "thermal:machine_efficiency_creative_augment",
        "Count": 1
      },
      "tasks": [
        {
          "type": "DETECT",
          "longDescription": "创造通量提效",
          "items": [
            {
              "item": {
                "id": "thermal:machine_efficiency_creative_augment",
                "Count": 1
              }
            }
          ]
        }
      ],
      "prerequisites": [
        "3c68062b-6ace-478a-a71e-c0d99c22d3a8"
      ],
      "optionlinks": [],
      "reward": [
        {
          "id": "trofers:large_pillar",
          "Count": 1,
          "tag": "{BlockEntityTag:{Trophy:\"trofers:machine_efficiency_creative_augment\"}}"
        }
      ],
      "rewardchoice": [],
      "commandrewards": []
    },
    {
      "uuid": "f05266ab-e71a-4ea2-a200-961abdf3741f",
      "name": "穆斯贝尔海姆奇点",
      "description": "穆斯贝尔海姆奇点",
      "x": 198,
      "y": 162,
      "icon": {
        "id": "kubejs:singu_muspelheim",
        "Count": 1
      },
      "tasks": [
        {
          "type": "DETECT",
          "longDescription": "穆斯贝尔海姆奇点",
          "items": [
            {
              "item": {
                "id": "kubejs:singu_muspelheim",
                "Count": 1
              }
            }
          ]
        }
      ],
      "prerequisites": [
        "071a3269-1d69-4561-8178-84972c663354"
      ],
      "optionlinks": [],
      "reward": [
        {
          "id": "trofers:large_pillar",
          "Count": 1,
          "tag": "{BlockEntityTag:{Trophy:\"trofers:singu_muspelheim\"}}"
        }
      ],
      "rewardchoice": [],
      "commandrewards": []
    },
    {
      "uuid": "d50ef129-cfd6-4766-a0c5-9eba197fa920",
      "name": "植物魔法",
      "description": "植物魔法",
      "x": 17,
      "y": 55,
      "icon": {
        "id": "botania:gaia_head",
        "Count": 1
      },
      "tasks": [
        {
          "type": "DETECT",
          "description": "精灵钢护甲",
          "longDescription": "制作一套精灵钢护甲.",
          "items": [
            {
              "item": {
                "id": "mythicbotany:alfsteel_helmet",
                "Count": 1,
                "tag": "{Damage:0}"
              }
            },
            {
              "item": {
                "id": "mythicbotany:alfsteel_chestplate",
                "Count": 1,
                "tag": "{Damage:0}"
              }
            },
            {
              "item": {
                "id": "mythicbotany:alfsteel_leggings",
                "Count": 1,
                "tag": "{Damage:0}"
              }
            },
            {
              "item": {
                "id": "mythicbotany:alfsteel_boots",
                "Count": 1,
                "tag": "{Damage:0}"
              }
            }
          ]
        },
        {
          "type": "KILL",
          "longDescription": "击杀盖亚守护者10次.",
          "mobs": [
            {
              "name": "盖亚守护者",
              "icon": {
                "id": "botania:gaia_head",
                "Count": 1
              },
              "mob": "botania:doppleganger",
              "kills": 10
            }
          ]
        },
        {
          "type": "CONSUME_QDS",
          "description": "液态魔力",
          "longDescription": "输出1000000mb的魔力.",
          "items": [
            {
              "fluid": {
                "fluid": "kubejs:mana",
                "volume": {
                  "d": 1,
                  "n": 1
                }
              },
              "required": 1000000
            }
          ]
        }
      ],
      "prerequisites": [
        "58d91b6f-3066-4d41-b420-a2568a5f9263"
      ],
      "optionlinks": [],
      "reward": [
        {
          "id": "trofers:large_pillar",
          "Count": 1,
          "tag": "{BlockEntityTag:{Trophy:\"trofers:gaia_guardian\"}}"
        }
      ],
      "rewardchoice": [],
      "commandrewards": []
    },
    {
      "uuid": "77569a8a-c15a-47bc-a497-91e3dda8aeda",
      "name": "永恒奇点",
      "description": "永恒奇点",
      "x": 155,
      "y": 177,
      "bigicon": true,
      "icon": {
        "id": "kubejs:eternal_singularity",
        "Count": 1
      },
      "tasks": [
        {
          "type": "DETECT",
          "longDescription": "永恒奇点",
          "items": [
            {
              "item": {
                "id": "kubejs:eternal_singularity",
                "Count": 1
              }
            }
          ]
        }
      ],
      "prerequisites": [
        "1640b971-cea8-4b5c-a449-bb826d054671",
        "f05266ab-e71a-4ea2-a200-961abdf3741f",
        "4fb68b25-1610-473e-b40b-4db405d13608",
        "76044397-36f9-4ea4-90d2-726dcb946d85",
        "4a84c269-f430-400b-ba40-875af39bc502",
        "3e47fa53-5f0e-494c-9210-a2c365ee8565",
        "7d57553b-8eaf-4f2c-9566-6acf17bab1ad",
        "25426fd8-8cda-4a2d-892d-072d9f3fd45d",
        "675dca07-e3e1-4047-881a-f981e784543f",
        "70b675f3-bcc5-4c39-887a-308ed628c549"
      ],
      "optionlinks": [],
      "reward": [
        {
          "id": "trofers:large_pillar",
          "Count": 1,
          "tag": "{BlockEntityTag:{Trophy:\"trofers:eternal_singularity\"}}"
        }
      ],
      "rewardchoice": [],
      "commandrewards": []
    },
    {
      "uuid": "ce18bfd7-579f-436e-9bb6-2280e057e3e2",
      "name": "创造能力槽",
      "description": "创造能力槽",
      "x": 183,
      "y": 63,
      "icon": {
        "id": "tconstruct:creative_slot",
        "Count": 1,
        "tag": "{slot:\"abilities\"}"
      },
      "tasks": [
        {
          "type": "DETECT",
          "longDescription": "创造能力槽",
          "items": [
            {
              "item": {
                "id": "tconstruct:creative_slot",
                "Count": 1,
                "tag": "{slot:\"abilities\"}"
              }
            }
          ]
        }
      ],
      "prerequisites": [
        "3c68062b-6ace-478a-a71e-c0d99c22d3a8"
      ],
      "optionlinks": [],
      "reward": [
        {
          "id": "trofers:large_pillar",
          "Count": 1,
          "tag": "{BlockEntityTag:{Trophy:\"trofers:creative_slot_abilities\"}}"
        }
      ],
      "rewardchoice": [],
      "commandrewards": []
    },
    {
      "uuid": "14d7cd4d-e114-4146-a692-a1bdf79a42bb",
      "name": "血魔法",
      "description": "血魔法",
      "x": 17,
      "y": 13,
      "icon": {
        "id": "bloodmagic:altar",
        "Count": 1
      },
      "tasks": [
        {
          "type": "CONSUME_QDS",
          "description": "悬幽石板",
          "longDescription": "输出1000个悬幽石板.",
          "items": [
            {
              "item": {
                "id": "bloodmagic:etherealslate",
                "Count": 1
              },
              "required": 1000
            }
          ]
        }
      ],
      "prerequisites": [
        "7d83cfc5-87d9-4dfc-8b78-a7c8ade419b5"
      ],
      "optionlinks": [],
      "reward": [
        {
          "id": "trofers:large_pillar",
          "Count": 1,
          "tag": "{BlockEntityTag:{Trophy:\"trofers:blood_magic\"}}"
        }
      ],
      "rewardchoice": [],
      "commandrewards": []
    },
    {
      "uuid": "3c68062b-6ace-478a-a71e-c0d99c22d3a8",
      "name": "创造精华",
      "description": "创造精华",
      "x": 155,
      "y": 137,
      "bigicon": true,
      "icon": {
        "id": "mysticalagradditions:creative_essence",
        "Count": 1
      },
      "tasks": [
        {
          "type": "DETECT",
          "longDescription": "创造精华",
          "items": [
            {
              "item": {
                "id": "mysticalagradditions:creative_essence",
                "Count": 1
              }
            }
          ]
        }
      ],
      "prerequisites": [
        "77569a8a-c15a-47bc-a497-91e3dda8aeda",
        "5c7288fa-4822-4d95-9e2b-af2bbf6819af"
      ],
      "optionlinks": [],
      "reward": [
        {
          "id": "trofers:large_pillar",
          "Count": 1,
          "tag": "{BlockEntityTag:{Trophy:\"trofers:creative_essence\"}}"
        }
      ],
      "rewardchoice": [],
      "commandrewards": []
    },
    {
      "uuid": "04681a63-a01b-4db9-a6af-520631341eff",
      "name": "创造离魂匕首",
      "description": "创造离魂匕首",
      "x": 133,
      "y": 63,
      "icon": {
        "id": "mysticalagriculture:creative_soulium_dagger",
        "Count": 1
      },
      "tasks": [
        {
          "type": "DETECT",
          "longDescription": "创造离魂匕首",
          "items": [
            {
              "item": {
                "id": "mysticalagriculture:creative_soulium_dagger",
                "Count": 1
              }
            }
          ]
        }
      ],
      "prerequisites": [
        "3c68062b-6ace-478a-a71e-c0d99c22d3a8"
      ],
      "optionlinks": [],
      "reward": [
        {
          "id": "trofers:large_pillar",
          "Count": 1,
          "tag": "{BlockEntityTag:{Trophy:\"trofers:creative_soulium_dagger\"}}"
        }
      ],
      "rewardchoice": [],
      "commandrewards": []
    },
    {
      "uuid": "c3e795f8-f536-4efa-b5e5-c9c6f06d0fd6",
      "name": "应用能源",
      "description": "应用能源",
      "x": 270,
      "y": 118,
      "icon": {
        "id": "chisel:futura/controller",
        "Count": 1
      },
      "tasks": [
        {
          "type": "CONSUME_QDS",
          "description": "奇点",
          "longDescription": "输出1000个奇点.",
          "items": [
            {
              "item": {
                "id": "appliedenergistics2:singularity",
                "Count": 1
              },
              "required": 1000
            }
          ]
        }
      ],
      "prerequisites": [
        "d9e89ef7-98ab-461b-b18c-6fb2c8cefaff"
      ],
      "optionlinks": [],
      "reward": [
        {
          "id": "trofers:large_pillar",
          "Count": 1,
          "tag": "{BlockEntityTag:{Trophy:\"trofers:applied\"}}"
        }
      ],
      "rewardchoice": [],
      "commandrewards": []
    },
    {
      "uuid": "7d57553b-8eaf-4f2c-9566-6acf17bab1ad",
      "name": "约顿海姆奇点",
      "description": "约顿海姆奇点",
      "x": 210,
      "y": 183,
      "icon": {
        "id": "kubejs:singu_jotunheim",
        "Count": 1
      },
      "tasks": [
        {
          "type": "DETECT",
          "longDescription": "约顿海姆奇点",
          "items": [
            {
              "item": {
                "id": "kubejs:singu_jotunheim",
                "Count": 1
              }
            }
          ]
        }
      ],
      "prerequisites": [
        "071a3269-1d69-4561-8178-84972c663354"
      ],
      "optionlinks": [],
      "reward": [
        {
          "id": "trofers:large_pillar",
          "Count": 1,
          "tag": "{BlockEntityTag:{Trophy:\"trofers:singu_jotunheim\"}}"
        }
      ],
      "rewardchoice": [],
      "commandrewards": []
    },
    {
      "uuid": "ce47e6e9-7550-4aad-aae9-726dad1cb19f",
      "name": "通用机械",
      "description": "通用机械",
      "x": 17,
      "y": 139,
      "icon": {
        "id": "mekanism:pellet_antimatter",
        "Count": 1
      },
      "tasks": [
        {
          "type": "DETECT",
          "description": "MekaSuit",
          "longDescription": "制作一套MekaSuit护甲.",
          "items": [
            {
              "item": {
                "id": "mekanism:mekasuit_helmet",
                "Count": 1,
                "tag": "{HideFlags:2}"
              }
            },
            {
              "item": {
                "id": "mekanism:mekasuit_bodyarmor",
                "Count": 1,
                "tag": "{HideFlags:2}"
              }
            },
            {
              "item": {
                "id": "mekanism:mekasuit_pants",
                "Count": 1,
                "tag": "{HideFlags:2}"
              }
            },
            {
              "item": {
                "id": "mekanism:mekasuit_boots",
                "Count": 1,
                "tag": "{HideFlags:2}"
              }
            }
          ]
        },
        {
          "type": "CONSUME_QDS",
          "description": "反物质靶丸",
          "longDescription": "输出100个反物质靶丸.",
          "items": [
            {
              "item": {
                "id": "mekanism:pellet_antimatter",
                "Count": 1
              },
              "required": 100
            }
          ]
        }
      ],
      "prerequisites": [
        "a6ed5b81-3b00-4082-bd03-8f531810d90e"
      ],
      "optionlinks": [],
      "reward": [
        {
          "id": "trofers:large_pillar",
          "Count": 1,
          "tag": "{BlockEntityTag:{Trophy:\"trofers:meka\"}}"
        }
      ],
      "rewardchoice": [],
      "commandrewards": []
    },
    {
      "uuid": "4a84c269-f430-400b-ba40-875af39bc502",
      "name": "格陵兰岛黑尔海姆奇点",
      "description": "格陵兰岛黑尔海姆奇点",
      "x": 82,
      "y": 183,
      "icon": {
        "id": "kubejs:singu_helheim",
        "Count": 1
      },
      "tasks": [
        {
          "type": "DETECT",
          "longDescription": "格陵兰岛黑尔海姆奇点",
          "items": [
            {
              "item": {
                "id": "kubejs:singu_helheim",
                "Count": 1
              }
            }
          ]
        }
      ],
      "prerequisites": [
        "071a3269-1d69-4561-8178-84972c663354"
      ],
      "optionlinks": [],
      "reward": [
        {
          "id": "trofers:large_pillar",
          "Count": 1,
          "tag": "{BlockEntityTag:{Trophy:\"trofers:singu_helheim\"}}"
        }
      ],
      "rewardchoice": [],
      "commandrewards": []
    },
    {
      "uuid": "4fe2fca1-95d0-4dd6-ae98-113f91aae21d",
      "name": "创造能量核心",
      "description": "创造能量核心",
      "x": 155,
      "y": 81,
      "bigicon": true,
      "icon": {
        "id": "kubejs:creative_energy_core",
        "Count": 1
      },
      "tasks": [
        {
          "type": "DETECT",
          "longDescription": "创造能量核心",
          "items": [
            {
              "item": {
                "id": "kubejs:creative_energy_core",
                "Count": 1
              }
            }
          ]
        }
      ],
      "prerequisites": [
        "3c68062b-6ace-478a-a71e-c0d99c22d3a8"
      ],
      "optionlinks": [],
      "reward": [
        {
          "id": "trofers:large_pillar",
          "Count": 1,
          "tag": "{BlockEntityTag:{Trophy:\"trofers:energy_core\"}}"
        }
      ],
      "rewardchoice": [],
      "commandrewards": []
    },
    {
      "uuid": "3f54a857-9d29-4bfc-91de-14abc119fcec",
      "name": "无限管道升级",
      "description": "无限管道升级",
      "x": 129,
      "y": 27,
      "icon": {
        "id": "pipez:infinity_upgrade",
        "Count": 1
      },
      "tasks": [
        {
          "type": "DETECT",
          "longDescription": "无限管道升级",
          "items": [
            {
              "item": {
                "id": "pipez:infinity_upgrade",
                "Count": 1
              }
            }
          ]
        }
      ],
      "prerequisites": [
        "3c68062b-6ace-478a-a71e-c0d99c22d3a8"
      ],
      "optionlinks": [],
      "reward": [
        {
          "id": "trofers:large_pillar",
          "Count": 1,
          "tag": "{BlockEntityTag:{Trophy:\"trofers:infinity_upgrade\"}}"
        }
      ],
      "rewardchoice": [],
      "commandrewards": []
    },
    {
      "uuid": "a7755c37-703a-447d-8375-e66a9b8a51c6",
      "name": "热力系列",
      "description": "热力系列",
      "x": 45,
      "y": 76,
      "icon": {
        "id": "thermal:upgrade_augment_3",
        "Count": 1
      },
      "tasks": [
        {
          "type": "CONSUME_QDS",
          "description": "谐振升级",
          "longDescription": "输出1000个光辉石整合组件.",
          "items": [
            {
              "item": {
                "id": "thermal:upgrade_augment_3",
                "Count": 1
              },
              "required": 1000
            }
          ]
        }
      ],
      "prerequisites": [
        "0c97f597-31b3-448d-833d-1ea795dae737"
      ],
      "optionlinks": [],
      "reward": [
        {
          "id": "trofers:large_pillar",
          "Count": 1,
          "tag": "{BlockEntityTag:{Trophy:\"trofers:thermal\"}}"
        }
      ],
      "rewardchoice": [],
      "commandrewards": []
    },
    {
      "uuid": "64466a13-4ebb-42a1-88a4-323f33fa67f7",
      "name": "Powah",
      "description": "Powah",
      "x": 17,
      "y": 97,
      "icon": {
        "id": "powah:capacitor_nitro",
        "Count": 1
      },
      "tasks": [
        {
          "type": "CONSUME_QDS",
          "description": "下界电容",
          "longDescription": "输出1000个下界电容.",
          "items": [
            {
              "item": {
                "id": "powah:capacitor_nitro",
                "Count": 1
              },
              "required": 1000
            }
          ]
        }
      ],
      "prerequisites": [
        "01b37186-0e22-434b-b281-f2fd597ab373"
      ],
      "optionlinks": [],
      "reward": [
        {
          "id": "trofers:large_pillar",
          "Count": 1,
          "tag": "{BlockEntityTag:{Trophy:\"trofers:powah\"}}"
        }
      ],
      "rewardchoice": [],
      "commandrewards": []
    },
    {
      "uuid": "326b8b30-5b39-4dd3-92db-eecd13dfd322",
      "name": "创造电容器",
      "description": "创造电容器",
      "x": 197,
      "y": 84,
      "icon": {
        "id": "draconicevolution:creative_capacitor",
        "Count": 1,
        "tag": "{}"
      },
      "tasks": [
        {
          "type": "DETECT",
          "longDescription": "创造电容器",
          "items": [
            {
              "item": {
                "id": "draconicevolution:creative_capacitor",
                "Count": 1,
                "tag": "{}"
              },
              "precision": "NBT_FUZZY"
            }
          ]
        }
      ],
      "prerequisites": [
        "4fe2fca1-95d0-4dd6-ae98-113f91aae21d"
      ],
      "optionlinks": [],
      "reward": [
        {
          "id": "trofers:large_pillar",
          "Count": 1,
          "tag": "{BlockEntityTag:{Trophy:\"trofers:creative_capacitor_draco\"}}"
        }
      ],
      "rewardchoice": [],
      "commandrewards": []
    },
    {
      "uuid": "4fb68b25-1610-473e-b40b-4db405d13608",
      "name": "阿斯加德奇点",
      "description": "阿斯加德奇点",
      "x": 130,
      "y": 183,
      "icon": {
        "id": "kubejs:singu_asgard",
        "Count": 1
      },
      "tasks": [
        {
          "type": "DETECT",
          "longDescription": "阿斯加德奇点",
          "items": [
            {
              "item": {
                "id": "kubejs:singu_asgard",
                "Count": 1
              }
            }
          ]
        }
      ],
      "prerequisites": [
        "071a3269-1d69-4561-8178-84972c663354"
      ],
      "optionlinks": [],
      "reward": [
        {
          "id": "trofers:large_pillar",
          "Count": 1,
          "tag": "{BlockEntityTag:{Trophy:\"trofers:singu_asgard\"}}"
        }
      ],
      "rewardchoice": [],
      "commandrewards": []
    },
    {
      "uuid": "675dca07-e3e1-4047-881a-f981e784543f",
      "name": "尼德威阿尔奇点",
      "description": "尼德威阿尔奇点",
      "x": 106,
      "y": 183,
      "icon": {
        "id": "kubejs:singu_nidavellir",
        "Count": 1
      },
      "tasks": [
        {
          "type": "DETECT",
          "longDescription": "尼德威阿尔奇点",
          "items": [
            {
              "item": {
                "id": "kubejs:singu_nidavellir",
                "Count": 1
              }
            }
          ]
        }
      ],
      "prerequisites": [
        "071a3269-1d69-4561-8178-84972c663354"
      ],
      "optionlinks": [],
      "reward": [
        {
          "id": "trofers:large_pillar",
          "Count": 1,
          "tag": "{BlockEntityTag:{Trophy:\"trofers:singu_nidavellir\"}}"
        }
      ],
      "rewardchoice": [],
      "commandrewards": []
    },
    {
      "uuid": "76044397-36f9-4ea4-90d2-726dcb946d85",
      "name": "尼福尔海姆奇点",
      "description": "尼福尔海姆奇点",
      "x": 186,
      "y": 182,
      "icon": {
        "id": "kubejs:singu_niflheim",
        "Count": 1
      },
      "tasks": [
        {
          "type": "DETECT",
          "longDescription": "尼福尔海姆奇点",
          "items": [
            {
              "item": {
                "id": "kubejs:singu_niflheim",
                "Count": 1
              }
            }
          ]
        }
      ],
      "prerequisites": [
        "071a3269-1d69-4561-8178-84972c663354"
      ],
      "optionlinks": [],
      "reward": [
        {
          "id": "trofers:large_pillar",
          "Count": 1,
          "tag": "{BlockEntityTag:{Trophy:\"trofers:singu_niflheim\"}}"
        }
      ],
      "rewardchoice": [],
      "commandrewards": []
    },
    {
      "uuid": "cdc9c02d-fced-4756-912e-b648bdc76d9c",
      "name": "创造储罐建构",
      "description": "创造储罐建构",
      "x": 222,
      "y": 135,
      "icon": {
        "id": "thermal:fluid_tank_creative_augment",
        "Count": 1
      },
      "tasks": [
        {
          "type": "DETECT",
          "longDescription": "创造储罐建构",
          "items": [
            {
              "item": {
                "id": "thermal:fluid_tank_creative_augment",
                "Count": 1
              }
            }
          ]
        }
      ],
      "prerequisites": [
        "3c68062b-6ace-478a-a71e-c0d99c22d3a8"
      ],
      "optionlinks": [],
      "reward": [
        {
          "id": "trofers:large_pillar",
          "Count": 1,
          "tag": "{BlockEntityTag:{Trophy:\"trofers:fluid_tank_creative_augment\"}}"
        }
      ],
      "rewardchoice": [],
      "commandrewards": []
    },
    {
      "uuid": "3002d80a-023b-4bd3-9942-53d75176f9e1",
      "name": "任务提交系统",
      "description": "它是如何工作的?",
      "x": 28,
      "y": 180,
      "bigicon": true,
      "icon": {
        "id": "hardcorequesting:item_barrel",
        "Count": 1
      },
      "tasks": [
        {
          "type": "DETECT",
          "description": "QDS",
          "longDescription": "这个任务提交系统(QDS)是用来为一个选定的任务提供一定数量的物品的..\n它与一个漏斗一起工作,可以用于提交物品.\n\n你首先必须在你的书选择你想自动提交的任务,然后对QDS右键使其上出现一个蘑菇.",
          "items": [
            {
              "item": {
                "id": "hardcorequesting:item_barrel",
                "Count": 1
              }
            }
          ]
        }
      ],
      "prerequisites": [
        "7598d112-e838-4e46-a916-20ebc3530a81"
      ],
      "optionlinks": [],
      "reward": [
        {
          "id": "hardcorequesting:item_barrel",
          "Count": 1
        }
      ],
      "rewardchoice": [],
      "commandrewards": []
    },
    {
      "uuid": "80aa872d-d7db-4dde-b9c2-6a4772b92a58",
      "name": "工业先锋",
      "description": "工业先锋",
      "x": 298,
      "y": 13,
      "icon": {
        "id": "industrialforegoing:plastic",
        "Count": 1
      },
      "tasks": [
        {
          "type": "CONSUME_QDS",
          "description": "塑料片",
          "longDescription": "输出1000个塑料片.",
          "items": [
            {
              "item": {
                "id": "industrialforegoing:plastic",
                "Count": 1
              },
              "required": 1000
            }
          ]
        }
      ],
      "prerequisites": [
        "95897869-1df2-43fb-aadd-0d8f427bc38c"
      ],
      "optionlinks": [],
      "reward": [
        {
          "id": "trofers:large_pillar",
          "Count": 1,
          "tag": "{BlockEntityTag:{Trophy:\"trofers:industrial\"}}"
        }
      ],
      "rewardchoice": [],
      "commandrewards": []
    },
    {
      "uuid": "754fa50e-cf36-4570-bdd6-595751a81140",
      "name": "所有的锭",
      "description": "所有的锭",
      "x": 298,
      "y": 139,
      "icon": {
        "id": "extendedcrafting:the_ultimate_block",
        "Count": 1
      },
      "tasks": [
        {
          "type": "CONSUME_QDS",
          "description": "终极锭",
          "longDescription": "输出100个终极锭.",
          "items": [
            {
              "item": {
                "id": "extendedcrafting:the_ultimate_ingot",
                "Count": 1
              },
              "required": 100
            }
          ]
        }
      ],
      "prerequisites": [
        "d7b689f6-59ee-4ee0-ace5-5c53cab6184f"
      ],
      "optionlinks": [],
      "reward": [
        {
          "id": "trofers:large_pillar",
          "Count": 1,
          "tag": "{BlockEntityTag:{Trophy:\"trofers:ultimate\"}}"
        }
      ],
      "rewardchoice": [],
      "commandrewards": []
    },
    {
      "uuid": "f9431140-bb1e-4072-ad1a-863b578cc433",
      "name": "维度能量单元(创造)",
      "description": "维度能量单元(创造)",
      "x": 225,
      "y": 83,
      "icon": {
        "id": "rftoolspower:dimensionalcell_creative",
        "Count": 1
      },
      "tasks": [
        {
          "type": "DETECT",
          "longDescription": "维度能量单元(创造)",
          "items": [
            {
              "item": {
                "id": "rftoolspower:dimensionalcell_creative",
                "Count": 1
              }
            }
          ]
        }
      ],
      "prerequisites": [
        "4fe2fca1-95d0-4dd6-ae98-113f91aae21d"
      ],
      "optionlinks": [],
      "reward": [
        {
          "id": "trofers:large_pillar",
          "Count": 1,
          "tag": "{BlockEntityTag:{Trophy:\"trofers:creative_energy_cell_rftool\"}}"
        }
      ],
      "rewardchoice": [],
      "commandrewards": []
    },
    {
      "uuid": "9acddaaf-21df-4ec7-ad67-cf752e2d1037",
      "name": "创造电容器",
      "description": "创造电容器",
      "x": 119,
      "y": 84,
      "icon": {
        "id": "immersiveengineering:capacitor_creative",
        "Count": 1
      },
      "tasks": [
        {
          "type": "DETECT",
          "longDescription": "创造电容器",
          "items": [
            {
              "item": {
                "id": "immersiveengineering:capacitor_creative",
                "Count": 1
              }
            }
          ]
        }
      ],
      "prerequisites": [
        "4fe2fca1-95d0-4dd6-ae98-113f91aae21d"
      ],
      "optionlinks": [],
      "reward": [
        {
          "id": "trofers:large_pillar",
          "Count": 1,
          "tag": "{BlockEntityTag:{Trophy:\"trofers:creative_capacitor_immersive\"}}"
        }
      ],
      "rewardchoice": [],
      "commandrewards": []
    },
    {
      "uuid": "5c7288fa-4822-4d95-9e2b-af2bbf6819af",
      "name": "终极锭",
      "description": "终极锭",
      "x": 137,
      "y": 108,
      "icon": {
        "id": "extendedcrafting:the_ultimate_ingot",
        "Count": 1
      },
      "tasks": [
        {
          "type": "DETECT",
          "longDescription": "终极锭",
          "items": [
            {
              "item": {
                "id": "extendedcrafting:the_ultimate_ingot",
                "Count": 1
              }
            }
          ]
        }
      ],
      "prerequisites": [
        "dabc6785-b1d8-4ea3-b4a5-4f9e53cec67a"
      ],
      "optionlinks": [],
      "reward": [
        {
          "id": "trofers:large_pillar",
          "Count": 1,
          "tag": "{BlockEntityTag:{Trophy:\"trofers:the_ultimate_ingot\"}}"
        }
      ],
      "rewardchoice": [],
      "commandrewards": []
    },
    {
      "uuid": "1640b971-cea8-4b5c-a449-bb826d054671",
      "name": "亚尔夫海姆奇点",
      "description": "亚尔夫海姆奇点",
      "x": 118,
      "y": 162,
      "icon": {
        "id": "kubejs:singu_alfheim",
        "Count": 1
      },
      "tasks": [
        {
          "type": "DETECT",
          "longDescription": "亚尔夫海姆奇点",
          "items": [
            {
              "item": {
                "id": "kubejs:singu_alfheim",
                "Count": 1
              }
            }
          ]
        }
      ],
      "prerequisites": [
        "071a3269-1d69-4561-8178-84972c663354"
      ],
      "optionlinks": [],
      "reward": [
        {
          "id": "trofers:large_pillar",
          "Count": 1,
          "tag": "{BlockEntityTag:{Trophy:\"trofers:singu_alfheim\"}}"
        }
      ],
      "rewardchoice": [],
      "commandrewards": []
    },
    {
      "uuid": "38d587d7-ea5e-4941-b917-018fa0b901c6",
      "name": "龙之进化",
      "description": "龙之进化",
      "x": 270,
      "y": 76,
      "icon": {
        "id": "draconicevolution:chaotic_staff",
        "Count": 1
      },
      "tasks": [
        {
          "type": "KILL",
          "description": "混沌守卫",
          "longDescription": "击败混沌守卫.",
          "mobs": [
            {
              "name": "Chaos Gardian",
              "icon": {
                "id": "draconicevolution:chaos_shard",
                "Count": 1
              },
              "mob": "draconicevolution:draconic_guardian",
              "kills": 1
            }
          ]
        },
        {
          "type": "DETECT",
          "description": "混沌物品",
          "longDescription": "制作一些混沌物品.",
          "items": [
            {
              "item": {
                "id": "draconicevolution:chaotic_staff",
                "Count": 1
              },
              "precision": "NBT_FUZZY"
            },
            {
              "item": {
                "id": "draconicevolution:chaotic_bow",
                "Count": 1
              },
              "precision": "NBT_FUZZY"
            },
            {
              "item": {
                "id": "draconicevolution:chaotic_chestpiece",
                "Count": 1
              },
              "precision": "NBT_FUZZY"
            }
          ]
        },
        {
          "type": "CONSUME_QDS",
          "description": "混沌核心",
          "longDescription": "输出100个混沌核心.",
          "items": [
            {
              "item": {
                "id": "draconicevolution:chaotic_core",
                "Count": 1
              },
              "required": 100
            }
          ]
        }
      ],
      "prerequisites": [
        "d2a50fac-9d3a-484f-ba95-d8e1132f714a"
      ],
      "optionlinks": [],
      "reward": [
        {
          "id": "trofers:large_pillar",
          "Count": 1,
          "tag": "{BlockEntityTag:{Trophy:\"trofers:draco\"}}"
        }
      ],
      "rewardchoice": [],
      "commandrewards": []
    },
    {
      "uuid": "7efe17b7-d5a5-406d-8e73-e1b0c7c3437a",
      "name": "创造升级槽",
      "description": "创造升级槽",
      "x": 187,
      "y": 27,
      "icon": {
        "id": "tconstruct:creative_slot",
        "Count": 1,
        "tag": "{slot:\"upgrades\"}"
      },
      "tasks": [
        {
          "type": "DETECT",
          "longDescription": "创造升级槽",
          "items": [
            {
              "item": {
                "id": "tconstruct:creative_slot",
                "Count": 1,
                "tag": "{slot:\"upgrades\"}"
              }
            }
          ]
        }
      ],
      "prerequisites": [
        "3c68062b-6ace-478a-a71e-c0d99c22d3a8"
      ],
      "optionlinks": [],
      "reward": [
        {
          "id": "trofers:large_pillar",
          "Count": 1,
          "tag": "{BlockEntityTag:{Trophy:\"trofers:creative_slot_upgrades\"}}"
        }
      ],
      "rewardchoice": [],
      "commandrewards": []
    },
    {
      "uuid": "35bea438-1ed7-44cc-a044-a93c6a44c6dd",
      "name": "创造马达",
      "description": "创造马达",
      "x": 155,
      "y": 13,
      "bigicon": true,
      "icon": {
        "id": "create:creative_motor",
        "Count": 1
      },
      "tasks": [
        {
          "type": "DETECT",
          "longDescription": "创造马达",
          "items": [
            {
              "item": {
                "id": "create:creative_motor",
                "Count": 1
              }
            }
          ]
        }
      ],
      "prerequisites": [
        "3c68062b-6ace-478a-a71e-c0d99c22d3a8"
      ],
      "optionlinks": [],
      "reward": [
        {
          "id": "trofers:large_pillar",
          "Count": 1,
          "tag": "{BlockEntityTag:{Trophy:\"trofers:creative_motor\"}}"
        }
      ],
      "rewardchoice": [],
      "commandrewards": []
    },
    {
      "uuid": "db70adaa-510d-4eff-81bd-e67a2eeaf9f9",
      "name": "创造模式取出升级",
      "description": "创造模式取出升级",
      "x": 102,
      "y": 41,
      "icon": {
        "id": "storagedrawers:creative_vending_upgrade",
        "Count": 1
      },
      "tasks": [
        {
          "type": "DETECT",
          "longDescription": "创造模式取出升级",
          "items": [
            {
              "item": {
                "id": "storagedrawers:creative_vending_upgrade",
                "Count": 1
              }
            }
          ]
        }
      ],
      "prerequisites": [
        "3c68062b-6ace-478a-a71e-c0d99c22d3a8"
      ],
      "optionlinks": [],
      "reward": [
        {
          "id": "trofers:large_pillar",
          "Count": 1,
          "tag": "{BlockEntityTag:{Trophy:\"trofers:creative_vending_upgrade\"}}"
        }
      ],
      "rewardchoice": [],
      "commandrewards": []
    },
    {
      "uuid": "d48fa7cd-dd27-4ffc-ac9a-139040cc3720",
      "name": "创造烈焰蛋糕",
      "description": "创造烈焰蛋糕",
      "x": 180,
      "y": 109,
      "icon": {
        "id": "create:creative_blaze_cake",
        "Count": 1
      },
      "tasks": [
        {
          "type": "DETECT",
          "longDescription": "创造烈焰蛋糕",
          "items": [
            {
              "item": {
                "id": "create:creative_blaze_cake",
                "Count": 1
              }
            }
          ]
        }
      ],
      "prerequisites": [
        "3c68062b-6ace-478a-a71e-c0d99c22d3a8"
      ],
      "optionlinks": [],
      "reward": [
        {
          "id": "trofers:large_pillar",
          "Count": 1,
          "tag": "{BlockEntityTag:{Trophy:\"trofers:creative_blaze_cake\"}}"
        }
      ],
      "rewardchoice": [],
      "commandrewards": []
    }
  ],
  "reputationBar": [],
  "description": "这个章节只是给你一些需要完成目标.\n\n随心所欲地制作它们.\n\n此外,如果你不使用创造模式取出升级来实现这些目标会更有趣,但这取决于你!"
}