{
  "name": "发展线",
  "quests": [
    {
      "uuid": "6d6129cb-6e81-46d8-9885-41027545c5f0",
      "name": "热力的机械框架",
      "description": "热力的机械框架",
      "x": 156,
      "y": 145,
      "icon": {
        "id": "thermal:machine_frame",
        "Count": 1
      },
      "tasks": [
        {
          "type": "DETECT",
          "longDescription": "这个热力的机械框架用来制作热力的一系列机器和制作通用机械的钢质机壳.",
          "items": [
            {
              "item": {
                "id": "thermal:machine_frame",
                "Count": 1
              }
            }
          ]
        }
      ],
      "prerequisites": [
        "2515739f-6f7c-4119-8aa2-63024f576193"
      ],
      "optionlinks": [],
      "reward": [
        {
          "id": "createaddition:overcharged_alloy",
          "Count": 1
        }
      ],
      "rewardchoice": [],
      "commandrewards": []
    },
    {
      "uuid": "d7b689f6-59ee-4ee0-ace5-5c53cab6184f",
      "name": "黑铁锭",
      "description": "黑铁锭",
      "x": 199,
      "y": 14,
      "icon": {
        "id": "extendedcrafting:black_iron_ingot",
        "Count": 1
      },
      "tasks": [
        {
          "type": "DETECT",
          "longDescription": "只需在锭铸模中铸造熔融黑铁,即可获得黑铁锭.\n这种锭子在每一个合成拓展的制造中都会用到.",
          "items": [
            {
              "item": {
                "id": "extendedcrafting:black_iron_ingot",
                "Count": 1
              }
            }
          ]
        }
      ],
      "prerequisites": [
        "dabc6785-b1d8-4ea3-b4a5-4f9e53cec67a"
      ],
      "optionlinks": [],
      "reward": [
        {
          "id": "extendedcrafting:black_iron_ingot",
          "Count": 1
        }
      ],
      "rewardchoice": [],
      "commandrewards": []
    },
    {
      "uuid": "7d83cfc5-87d9-4dfc-8b78-a7c8ade419b5",
      "name": "悬幽石板",
      "description": "悬幽石板",
      "x": 33,
      "y": 113,
      "icon": {
        "id": "bloodmagic:etherealslate",
        "Count": 1
      },
      "tasks": [
        {
          "type": "DETECT",
          "longDescription": "悬幽石板被用来制作通用机械的机器和制作神话植物学的符文.",
          "items": [
            {
              "item": {
                "id": "bloodmagic:etherealslate",
                "Count": 1
              }
            }
          ]
        }
      ],
      "prerequisites": [
        "9d5ba1be-84ac-4eab-9b21-6cfafb018a23"
      ],
      "optionlinks": [],
      "reward": [
        {
          "id": "bloodmagic:etherealslate",
          "Count": 1
        }
      ],
      "rewardchoice": [],
      "commandrewards": []
    },
    {
      "uuid": "ba107e9d-a046-4ecb-bf3a-0dc9db8e0f7a",
      "name": "开启加热功能",
      "description": "开启加热功能",
      "x": 66,
      "y": 13,
      "icon": {
        "id": "create:blaze_burner",
        "Count": 1
      },
      "tasks": [
        {
          "type": "DETECT",
          "longDescription": "要获得烈焰人燃烧室,你需要用一个空的烈焰人燃烧室捕获一个烈焰人.\n有了它你可以开始加工合金,制造蒸馏水,获得下界合金,为传送蛋糕制作糖霜,并开启植物魔法的大门.",
          "items": [
            {
              "item": {
                "id": "create:blaze_burner",
                "Count": 1
              }
            }
          ]
        }
      ],
      "prerequisites": [
        "7a59e3a6-cdd3-4ffb-9864-7ba8555e042b"
      ],
      "optionlinks": [],
      "reward": [
        {
          "id": "outvoted:wildfire_piece",
          "Count": 1
        }
      ],
      "rewardchoice": [],
      "commandrewards": []
    },
    {
      "uuid": "0c97f597-31b3-448d-833d-1ea795dae737",
      "name": "集成电路板",
      "description": "集成电路板",
      "x": 100,
      "y": 47,
      "icon": {
        "id": "kubejs:integrated_circuit",
        "Count": 1
      },
      "tasks": [
        {
          "type": "DETECT",
          "longDescription": "在动力合成的帮助下,你可以制作集成电路板,这在沉浸工程的大部分工程块中需要使用.",
          "items": [
            {
              "item": {
                "id": "kubejs:integrated_circuit",
                "Count": 1
              }
            }
          ]
        }
      ],
      "prerequisites": [
        "ba107e9d-a046-4ecb-bf3a-0dc9db8e0f7a"
      ],
      "optionlinks": [],
      "reward": [
        {
          "id": "projectred-core:red_ingot",
          "Count": 16
        }
      ],
      "rewardchoice": [],
      "commandrewards": []
    },
    {
      "uuid": "e15e1694-2c6e-4467-abc6-f7ab589c6c78",
      "name": "虚空采掘器",
      "description": "虚空采掘器",
      "x": 199,
      "y": 139,
      "icon": {
        "id": "envirotech:litherite_void_miner_ccu",
        "Count": 1
      },
      "tasks": [
        {
          "type": "DETECT",
          "longDescription": "莱泽尔虚空采掘机是虚空采掘机的第一级,需要塑料来制作.\n你需要通过环境科技的所有等级来获得泽洛斯.",
          "items": [
            {
              "item": {
                "id": "envirotech:litherite_void_miner_ccu",
                "Count": 1
              }
            }
          ]
        }
      ],
      "prerequisites": [
        "db0a84d4-bfe8-4b67-821a-23e295c31309"
      ],
      "optionlinks": [],
      "reward": [
        {
          "id": "envirocore:litherite",
          "Count": 1
        }
      ],
      "rewardchoice": [],
      "commandrewards": []
    },
    {
      "uuid": "2515739f-6f7c-4119-8aa2-63024f576193",
      "name": "超级机器框架",
      "description": "超级机器框架",
      "x": 168,
      "y": 113,
      "icon": {
        "id": "industrialforegoing:machine_frame_supreme",
        "Count": 1
      },
      "tasks": [
        {
          "type": "DETECT",
          "longDescription": "超级机器框架可以用来制作凋零生成器, 制作自动刷怪机和热力的机械框架.",
          "items": [
            {
              "item": {
                "id": "industrialforegoing:machine_frame_supreme",
                "Count": 1
              }
            }
          ]
        }
      ],
      "prerequisites": [
        "b9a4df6a-aa7c-4bf8-a254-69a7dc342ce4"
      ],
      "optionlinks": [],
      "reward": [
        {
          "id": "industrialforegoing:ether_gas_bucket",
          "Count": 1
        }
      ],
      "rewardchoice": [],
      "commandrewards": []
    },
    {
      "uuid": "95897869-1df2-43fb-aadd-0d8f427bc38c",
      "name": "低级机器框架",
      "description": "低级机器框架",
      "x": 168,
      "y": 13,
      "icon": {
        "id": "industrialforegoing:machine_frame_pity",
        "Count": 1
      },
      "tasks": [
        {
          "type": "DETECT",
          "longDescription": "低级机器框架是男人用来制作中级机器框架, 但你可以用它做一些机器.像是胶乳加工机, 溶解室, 流体和方块放置器或者物品和流体传送器.",
          "items": [
            {
              "item": {
                "id": "industrialforegoing:machine_frame_pity",
                "Count": 1
              }
            }
          ]
        }
      ],
      "prerequisites": [
        "302b707b-d847-4cd6-888c-adafe66e4317"
      ],
      "optionlinks": [],
      "reward": [
        {
          "id": "extendedcrafting:redstone_ingot_block",
          "Count": 1
        }
      ],
      "rewardchoice": [],
      "commandrewards": []
    },
    {
      "uuid": "dabc6785-b1d8-4ea3-b4a5-4f9e53cec67a",
      "name": "熔融黑铁",
      "description": "熔融黑铁",
      "x": 199,
      "y": 58,
      "icon": {
        "id": "kubejs:molten_black_iron_bucket",
        "Count": 1
      },
      "tasks": [
        {
          "type": "DETECT",
          "longDescription": "为了得到熔化的黑铁,你需要混合硫酸, 熔融下界合金, 以太粉, 污浊铁粉还有高定向热解石墨粉用烈焰人燃烧室超级加热 !",
          "items": [
            {
              "item": {
                "id": "kubejs:molten_black_iron_bucket",
                "Count": 1
              }
            }
          ]
        }
      ],
      "prerequisites": [
        "b9bed65e-5f34-4ce6-aa2c-890079a06b45"
      ],
      "optionlinks": [],
      "reward": [
        {
          "id": "kubejs:molten_black_iron_bucket",
          "Count": 1
        }
      ],
      "rewardchoice": [],
      "commandrewards": []
    },
    {
      "uuid": "59850d82-1f15-4408-a122-af49ca44c87b",
      "name": "无限的维度",
      "description": "无限的维度",
      "x": 286,
      "y": 13,
      "bigicon": true,
      "icon": {
        "id": "rftoolsdim:empty_dimension_tab",
        "Count": 1
      },
      "tasks": [
        {
          "type": "DETECT",
          "longDescription": "空白维度表用于用RFTools创建维度,但你需要先把混沌守护打得落花流水!\n\n祝你好运,你会需要它的.",
          "items": [
            {
              "item": {
                "id": "rftoolsdim:empty_dimension_tab",
                "Count": 1
              }
            }
          ]
        }
      ],
      "prerequisites": [
        "d2a50fac-9d3a-484f-ba95-d8e1132f714a"
      ],
      "optionlinks": [],
      "reward": [
        {
          "id": "draconicevolution:large_chaos_frag",
          "Count": 1
        }
      ],
      "rewardchoice": [],
      "commandrewards": []
    },
    {
      "uuid": "37174a27-074c-4738-bcb2-eda2d75bd7d8",
      "name": "快进到活化水晶",
      "description": "快进到活化水晶",
      "x": 20,
      "y": 179,
      "bigicon": true,
      "icon": {
        "id": "mysticalagriculture:prosperity_shard",
        "Count": 1
      },
      "tasks": [
        {
          "type": "DETECT",
          "longDescription": "是的,活化水晶碎片太贵了,但你可以无限地复制这个碎片,最后你可以开始通过神秘农业获得资源.\n\n译者小贴士:复制路线:粉碎-搅拌-注液",
          "items": [
            {
              "item": {
                "id": "mysticalagriculture:prosperity_shard",
                "Count": 1
              }
            }
          ]
        }
      ],
      "prerequisites": [
        "a6ed5b81-3b00-4082-bd03-8f531810d90e"
      ],
      "optionlinks": [],
      "reward": [
        {
          "id": "kubejs:prosperity_dust",
          "Count": 1
        }
      ],
      "rewardchoice": [],
      "commandrewards": []
    },
    {
      "uuid": "b1506a5c-ede5-4699-a967-f0d4454c8e16",
      "name": "高炉",
      "description": "高炉",
      "x": 100,
      "y": 13,
      "icon": {
        "id": "immersiveengineering:blast_furnace",
        "Count": 1
      },
      "tasks": [
        {
          "type": "DETECT",
          "longDescription": "有了高炉,你就可以开始炼钢了.",
          "items": [
            {
              "item": {
                "id": "immersiveengineering:blastbrick",
                "Count": 1
              },
              "required": 27
            },
            {
              "item": {
                "id": "mekanism:ingot_steel",
                "Count": 1
              }
            }
          ]
        }
      ],
      "prerequisites": [
        "ba107e9d-a046-4ecb-bf3a-0dc9db8e0f7a"
      ],
      "optionlinks": [],
      "reward": [
        {
          "id": "mekanism:ingot_steel",
          "Count": 8
        }
      ],
      "rewardchoice": [],
      "commandrewards": []
    },
    {
      "uuid": "302b707b-d847-4cd6-888c-adafe66e4317",
      "name": "重型工程块",
      "description": "重型工程块",
      "x": 134,
      "y": 13,
      "icon": {
        "id": "immersiveengineering:heavy_engineering",
        "Count": 1
      },
      "tasks": [
        {
          "type": "DETECT",
          "longDescription": "重型工程块用来制作低级机器框架.",
          "items": [
            {
              "item": {
                "id": "immersiveengineering:heavy_engineering",
                "Count": 1
              }
            }
          ]
        }
      ],
      "prerequisites": [
        "b1506a5c-ede5-4699-a967-f0d4454c8e16",
        "0c97f597-31b3-448d-833d-1ea795dae737"
      ],
      "optionlinks": [],
      "reward": [
        {
          "id": "kubejs:integrated_circuit",
          "Count": 1
        }
      ],
      "rewardchoice": [],
      "commandrewards": []
    },
    {
      "uuid": "58d91b6f-3066-4d41-b420-a2568a5f9263",
      "name": "美丽的鲜花",
      "description": "美丽的鲜花",
      "x": 66,
      "y": 50,
      "icon": {
        "id": "botania:fertilizer",
        "Count": 1
      },
      "tasks": [
        {
          "type": "DETECT",
          "longDescription": "花肥是用来在草方块上刷神秘花的.",
          "items": [
            {
              "item": {
                "id": "botania:fertilizer",
                "Count": 1
              }
            }
          ]
        }
      ],
      "prerequisites": [
        "ba107e9d-a046-4ecb-bf3a-0dc9db8e0f7a"
      ],
      "optionlinks": [],
      "reward": [
        {
          "id": "minecraft:bone_block",
          "Count": 8
        }
      ],
      "rewardchoice": [],
      "commandrewards": []
    },
    {
      "uuid": "9d5ba1be-84ac-4eab-9b21-6cfafb018a23",
      "name": "流血时间",
      "description": "流血时间",
      "x": 19,
      "y": 83,
      "icon": {
        "id": "bloodmagic:altar",
        "Count": 1
      },
      "tasks": [
        {
          "type": "DETECT",
          "longDescription": "为了在植物魔法取得进展并进入亚尔夫海姆维度,你需要深入研究血魔法.",
          "items": [
            {
              "item": {
                "id": "bloodmagic:altar",
                "Count": 1
              }
            }
          ]
        }
      ],
      "prerequisites": [
        "73c2591a-4050-475f-a4e8-38c8ae1dd531"
      ],
      "optionlinks": [],
      "reward": [
        {
          "id": "bloodmagic:life_essence_bucket",
          "Count": 1
        }
      ],
      "rewardchoice": [],
      "commandrewards": []
    },
    {
      "uuid": "73c2591a-4050-475f-a4e8-38c8ae1dd531",
      "name": "活的物品",
      "description": "活的物品",
      "x": 31,
      "y": 50,
      "icon": {
        "id": "botania:livingrock",
        "Count": 1
      },
      "tasks": [
        {
          "type": "DETECT",
          "longDescription": "要获得活石和活木,你必须前往末地找到正确生物群落,在那里会找到以太石和以太木.",
          "items": [
            {
              "item": {
                "id": "botania:livingrock",
                "Count": 1
              },
              "required": 16
            },
            {
              "item": {
                "id": "botania:livingwood",
                "Count": 1
              },
              "required": 16
            }
          ]
        }
      ],
      "prerequisites": [
        "58d91b6f-3066-4d41-b420-a2568a5f9263"
      ],
      "optionlinks": [],
      "reward": [
        {
          "id": "botania:livingrock",
          "Count": 16
        },
        {
          "id": "botania:livingwood",
          "Count": 16
        }
      ],
      "rewardchoice": [],
      "commandrewards": []
    },
    {
      "uuid": "d9e89ef7-98ab-461b-b18c-6fb2c8cefaff",
      "name": "ME控制器",
      "description": "ME控制器",
      "x": 286,
      "y": 111,
      "bigicon": true,
      "icon": {
        "id": "appliedenergistics2:controller",
        "Count": 1
      },
      "tasks": [
        {
          "type": "DETECT",
          "longDescription": "AE的圣杯.要得到这些东西需要很多努力,但是值得一试.",
          "items": [
            {
              "item": {
                "id": "appliedenergistics2:controller",
                "Count": 1
              }
            }
          ]
        }
      ],
      "prerequisites": [
        "6d9f0eda-15ea-4feb-b468-703c93f4af97"
      ],
      "optionlinks": [],
      "reward": [
        {
          "id": "appliedenergistics2:64k_storage_cell",
          "Count": 1,
          "tag": "{}"
        }
      ],
      "rewardchoice": [],
      "commandrewards": []
    },
    {
      "uuid": "a6ed5b81-3b00-4082-bd03-8f531810d90e",
      "name": "Finally Polonium",
      "description": "Finally Polonium",
      "x": 83,
      "y": 182,
      "icon": {
        "id": "mekanism:pellet_polonium",
        "Count": 1
      },
      "tasks": [
        {
          "type": "DETECT",
          "longDescription": "现在你在亚尔夫海姆维度,你终于可以有阳光来使用太阳中子激活器制造钋了!",
          "items": [
            {
              "item": {
                "id": "mekanism:pellet_polonium",
                "Count": 1
              }
            }
          ]
        }
      ],
      "prerequisites": [
        "cf6e3e85-5e62-4e7c-8c56-9101ec35673d",
        "55a878f2-1b2e-4de4-ad20-61d4be9e8d0d"
      ],
      "optionlinks": [],
      "reward": [
        {
          "id": "mekanism:pellet_polonium",
          "Count": 1
        }
      ],
      "rewardchoice": [],
      "commandrewards": []
    },
    {
      "uuid": "bdd8b62e-7d9e-4b8e-aacc-305042ab7733",
      "name": "吮吸树汁",
      "description": "吮吸树汁",
      "x": 137,
      "y": 66,
      "icon": {
        "id": "thermal:device_tree_extractor",
        "Count": 1
      },
      "tasks": [
        {
          "type": "DETECT",
          "longDescription": "有了树汁提取器,你可以从树中提取出植物胶乳,树脂或某些树的汁液.",
          "items": [
            {
              "item": {
                "id": "thermal:device_tree_extractor",
                "Count": 1
              }
            }
          ]
        }
      ],
      "prerequisites": [
        "0c97f597-31b3-448d-833d-1ea795dae737"
      ],
      "optionlinks": [],
      "reward": [
        {
          "id": "minecraft:jungle_sapling",
          "Count": 1
        }
      ],
      "rewardchoice": [],
      "commandrewards": []
    },
    {
      "uuid": "db0a84d4-bfe8-4b67-821a-23e295c31309",
      "name": "塑料是神奇的",
      "description": "塑料是神奇的",
      "x": 199,
      "y": 182,
      "icon": {
        "id": "mekanism:hdpe_sheet",
        "Count": 1
      },
      "tasks": [
        {
          "type": "DETECT",
          "longDescription": "高密度聚乙烯片被用于塑料块中, 对Blackstone Block的最终游戏目标非常重要.",
          "items": [
            {
              "item": {
                "id": "mekanism:hdpe_sheet",
                "Count": 1
              }
            }
          ]
        }
      ],
      "prerequisites": [
        "55a878f2-1b2e-4de4-ad20-61d4be9e8d0d"
      ],
      "optionlinks": [],
      "reward": [
        {
          "id": "mekanism:hdpe_sheet",
          "Count": 1
        }
      ],
      "rewardchoice": [],
      "commandrewards": []
    },
    {
      "uuid": "bbfbe51d-0e9c-4ca1-a95d-ef05e87ccd59",
      "name": "焦油 焦油",
      "description": "焦油 焦油",
      "x": 127,
      "y": 116,
      "icon": {
        "id": "thermal:machine_pyrolyzer",
        "Count": 1
      },
      "tasks": [
        {
          "type": "DETECT",
          "longDescription": "热解器在处理煤和沥青会附带焦油.\n焦油是开始使用Powah mod的关键部分 !",
          "items": [
            {
              "item": {
                "id": "thermal:machine_pyrolyzer",
                "Count": 1
              },
              "precision": "NBT_FUZZY"
            },
            {
              "item": {
                "id": "thermal:tar",
                "Count": 1
              }
            }
          ]
        }
      ],
      "prerequisites": [
        "6d6129cb-6e81-46d8-9885-41027545c5f0"
      ],
      "optionlinks": [],
      "reward": [
        {
          "id": "thermal:tar",
          "Count": 1
        }
      ],
      "rewardchoice": [],
      "commandrewards": []
    },
    {
      "uuid": "071a3269-1d69-4561-8178-84972c663354",
      "name": "奇点的疯狂",
      "description": "奇点的疯狂",
      "x": 240,
      "y": 33,
      "bigicon": true,
      "icon": {
        "id": "extendedcrafting:compressor",
        "Count": 1
      },
      "tasks": [
        {
          "type": "DETECT",
          "longDescription": "量子压缩机只用于制造奇点.",
          "items": [
            {
              "item": {
                "id": "extendedcrafting:compressor",
                "Count": 1
              }
            }
          ]
        }
      ],
      "prerequisites": [
        "d7b689f6-59ee-4ee0-ace5-5c53cab6184f"
      ],
      "optionlinks": [],
      "reward": [
        {
          "id": "extendedcrafting:black_iron_slate",
          "Count": 8
        }
      ],
      "rewardchoice": [],
      "commandrewards": []
    },
    {
      "uuid": "b9a4df6a-aa7c-4bf8-a254-69a7dc342ce4",
      "name": "RFTools 机械框架",
      "description": "RFTools 机械框架",
      "x": 168,
      "y": 80,
      "icon": {
        "id": "rftoolsbase:machine_frame",
        "Count": 1
      },
      "tasks": [
        {
          "type": "DETECT",
          "longDescription": "机械框架让你有机会接触到快速而强大的自动合成器,建造机,Xnet和超级机器框架.",
          "items": [
            {
              "item": {
                "id": "rftoolsbase:machine_frame",
                "Count": 1
              }
            }
          ]
        }
      ],
      "prerequisites": [
        "b4d06a6c-ba5e-476a-a4a9-55b4b8625109"
      ],
      "optionlinks": [],
      "reward": [
        {
          "id": "immersiveengineering:ingot_hop_graphite",
          "Count": 8
        }
      ],
      "rewardchoice": [],
      "commandrewards": []
    },
    {
      "uuid": "01b37186-0e22-434b-b281-f2fd597ab373",
      "name": "它是 POWAH",
      "description": "它是 POWAH",
      "x": 95,
      "y": 142,
      "bigicon": true,
      "icon": {
        "id": "powah:dielectric_paste",
        "Count": 1
      },
      "tasks": [
        {
          "type": "DETECT",
          "longDescription": "使用机械动力中的粉碎轮, 你可以从焦油得到绝缘覆层并开始 Powah.",
          "items": [
            {
              "item": {
                "id": "powah:dielectric_paste",
                "Count": 1
              }
            }
          ]
        }
      ],
      "prerequisites": [
        "bbfbe51d-0e9c-4ca1-a95d-ef05e87ccd59"
      ],
      "optionlinks": [],
      "reward": [
        {
          "id": "powah:dielectric_paste",
          "Count": 4
        }
      ],
      "rewardchoice": [],
      "commandrewards": []
    },
    {
      "uuid": "0224dbad-2efc-422c-b59f-9ae925717cf4",
      "name": "植物胶乳",
      "description": "植物胶乳",
      "x": 102,
      "y": 83,
      "icon": {
        "id": "thermal:latex_bucket",
        "Count": 1
      },
      "tasks": [
        {
          "type": "DETECT",
          "longDescription": "为了获得一桶植物胶乳,你需要从一棵丛林树上吸食汁液.",
          "items": [
            {
              "item": {
                "id": "thermal:latex_bucket",
                "Count": 1
              }
            }
          ]
        }
      ],
      "prerequisites": [
        "bdd8b62e-7d9e-4b8e-aacc-305042ab7733"
      ],
      "optionlinks": [],
      "reward": [
        {
          "id": "thermal:latex_bucket",
          "Count": 1
        }
      ],
      "rewardchoice": [],
      "commandrewards": []
    },
    {
      "uuid": "cf6e3e85-5e62-4e7c-8c56-9101ec35673d",
      "name": "亚尔夫海姆维度",
      "description": "亚尔夫海姆维度",
      "x": 60,
      "y": 146,
      "icon": {
        "id": "mythicbotany:alfheim_rune",
        "Count": 1
      },
      "tasks": [
        {
          "type": "LOCATION",
          "longDescription": "只需前往亚尔夫海姆维度.",
          "locations": [
            {
              "name": "Go to Alfheim",
              "x": 0,
              "y": 0,
              "z": 0,
              "dim": "mythicbotany:alfheim",
              "radius": -1,
              "visible": "LOCATION",
              "icon": {
                "id": "mythicbotany:alfheim_rune",
                "Count": 1
              }
            }
          ]
        }
      ],
      "prerequisites": [
        "d32843ac-16de-4e8a-beef-4ea023387b99"
      ],
      "optionlinks": [],
      "reward": [
        {
          "id": "mythicbotany:alfsteel_armor_upgrade",
          "Count": 1
        }
      ],
      "rewardchoice": [],
      "commandrewards": []
    },
    {
      "uuid": "d2a50fac-9d3a-484f-ba95-d8e1132f714a",
      "name": "Dra Ko Nik(应该是作者玩的梗)",
      "description": "Dra Ko Nik",
      "x": 274,
      "y": 63,
      "icon": {
        "id": "draconicevolution:draconium_core",
        "Count": 1
      },
      "tasks": [
        {
          "type": "DETECT",
          "longDescription": "你的第一个龙芯 !需要塑料块,物质球,熔融龙以及关键的泽洛斯水晶",
          "items": [
            {
              "item": {
                "id": "draconicevolution:draconium_core",
                "Count": 1
              }
            }
          ]
        }
      ],
      "prerequisites": [
        "4cd93524-414f-4b68-96e5-83d98219864a"
      ],
      "optionlinks": [],
      "reward": [
        {
          "id": "draconicevolution:draconium_core",
          "Count": 1
        }
      ],
      "rewardchoice": [],
      "commandrewards": []
    },
    {
      "uuid": "54cc96c6-3df1-465f-b225-256d7141bb43",
      "name": "搬运东西吧 !",
      "description": "搬运东西吧 !",
      "x": 66,
      "y": 100,
      "bigicon": true,
      "icon": {
        "id": "create:belt_connector",
        "Count": 1
      },
      "tasks": [
        {
          "type": "DETECT",
          "longDescription": "要获得传送带,你需要煮熟橡胶,并将6个硫化橡胶结合在一起.\n通过在盆中压实植物胶乳来获得橡胶.",
          "items": [
            {
              "item": {
                "id": "create:belt_connector",
                "Count": 1
              }
            }
          ]
        }
      ],
      "prerequisites": [
        "0224dbad-2efc-422c-b59f-9ae925717cf4"
      ],
      "optionlinks": [],
      "reward": [
        {
          "id": "create:belt_connector",
          "Count": 1
        }
      ],
      "rewardchoice": [],
      "commandrewards": []
    },
    {
      "uuid": "7a59e3a6-cdd3-4ffb-9864-7ba8555e042b",
      "name": "您的第一份安山合金",
      "description": "您的第一份安山合金",
      "x": 19,
      "y": 10,
      "bigicon": true,
      "icon": {
        "id": "create:andesite_alloy",
        "Count": 1
      },
      "tasks": [
        {
          "type": "DETECT",
          "longDescription": "要想获得第一个安山合金,并开始玩机械动力,你需要将熔化的铁或锌倒在安山岩上.",
          "items": [
            {
              "item": {
                "id": "create:andesite_alloy",
                "Count": 1
              }
            }
          ]
        }
      ],
      "prerequisites": [
        "dd19662b-37d3-415a-b00f-a1f314163b21"
      ],
      "optionlinks": [],
      "reward": [
        {
          "id": "excompressum:compressed_andesite",
          "Count": 1
        }
      ],
      "rewardchoice": [],
      "commandrewards": []
    },
    {
      "uuid": "6d9f0eda-15ea-4feb-b468-703c93f4af97",
      "name": "奇点",
      "description": "奇点",
      "x": 289,
      "y": 182,
      "icon": {
        "id": "appliedenergistics2:singularity",
        "Count": 1
      },
      "tasks": [
        {
          "type": "DETECT",
          "longDescription": "你可以将液体泵入物质聚合器,以更快的方式获得奇点.\n译者小提醒:水也是物质.",
          "items": [
            {
              "item": {
                "id": "appliedenergistics2:singularity",
                "Count": 1
              }
            }
          ]
        }
      ],
      "prerequisites": [
        "51b59d1f-e90b-42fe-8d62-3467ce270b86"
      ],
      "optionlinks": [],
      "reward": [
        {
          "id": "appliedenergistics2:singularity",
          "Count": 1
        }
      ],
      "rewardchoice": [],
      "commandrewards": []
    },
    {
      "uuid": "4cd93524-414f-4b68-96e5-83d98219864a",
      "name": "泽洛斯水晶",
      "description": "泽洛斯水晶",
      "x": 243,
      "y": 110,
      "icon": {
        "id": "envirocore:xerothium_crystal",
        "Count": 1
      },
      "tasks": [
        {
          "type": "DETECT",
          "longDescription": "通过所有等级的环境科技,以获得终点的泽洛斯.\n这是一个进入龙之进化的大门.",
          "items": [
            {
              "item": {
                "id": "envirocore:xerothium_crystal",
                "Count": 1
              }
            }
          ]
        }
      ],
      "prerequisites": [
        "e15e1694-2c6e-4467-abc6-f7ab589c6c78"
      ],
      "optionlinks": [],
      "reward": [
        {
          "id": "envirocore:xerothium_crystal",
          "Count": 1
        }
      ],
      "rewardchoice": [],
      "commandrewards": []
    },
    {
      "uuid": "55a878f2-1b2e-4de4-ad20-61d4be9e8d0d",
      "name": "钢质机壳",
      "description": "钢质机壳",
      "x": 156,
      "y": 182,
      "icon": {
        "id": "mekanism:steel_casing",
        "Count": 1
      },
      "tasks": [
        {
          "type": "DETECT",
          "longDescription": "钢质机壳是用来制造所有强大的通用机械机器的!",
          "items": [
            {
              "item": {
                "id": "mekanism:steel_casing",
                "Count": 1
              }
            }
          ]
        }
      ],
      "prerequisites": [
        "6d6129cb-6e81-46d8-9885-41027545c5f0"
      ],
      "optionlinks": [],
      "reward": [
        {
          "id": "create:super_glue",
          "Count": 1,
          "tag": "{Damage:0}"
        }
      ],
      "rewardchoice": [],
      "commandrewards": []
    },
    {
      "uuid": "51b59d1f-e90b-42fe-8d62-3467ce270b86",
      "name": "物质聚合器",
      "description": "物质聚合器",
      "x": 242,
      "y": 182,
      "icon": {
        "id": "appliedenergistics2:condenser",
        "Count": 1
      },
      "tasks": [
        {
          "type": "DETECT",
          "longDescription": "物质聚合器用来获得物质球和奇点,也可以用来制作ME控制器.",
          "items": [
            {
              "item": {
                "id": "appliedenergistics2:condenser",
                "Count": 1
              }
            }
          ]
        }
      ],
      "prerequisites": [
        "db0a84d4-bfe8-4b67-821a-23e295c31309"
      ],
      "optionlinks": [],
      "reward": [
        {
          "id": "kubejs:canister_press",
          "Count": 1
        }
      ],
      "rewardchoice": [],
      "commandrewards": []
    },
    {
      "uuid": "b9bed65e-5f34-4ce6-aa2c-890079a06b45",
      "name": "以太粉",
      "description": "以太粉",
      "x": 199,
      "y": 102,
      "icon": {
        "id": "envirocore:aethium_powder",
        "Count": 1
      },
      "tasks": [
        {
          "type": "DETECT",
          "longDescription": "以太水晶是最后一块你在主世界可以通过虚空采掘机获得的水晶. (其他的只能在末地开采).\n你需要在粉碎轮中粉碎水晶以获得其粉末.\n这种粉末是制造熔融黑铁的一种关键成分.",
          "items": [
            {
              "item": {
                "id": "envirocore:aethium_crystal",
                "Count": 1
              }
            },
            {
              "item": {
                "id": "envirocore:aethium_powder",
                "Count": 1
              }
            }
          ]
        }
      ],
      "prerequisites": [
        "e15e1694-2c6e-4467-abc6-f7ab589c6c78"
      ],
      "optionlinks": [],
      "reward": [
        {
          "id": "envirocore:aethium",
          "Count": 1
        }
      ],
      "rewardchoice": [],
      "commandrewards": []
    },
    {
      "uuid": "b4d06a6c-ba5e-476a-a4a9-55b4b8625109",
      "name": "高级机器框架",
      "description": "高级机器框架",
      "x": 168,
      "y": 47,
      "icon": {
        "id": "industrialforegoing:machine_frame_advanced",
        "Count": 1
      },
      "tasks": [
        {
          "type": "DETECT",
          "longDescription": "高级机器框架可以用来制作发电机, 流体镭射钻基座, 屠宰机, 造石加工机,并制作RFTools的机器框架.",
          "items": [
            {
              "item": {
                "id": "industrialforegoing:machine_frame_advanced",
                "Count": 1
              }
            }
          ]
        }
      ],
      "prerequisites": [
        "95897869-1df2-43fb-aadd-0d8f427bc38c"
      ],
      "optionlinks": [],
      "reward": [
        {
          "id": "cagedmobs:star_infused_netherite_ingot",
          "Count": 1
        }
      ],
      "rewardchoice": [],
      "commandrewards": []
    },
    {
      "uuid": "d32843ac-16de-4e8a-beef-4ea023387b99",
      "name": "通往亚尔夫海姆的路",
      "description": "通往亚尔夫海姆的路",
      "x": 23,
      "y": 146,
      "icon": {
        "id": "mythicbotany:kvasir_mead",
        "Count": 1
      },
      "tasks": [
        {
          "type": "DETECT",
          "longDescription": "为了进入亚尔夫海姆维度,你需要用芬保尔之符片和一些的符文做一个仪式.\n还需要牺牲一个流浪的商人.",
          "items": [
            {
              "item": {
                "id": "mythicbotany:kvasir_mead",
                "Count": 1
              }
            }
          ]
        }
      ],
      "prerequisites": [
        "7d83cfc5-87d9-4dfc-8b78-a7c8ade419b5"
      ],
      "optionlinks": [],
      "reward": [
        {
          "id": "mythicbotany:alfsteel_ingot",
          "Count": 1
        }
      ],
      "rewardchoice": [],
      "commandrewards": []
    }
  ],
  "reputationBar": [],
  "description": "在这一章节,你会发现这个包是如何进一步发展."
}