{
    "name": "季节",
    "icon": "minecraft:clock",
    "category": "dimension_dossier/misty_world",
    "advancement": "heavens:bookchap2/13raidloot",
    "pages": [
        {
            "type": "text",
            "text": "在这个$(thing)朦胧的世界$()里，有些植物只在特定的$(thing)季节$()开花。在朦胧的世界里，可以在$(item)钟$()的工具提示上看到当前日期。$(br2)每个$(thing)月$()4天。主要的影响是$(item)沙漠棉花$()和$(item)树种$()。"
        },
        {
            "type": "spotlight",
            "title": "钟",
            "item": "minecraft:clock",
            "text": "在$(thing)蒙眬的世界$()检查$(item)钟$()的工具提示，以查看当前日期。"
        },
        {
            "type": "relations",
            "entries": [
                "dimension_dossier/misty_world"
            ]
        }
    ]
}