{
  "name": "纸板盒",
  "category": "packaging",
  "icon": "delivery:cardboard_box_tier_1",
  "sortnum": 3,
  "pages": [
    {
      "type": "spotlight",
      "item": "delivery:cardboard_box_tier_1",
      "title": "纸板盒",
      "text": "纸板盒分为 6 个不同等级，可存储的物品组数随等级而提升。$(br)放置纸板盒并右击即可打开界面进行物品存储，此外，纸板盒亦接受漏斗、物品管道等物流设备。"
    },
    {
      "type": "text",
      "text": "可使用$(l:packaging/packager)打包机$(/l)自动为纸板盒存入物品。$(br)经破坏而掉落的纸板盒不会丢失其内容物品，将其放入$(l:drone_delivery/drone_pad)无人机平台$(/l)即可被无人机所递交。"
    }
  ]
}