{
  "onScreenNotifications": [
    {
      "id": "darkosto",
      "soundlocation": "minecraft:entity.player.levelup",
      "bgColor": "#808080",
      "borderColor": "#000000",
      "lines": [
        "§9§n生日快乐！！！",
        "§2祝你生日快乐！",
        "§2祝你生日快乐！",
        "§5祝Darkosto生日快乐！",
        "§2祝你生日快乐！"
      ]
    },
    {
      "id": "example",
      "soundlocation": "minecraft:entity.creeper.primed",
      "lines": [
        "§c§n砰！！！",
        "§e小伙子我吓到你了么？"
      ]
    },
    {
      "id": "open_advancements",
      "lines": [
        "§c§n欢迎游玩",
        "§e按下 'L' 打开进度界面"
      ]
    },
    {
      "id": "open_prestige",
      "lines": [
        "§c§n声望系统已启用",
        "§e按下 'P' 查看当前可用的奖励"
      ]
    }
  ]
}
