[
	{"h1": "初始箱子物品"},
	"1x资源生产器",
	"9x 泥土",
	"1x 粘土",
	"1x 水桶",
	"1x 树苗",
	"2x 诅咒之土",
	"1x Clay Axe",
	"64x 骨粉",
	"",
	{"h1": "下界箱子"},
	"1x 沙子",
	"1x 岩浆桶",
	"1x 白桦树苗",
	"1x Clay Shovel",
	"1x 小麦种子",
	"1x 温度调节器",
	"1x Clay Pick",
	"2x 诅咒之土",
	"4x 沙子",
	"",
	{"h1": "任务与奖励"},
	{
		"head": [
			{"text": "#", "type": "number", "align": "right"},
			{"text": "Mod", "type": "text"},
			{"text": "Item", "type": "text"},
			{"text": "Reward(s)", "type": "text"}
		],
		"table": [
			[1, "存储抽屉", "基础抽屉", "铁, 红石, 青金石, 玄武岩, 大理石"],
			[2, "更多实用设备", "熔炉发电机", "锡, 铜, 砂砾"],
			[3, "林业", "温室风扇", "铅, 橡胶树苗, 水稻种子"],
			[4, "工业2", "感应炉", "焦黑石英, 萤石, 石英"],
			[5, "实用拓展", "共振仪", "银, 钻石"],
			[6, "林业", "50,000 MB 生物质", "甘蔗, 煤炭, 镍"],
			[7, "精致存储", "机器外壳", "铂, 蘑菇（红色）, 蘑菇（棕色）"],
			[8, "RF能量", "30,000,000 RF", "Amadron平板电脑, 门瑞欧树苗"],
			[9, "工业先锋", "造石加工机", "天使指环"],
			[10, "热力膨胀", "50,000 板块之岩层", "不毁手杖,能量单元(Resonant)"],
			[11, "沉浸工程", "园艺玻璃罩", "油菜种子, 仙人掌"],
			[12, "EU能量", "3,000,000 EU", "黑莲花, 铝"],
			[13, "PneumaticCraft", "编程器", "红石充能胸甲, 工具和武器"],
			[14, "植物魔法", "星空制造器", "龙尘"],
			[15, "龙之进化", "神龙注入合成装置", "???"],
			[16, "Minecraft", "Clay 基岩", "???"]
		]
	},
	"",
	{"h1": "Panic Chest (紧急情况下使用)"},
	"1x 岩浆桶",
	"1x 水桶",
	"1x 小麦种子",
	"1x 树苗",
	"16x 骨粉",
	"1x 1x资源生产器",
	"1x 温度调节器",
	"",
	{"h1": "资源生产器能量值"},
	"以下为EU消耗值, (RF = EU x 4)(1s = 20 ticks)",
	{
		"head": [
			{"text": "ResGen Items", "type": "text"},
			{"text": "Power (EU)", "type": "number", "align": "right"},
			{"text": "Time in Ticks", "type": "number", "align": "right"}
		],
		"table": [
			["Aluminum Ingot", 512, 40],
			["Aluminum Ore", 512, 40],
			["Apatite", 512, 40],
			["Apatite Ore", 512, 40],
			["Benitoite", 512, 40],
			["Benitoite Ore", 512, 40],
			["Black Lotus", 512, 40],
			["Black Quartz", 1024, 40],
			["Black Quartz Ore", 1024, 40],
			["Blaze Powder", 500, 40],
			["Canola Seeds", 256, 40],
			["Carrot", 256, 40],
			["Clay", 256, 40],
			["Coal", 512, 40],
			["Coal Ore", 512, 40],
			["Cobblestone", 16, 30],
			["Coffee Seeds", 256, 40],
			["Copper Ingot", 512, 40],
			["Copper Ore", 512, 40],
			["Diamond", 8192, 40],
			["Diamond Ore", 8192, 40],
			["Diorite", 16, 40],
			["Dirt", 16, 40],
			["Draconium Dust", 8192, 40],
			["Draconium Ore", 8192, 40],
			["Emerald", 8192, 40],
			["Emerald Ore", 8192, 40],
			["Ender Dust", 8192, 40],
			["Endstone", 512, 40],
			["Glowstone Dust", 512, 40],
			["Glowstone", 2048, 40],
			["Gold Ingot", 512, 40],
			["Gold Ore", 512, 40],
			["Grass Block", 16, 40],
			["Gravel", 16, 40],
			["Iridium Ore", 2048, 40],
			["Iron Ingot", 512, 40],
			["Iron Ore", 512, 40],
			["Lapis Lazuli", 512, 40],
			["Lapis Lazuli Ore", 2048, 40],
			["Lead Ingot", 512, 40],
			["Lead Ore", 512, 40],
			["Marble", 16, 40],
			["Melon Seeds", 256, 40],
			["Mushroom (brown)", 256, 40],
			["Mushroom (red)", 256, 40],
			["Nether Brick", 512, 40],
			["Nether Quartz", 128, 40],
			["Nether Quartz Ore", 512, 40],
			["Nether Wart", 256, 40],
			["Netherrack", 256, 40],
			["Nickel Ingot", 512, 40],
			["Nickel Ore", 512, 40],
			["Obsidian", 512, 40],
			["Potato", 256, 40],
			["Pumpkin Seeds", 256, 40],
			["Redstone", 64, 40],
			["Redstone Ore", 256, 40],
			["Sand", 16, 40],
			["Silver Ingot", 512, 40],
			["Silver Ore", 512, 40],
			["Snowball", 256, 40],
			["Soul Sand", 512, 40],
			["Sponge", 512, 40],
			["Tin Ingot", 512, 40],
			["Tin Ore", 512, 40],
			["Uranium Ingot", 2048, 40]
		]
	}
]
