{
  "name": "基础桶",
  "appearance": {
    "lightmode": "running",
    "lightlevel": 0,
    "block": "caveopolis:machine/basic_barrel",
	"requires_tool": false,
	"hardness": 1,
    "tool_type": ["minecraft:mineable/axe", "forge:mineable/paxel"],
	"mining_level": "minecraft:needs_stone_tool"
  },
  "components": [
  	{
	  "type": "custommachinery:redstone",
	  "power": 1
	},
	{
      "mode": "input",
      "id": "input1",
      "capacity": 64,
      "type": "custommachinery:item",
      "config": {
        "default": "input"
      }
    }, 
	{  	      
      "mode": "input",
      "id": "upgrade",
	  "capacity": 3,
      "variant": "custommachinery:upgrade",
      "type": "custommachinery:item",
      "config": {
        "default": "none"
      }
    },	
    {
      "mode": "output",
      "id": "output1",
	  "capacity": 8000,
      "type": "custommachinery:fluid",
      "config": {
        "default": "output"
      }
    }	
  ],
  "gui": [
    {
      "texture": "custommachinery:textures/gui/base_background.png",
      "x": 38,
      "y": 0,
	  "width": 180,
      "type": "custommachinery:texture"
    },
	
    {
      "x": 47,
      "y": 85,
      "type": "custommachinery:player_inventory"
    },
	{
	  "type": "custommachinery:reset",
      "x": 166,
      "y": 7
    },
    {
      "x": 83,
      "y": 37,
      "type": "custommachinery:slot",
      "id": "input1"
    },  	
	{
	  "id": "upgrade",
      "x": 119,
      "y": 56,
      "type": "custommachinery:slot"
    },
    {
      "id": "output1",
      "x": 155,
      "y": 25,
      "type": "custommachinery:fluid"
    }, 
    {
      "x": 117,
      "y": 37,
      "type": "custommachinery:progress"
    },
    {
      "x": 200,
      "y": 5,
      "type": "custommachinery:status"
    },
	{
      "text": "基础桶",
      "x": 43,
      "y": 7,
      "type": "custommachinery:text"
    }
  ]
}