{
  "name": "矿石提炼机",
  "appearance": {
    "lightmode": "running",
    "lightlevel": 0,
    "block": "caveopolis:machine/ore_extractor",
	"hardness": 1,
    "tool_type": ["minecraft:mineable/pickaxe", "forge:mineable/paxel"],
	"mining_level": "minecraft:needs_stone_tool"
  },
  "components": [
  	{
	  "type": "custommachinery:redstone",
	  "power": 1
	},
	{  	      
      "mode": "input",
      "id": "input",
      "type": "custommachinery:item",
	  "capacity": 1,
	  "item": "#caveopolis:upgrades",
      "config": {
        "default": "input"
      }
    }, 
	{  	      
      "mode": "input",
      "id": "upgrade",
	  "capacity": 3,
      "variant": "custommachinery:upgrade",
      "type": "custommachinery:item",
      "config": {
        "default": "none"
      }
    },  
	{
	  "capacity": 64000,
      "type": "custommachinery:energy",
      "id": "energy",
	  "maxOutput": 0
    },
	{
      "mode": "input",
      "id": "fluid1",
      "capacity": 8000,
      "type": "custommachinery:fluid",
      "config": {
        "default": "input"
      }
    },    
    {
      "mode": "output",
      "id": "output1",
	  "capacity": 64,
      "type": "custommachinery:item",
      "config": {
        "default": "output"
      }
    },    
	{
      "mode": "output",
      "id": "output2",
	  "capacity": 64,
      "type": "custommachinery:item",
      "config": {
        "default": "output"
      }
    },    
	{
      "mode": "output",
      "id": "output3",
	  "capacity": 64,
      "type": "custommachinery:item",
      "config": {
        "default": "output"
      }
    },
	{
      "mode": "output",
      "id": "output4",
	  "capacity": 64,
      "type": "custommachinery:item",
      "config": {
        "default": "output"
      }
    },
	{
      "mode": "output",
      "id": "output5",
	  "capacity": 64,
      "type": "custommachinery:item",
      "config": {
        "default": "output"
      }
    },
    {
      "mode": "output",
      "id": "output6",
	  "capacity": 64,
      "type": "custommachinery:item",
      "config": {
        "default": "output"
      }
    }		
  ],
  "gui": [
    {
      "texture": "custommachinery:textures/gui/base_background.png",
      "x": 38,
      "y": 0,
	  "width": 180,
      "type": "custommachinery:texture"
    },
    {
      "x": 47,
      "y": 85,
      "type": "custommachinery:player_inventory"
    },
	{
	  "type": "custommachinery:reset",
      "x": 166,
      "y": 7
    },
	{
	  "id": "input",
      "x": 96,
      "y": 57,
      "type": "custommachinery:slot"
    },	
	{
	  "id": "upgrade",
      "x": 114,
      "y": 57,
      "type": "custommachinery:slot"
    },
	{
      "x": 47,
      "y": 25,
      "type": "custommachinery:energy",
      "id": "energy"
    },
    {
      "x": 65,
      "y": 25,
      "type": "custommachinery:fluid",
      "id": "fluid1"
    },  	
    {
      "id": "output1",
      "x": 137,
      "y": 37,
      "type": "custommachinery:slot"
    },     
	{
      "id": "output2",
      "x": 155,
      "y": 37,
      "type": "custommachinery:slot"
    },     
	{
      "id": "output3",
      "x": 173,
      "y": 37,
      "type": "custommachinery:slot"
    }, 
	{
	  "id": "output4",
      "x": 155,
      "y": 56,
      "type": "custommachinery:slot"
    },      
    {
      "id": "output5",
      "x": 137,
      "y": 56,
      "type": "custommachinery:slot"
    }, 
	{
      "id": "output6",
      "x": 173,
      "y": 56,
      "type": "custommachinery:slot"
    },
    {
      "x": 99,
      "y": 37,
      "type": "custommachinery:progress"
    },
    {
      "x": 200,
      "y": 5,
      "type": "custommachinery:status"
    },
	{
      "text": "矿石提炼机",
      "x": 43,
      "y": 7,
      "type": "custommachinery:text"
    }
  ]
}