{
    "name": "末地",
    "icon": "minecraft:end_portal_frame",
    "category": "patchouli:portals",
	"sortnum": "6",
    "pages": [
		{
			"type": "spotlight",
			"text": "你可以前往的第三个维度是末地。$(br2)在每一个末地传送门框架上放置一个末影之眼即可前往。$(br)$(l)$(6)为保证这是一个有效的末地传送门，请站在正中心并在四周的每一面放置末地传送门框架，这样，所有的方块朝向都是正确的了",
			"item": "minecraft:ender_eye",
			"link_recipe": true
		},
		{
			"type": "multiblock",
			"name": "末地传送门",
			"enable_visualize": true,
			"multiblock": {
			"pattern":[
			[
                " DDD ",
                "D   D",
                "D 0 D",
                "D   D",
                " DDD "
            ]		
        ],
			"mapping":{
			"0": "minecraft:air",
			"D": "minecraft:end_portal_frame"
			}
		},
		"text": "需要$(l)$(l:portals/end_token)[末地通行证]$(/l)$()以进入此维度"
		}
	]
}