{
    "name": "下界",
    "icon": "minecraft:obsidian",
    "category": "patchouli:portals",
	"sortnum": "4",
    "pages": [
		{
			"type": "spotlight",
			"text": "你可以前往的第三个维度是末地。$(br2)使用打火石点亮下界传送门的正中心激活以前往下界。$(br2)值得一提的是，传送门的框架是黑曜石",
			"item": "minecraft:flint_and_steel",
			"link_recipe": true
		},
		{
			"type": "multiblock",
			"name": "下界传送门",
			"enable_visualize": true,
			"multiblock": {
			"pattern":[
			["DDDD"],
			["D  D"],
			["D  D"],
            ["D  D"],
			["DD0D"]		
        ],
			"mapping":{
			"0": "minecraft:obsidian",
			"D": "minecraft:obsidian"
			}
		},
		"text": "需要$(4)$(l)$(l:portals/nether_token)[下界通行证]$(/l)$()以进入此维度"
		}
	]
}