{
    "name": "深暗之园",
    "icon": "minecraft:deepslate_bricks",
    "category": "patchouli:portals",
	"sortnum": "2",
    "pages": [
		{
			"type": "spotlight",
			"text": "你可以前往的第一个维度是深暗之园。$(br2)使用$(l:portals/undergarden#undca)[深园催化石]$(/l)点击传送门中心即可前往。 t$(br2)传送门框架使用深板岩砖",
			"item": "undergarden:catalyst",
			"link_recipe": true
		},
		{
			"type": "multiblock",
			"name": "深园传送门",
			"enable_visualize": true,
			"multiblock": {
			"pattern":[
			["DDDD"],
			["D  D"],
			["D  D"],
            ["D  D"],
			["DD0D"]		
        ],
			"mapping":{
			"0": "minecraft:deepslate_bricks",
			"D": "minecraft:deepslate_bricks"
			}
		},
		"text": "需要$(l)$(l:portals/undergarden_token)[深园通行证]$(/l)$()以进入此维度"
		},
		{
			"type": "crafting",
			"recipe": "undergarden:catalyst",
			"text": "",
			"anchor": "undca",
			"title": "深园催化石"
		}
	]
}