{
    "name": "深园通行证",
    "icon": "skyopolis_additions:undergarden_token",
    "category": "patchouli:portals",
	"sortnum": "1",
    "pages": [
        {
			"type": "spotlight",
			"item": "skyopolis_additions:undergarden_token",
            "text": "资源需求：$(li2)$(l:portals/undergarden#undca)x1 深园催化石$(/l)$(li2)$(l:blanks/token)x1 空白通行证$(/l)$(br2)需要通行证以进入$(l)$(l:portals/undergarden)[深暗之园]$(/l)"
        },
        {
            "type": "crafting",
            "recipe": "kubejs:kjs_87ohpkei0fp4wr8h9dnybwe6v"
        }
        
		]
}