{
  "tabname": "Age of Engineering",
  "achievements": [
    {
      "uid": "detectCobble",
      "name": "Age 0 - 石器时代 (阅读FTBU指南获取更多信息)",
      "desc": "获得一块圆石",
      "type": "Detect",
      "item": "minecraft:cobblestone",
	  "ignoreMeta": false,
	  "trophy": false,
      "xpos": -4,
      "ypos": -4
    },
    {
      "uid": "craftHammer",
      "name": "Age 1 - 工业时代",
      "desc": "合成一个锻造锤",
      "type": "Craft",
      "item": "ic2:forge_hammer",
      "parent": "detectCobble",
	  "ignoreMeta": false,
	  "trophy": true,
      "xpos": -4,
      "ypos": -2
    },
    {
      "uid": "craftCalculator",
      "name": "Age 2 - 计算时代",
      "desc": "合成一个计算器",
      "type": "Craft",
      "item": "calculator:Calculator",
      "parent": "craftHammer",
	  "ignoreMeta": false,
	  "trophy": true,
      "xpos": -4,
      "ypos": 0
    },
    {
      "uid": "craftEmpowerer",
      "name": "Age 3 - 充能时代",
      "desc": "合成一个充能器",
      "type": "Craft",
      "item": "actuallyadditions:blockEmpowerer",
      "parent": "craftCalculator",
	  "ignoreMeta": false,
	  "trophy": true,
      "xpos": -4,
      "ypos": 2
    },
    {
      "uid": "detectSturdyCasing",
      "name": "Age 4 - 农业时代",
      "desc": "制作一个坚固部件",
      "type": "Detect",
      "item": "forestry:sturdyMachine",
      "parent": "craftEmpowerer",
	  "ignoreMeta": false,
	  "trophy": true,
      "xpos": -4,
      "ypos": 4
    },
    {
      "uid": "detectMachineChassis",
      "name": "Age 5 - 末影时代",
      "desc": "制作一个机器框架",
      "type": "Detect",
      "item": "enderio:itemMachinePart",
      "parent": "detectSturdyCasing",
	  "ignoreMeta": false,
	  "trophy": true,
      "xpos": -2,
      "ypos": 4
    },
    {
      "uid": "detectMachineFrame",
      "name": "Age 6 - 自动化时代",
      "desc": "制作一个机器框架",
      "type": "Detect",
      "item": "rftools:machine_frame",
      "parent": "detectMachineChassis",
	  "ignoreMeta": false,
	  "trophy": true,
      "xpos": 0,
      "ypos": 4
    },
    {
      "uid": "craftPatternStorage",
      "name": "Age 7 - 核电时代",
      "desc": "合成一个模式储存机",
      "type": "Craft",
      "item": "ic2:te",
	  "meta": 62,
      "parent": "detectMachineFrame",
	  "ignoreMeta": false,
	  "trophy": true,
      "xpos": 0,
      "ypos": 2
    },
    {
      "uid": "craftAtomicCalculator",
      "name": "Age 8 - 原子时代",
      "desc": "合成一台原子计算器",
      "type": "Craft",
      "item": "calculator:AtomicCalculator",
      "parent": "craftPatternStorage",
	  "ignoreMeta": false,
	  "trophy": true,
      "xpos": 0,
      "ypos": 0
    },
    {
      "uid": "craftElectricCrucible",
      "name": "Age 9 - 新时代",
      "desc": "合成一个电力熔炼炉",
      "type": "Craft",
      "item": "neotech:electricCrucible",
      "parent": "craftAtomicCalculator",
	  "ignoreMeta": false,
	  "trophy": true,
      "xpos": 0,
      "ypos": -2
    },
    {
      "uid": "craftMachineBlock",
      "name": "Age 10 - 科技时代",
      "desc": "合成基础机器框架",
      "type": "Craft",
      "item": "techreborn:techreborn.machineFrame",
      "parent": "craftElectricCrucible",
	  "ignoreMeta": false,
	  "trophy": true,
      "xpos": 0,
      "ypos": -4
    },
    {
      "uid": "craftMachineStructure",
      "name": "Age 11 - 星际时代",
      "desc": "合成机器结构方块",
      "type": "Craft",
      "item": "libvulpes:structureMachine",
      "parent": "craftMachineBlock",
	  "ignoreMeta": false,
	  "trophy": true,
      "xpos": 2,
      "ypos": -4
    },
    {
      "uid": "craftSteelCasing",
      "name": "Age 12 - 机械时代",
      "desc": "合成钢制机壳",
      "type": "Craft",
      "item": "mekanism:BasicBlock",
	  "meta": 8,
      "parent": "craftMachineStructure",
	  "ignoreMeta": false,
	  "trophy": true,
      "xpos": 4,
      "ypos": -4
    },
    {
      "uid": "craftDraconicCore",
      "name": "Age 13 - 龙研时代",
      "desc": "合成龙之核心",
      "type": "Craft",
      "item": "draconicevolution:draconic_core",
      "parent": "craftSteelCasing",
	  "ignoreMeta": false,
	  "trophy": true,
      "xpos": 4,
      "ypos": -2
    },
    {
      "uid": "craftAngelRing",
      "name": "Age 14 - 创造时代",
      "desc": "合成天使指环",
      "type": "Craft",
      "item": "extrautils2:angelring",
      "parent": "craftDraconicCore",
	  "ignoreMeta": false,
	  "trophy": true,
      "xpos": 4,
      "ypos": 0
    },
    {
      "uid": "craftCreativeEnergy",
      "name": "无限的能量！",
      "desc": "做出创造电容库",
      "type": "Craft",
      "item": "enderio:blockCapBank",
      "parent": "craftAngelRing",
	  "ignoreMeta": false,
	  "trophy": true,
      "xpos": 4,
      "ypos": 2
    },
    {
      "uid": "craftCreativeFluids",
      "name": "无限的流体！",
      "desc": "做出创造流体储罐",
      "type": "Craft",
      "item": "neotech:creativeTank",
      "parent": "craftCreativeEnergy",
	  "ignoreMeta": false,
	  "trophy": true,
      "xpos": 4,
      "ypos": 4
    },
    {
      "uid": "craftCreativeItems",
      "name": "无限的物品",
      "desc": "做出创造储物升级",
      "type": "Craft",
      "item": "storagedrawers:upgradeCreative",
	  "meta": 1,
      "parent": "craftCreativeFluids",
	  "ignoreMeta": false,
	  "trophy": true,
      "xpos": 6,
      "ypos": 4
    }
  ]
}
