{
    "name": "模板",
    "icon": "buildinggadgets:template",
    "category": "useful_things/building_tools",
    "advancement": "heavens:bookchap2/2rituals",
    "pages": [
        {
            "type": "text",
            "text": "进一步扩展了$(l:useful_things/building_tools/transferrence_tome)复制—粘贴宝典$()的功能，你可以使用$(item)模板$()来存储复制的结构，以便以后重复使用，既可以作为物品，也可以作为可以与其他人共享的文本字符串。$(br)所有这些都是通过$(item)模板管理器$()完成的"
        },
        {
            "type": "ritual",
            "output_item": "buildinggadgets:templatemanager",
            "item1": "minecraft:bookshelf",
            "item2": "minecraft:gold_block",
            "item3": "wizardry:wisdom_wood_pigmented_planks",
            "item4": "arcaneworld:sapphire",
            "item5": "wizardry:nacre_pearl",
            "heading": "模板管理器",
            "description": "用于在$(item)纸$()和$(item)复制—粘贴宝典$()之间读取/写入$(thing)模板$()。"
        },
        {
            "type": "text",
            "title": "模板管理器",
            "text": "$(l)Save:$() Saves the structure stored in the $(item)Template$() or $(item)Tome of Transferrence$()in the left slot to a $(item)Template$() or piece of $(item)Paper$() in the right slot.$(br2)$(l)Load:$() Loads the structure from a $(item)Template$() in the right slot to a $(item)Tome$() or $(item)Template$() in the left slot."
        },
        {
            "type": "text",
            "text": "$(l)Copy:$() Copies the structure from a $(item)Tome$() or $(item)Template$() in the left slot directly to your computer clipboard for sharing with others.$(br2)$(l)Paste:$() Paste structure data from your computer clipboard onto a $(item)Template$() or piece of $(item)Paper$() in the right slot. Many premade templates for various multiblock structures such as altars are available in the Multiblock Index."
        },
        {
            "type": "relations",
            "entries": [
                "useful_things/building_tools/transferrence_tome"
            ]
        }
    ]
}