{
  "armorSetName": "\u65e0\u653f\u5e9c\u4e3b\u4e49\u8005",
  "head": {
    "itemKey": "apocalypsenow:anarchy_helmet"
  },
  "chest": {
    "itemKey": "apocalypsenow:anarchy_chestplate"
  },
  "legs": {
    "itemKey": "apocalypsenow:anarchy_leggings"
  },
  "boots": {
    "itemKey": "apocalypsenow:anarchy_boots"
  },
  "fullSetBonuses": [
    {
      "type": "attribute",
      "name": "minecraft:generic.luck",
      "value": 1,
      "interactionType": "self",
      "attributeOperation": 0,
      "modifierUUID": "82cf7e32-43f8-4f47-9f0a-3b5f44cfac52",
      "description": "\u00a7a +1 \u5e78\u8fd0",
      "hideBonusDescription": false
    }
  ],
  "hideGeneratedTooltip": false
}