{
  "armorSetName": "\u8054\u5408\u56fd",
  "head": {
    "itemKey": "apocalypsenow:un_armor_helmet"
  },
  "chest": {
    "itemKey": "apocalypsenow:un_armor_chestplate"
  },
  "legs": {
    "itemKey": "apocalypsenow:un_armor_leggings"
  },
  "boots": {
    "itemKey": "apocalypsenow:un_armor_boots"
  },
  "fullSetBonuses": [
    {
      "type": "attribute",
      "name": "minecraft:generic.movement_speed",
      "value": 0.2,
      "interactionType": "self",
      "attributeOperation": 1,
      "modifierUUID": "e50ce33b-8a51-40b9-9c27-2c3f908bc0a9",
      "description": "\u00a7a +10% \u79fb\u52a8\u901f\u5ea6",
      "hideBonusDescription": false
    },
    {
      "type": "attribute",
      "name": "minecraft:generic.attack_speed",
      "value": 0.2,
      "interactionType": "self",
      "attributeOperation": 2,
      "modifierUUID": "7fade7aa-0fe5-4016-97ba-8c0821f15612",
      "description": "\u00a7a +20% \u653b\u51fb\u901f\u5ea6",
      "hideBonusDescription": false
    }
  ],
  "hideGeneratedTooltip": false
}