{
  "armorSetName": "\u5c06\u519b",
  "head": {
    "itemKey": "apocalypsenow:army_helmet"
  },
  "chest": {
    "itemKey": "apocalypsenow:army_chestplate"
  },
  "legs": {
    "itemKey": "apocalypsenow:army_leggings"
  },
  "boots": {
    "itemKey": "apocalypsenow:army_boots"
  },
  "fullSetBonuses": [
    {
      "type": "attribute",
      "name": "minecraft:generic.attack_damage",
      "value": 0.2,
      "interactionType": "self",
      "attributeOperation": 1,
      "modifierUUID": "f86d834a-937f-11ee-b9d1-0242ac120002",
      "description": "\u00a7a +20% \u8fd1\u6218\u4f24\u5bb3",
      "hideBonusDescription": false
    },
    {
      "type": "attribute",
      "name": "puffish_skills:player.stamina",
      "value": 0.2,
      "interactionType": "self",
      "attributeOperation": 2,
      "modifierUUID": "dc65a390-5a89-4eb1-94be-88912e3a0137",
      "description": "\u00a7a +20% \u8010\u529b",
      "hideBonusDescription": false
    }
  ],
  "hideGeneratedTooltip": false
}