{
  "armorSetName": "\u7206\u7834\u5c0f\u7ec4",
  "head": {
    "itemKey": "apocalypsenow:bombsquad_helmet",
    "mixAndMatch": [
      "apocalypsenow:pbf_hamstergasmask_helmet"
    ]
  },
  "chest": {
    "itemKey": "apocalypsenow:bombsquad_chestplate"
  },
  "legs": {
    "itemKey": "apocalypsenow:bombsquad_leggings"
  },
  "boots": {
    "itemKey": "apocalypsenow:bombsquad_boots"
  },
  "fullSetBonuses": [
    {
      "type": "effect",
      "name": "minecraft:resistance",
      "value": 4.0,
      "interactionType": "self",
      "interactionDuration": 300,
      "description": "\u00a7a +50% \u4f24\u5bb3\u51cf\u514d",
      "hideBonusDescription": false
    },
    {
      "type": "attribute",
      "name": "minecraft:generic.movement_speed",
      "value": -0.5,
      "interactionType": "self",
      "attributeOperation": 2,
      "modifierUUID": "e5eed144-92ba-11ee-b9d1-0242ac120002",
      "description": "\u00a7c -40% \u79fb\u52a8\u901f\u5ea6",
      "hideBonusDescription": false
    },
    {
      "type": "effect",
      "name": "minecraft:weakness",
      "interactionType": "immunity",
      "description": "\u00a76 \u83b7\u5f97\u865a\u5f31\u514d\u75ab",
      "onlyImmuneToNewEffects": true
    }
  ],
  "hideGeneratedTooltip": false
}