{
  "armorSetName": "\u5efa\u7b51\u5de5",
  "head": {
    "itemKey": "apocalypsenow:construction_helmet"
  },
  "chest": {
    "itemKey": "apocalypsenow:construction_chestplate"
  },
  "legs": {
    "itemKey": "apocalypsenow:construction_leggings"
  },
  "boots": {
    "itemKey": "apocalypsenow:construction_boots"
  },
  "mainHand": {
    "itemKey": "apocalypsenow:construction_axe",
    "mixAndMatch": [
      "apocalypsenow:construction_shovel"
    ]
  },
  "partialBonusRequiredAmount": 4,
  "partialSetBonuses": [
    {
      "type": "effect",
      "name": "minecraft:haste",
      "value": 1.0,
      "interactionType": "self",
      "interactionDuration": 300,
      "description": "\u00a76 \u83b7\u5f97\u6025\u8feb\u6548\u679c",
      "hideBonusDescription": false
    }
  ],
  "fullSetBonuses": [
    {
      "type": "attribute",
      "name": "minecraft:generic.attack_damage",
      "value": 1.5,
      "interactionType": "self",
      "attributeOperation": 1,
      "modifierUUID": "f0d5b4a7-0f6c-4c33-8204-b0e262b037e8",
      "description": "\u00a7a +150% \u8fd1\u6218\u4f24\u5bb3",
      "hideBonusDescription": false
    },
    {
      "type": "effect",
      "name": "minecraft:haste",
      "value": 1.0,
      "interactionType": "self",
      "interactionDuration": 300,
      "description": "\u00a76 \u83b7\u5f97\u6025\u8feb\u6548\u679c",
      "hideBonusDescription": false
    }
  ],
  "hideGeneratedTooltip": false
}