{
  "armorSetName": "\u6d88\u9632\u5458",
  "head": {
    "itemKey": "apocalypsenow:fire_figther_helmet"
  },
  "chest": {
    "itemKey": "apocalypsenow:fire_figther_chestplate"
  },
  "legs": {
    "itemKey": "apocalypsenow:fire_figther_leggings"
  },
  "boots": {
    "itemKey": "apocalypsenow:fire_figther_boots"
  },
  "mainHand": {
    "itemKey": "apocalypsenow:fire_axe",
    "mixAndMatch": [
      "apocalypsenow:wooden_fire_axe",
      "apocalypsenow:emergency_axe"
    ]
  },
  "partialBonusRequiredAmount": 4,
  "partialSetBonuses": [
    {
      "type": "effect",
      "name": "minecraft:fire_resistance",
      "value": 0.0,
      "interactionType": "self",
      "interactionDuration": 100.0,
      "description": "\u00a76 \u83b7\u5f97\u706b\u7130\u514d\u75ab",
      "hideBonusDescription": false
    }
  ],
  "fullSetBonuses": [
    {
      "type": "attribute",
      "name": "minecraft:generic.attack_damage",
      "value": 1.5,
      "interactionType": "self",
      "attributeOperation": 1,
      "modifierUUID": "203074d0-c4ed-41ea-9954-1b588a17aadf",
      "description": "\u00a7a +150% \u8fd1\u6218\u4f24\u5bb3",
      "hideBonusDescription": false
    },
    {
      "type": "effect",
      "name": "minecraft:fire_resistance",
      "value": 0.0,
      "interactionType": "self",
      "interactionDuration": 100.0,
      "description": "\u00a76 \u83b7\u5f97\u706b\u7130\u514d\u75ab",
      "hideBonusDescription": false
    }
  ],
  "hideGeneratedTooltip": false
}