{
  "armorSetName": "\u68ee\u6797\u62a4\u536b",
  "head": {
    "itemKey": "apocalypsenow:forestguard_helmet"
  },
  "chest": {
    "itemKey": "apocalypsenow:forestguard_chestplate"
  },
  "legs": {
    "itemKey": "apocalypsenow:forestguard_leggings"
  },
  "boots": {
    "itemKey": "apocalypsenow:forestguard_boots"
  },
  "fullSetBonuses": [
    {
      "type": "attribute",
      "name": "puffish_skills:player.ranged_damage",
      "value": 0.15,
      "interactionType": "self",
      "attributeOperation": 1,
      "modifierUUID": "766b4e0a-13f3-4e4f-8a2c-49b4f41da5b9",
      "description": "\u00a7d +15% \u8fdc\u7a0b\u4f24\u5bb3",
      "hideBonusDescription": false
    }
  ],
  "hideGeneratedTooltip": false
}