{
  "armorSetName": "\u96ea\u5730\u8ff7\u5f69",
  "head": {
    "itemKey": "apocalypsenow:snowghillie_helmet"
  },
  "chest": {
    "itemKey": "apocalypsenow:snowghillie_chestplate"
  },
  "legs": {
    "itemKey": "apocalypsenow:snowghillie_leggings"
  },
  "boots": {
    "itemKey": "apocalypsenow:snowghillie_boots"
  },
  "fullSetBonuses": [
    {
      "type": "attribute",
      "name": "minecraft:generic.movement_speed",
      "value": 0.5,
      "interactionType": "self",
      "attributeOperation": 1,
      "modifierUUID": "b4ac2d2b-2159-40c6-97dd-7d29ed622d5a",
      "description": "\u00a7a 50% \u5728\u96ea\u5730\u4e0a\u79fb\u52a8\u901f\u5ea6",
      "hideBonusDescription": false,
      "conditions": [
        {
          "type": "onblock",
          "extra": "minecraft:snow_block"
        }
      ]
    }
  ],
  "hideGeneratedTooltip": false
}