{
  "armorSetName": "\u5409\u5229\u670d",
  "head": {
    "itemKey": "apocalypsenow:ghilliesuit_helmet"
  },
  "chest": {
    "itemKey": "apocalypsenow:ghilliesuit_chestplate"
  },
  "legs": {
    "itemKey": "apocalypsenow:ghilliesuit_leggings"
  },
  "boots": {
    "itemKey": "apocalypsenow:ghilliesuit_boots"
  },
  "fullSetBonuses": [
    {
      "type": "attribute",
      "name": "minecraft:generic.movement_speed",
      "value": 0.5,
      "interactionType": "self",
      "attributeOperation": 1,
      "modifierUUID": "f1f46c2d-592a-408f-bb6b-3d66527cc7a7",
      "description": "\u00a7a 50% \u5728\u8349\u5730\u4e0a\u79fb\u52a8\u901f\u5ea6",
      "hideBonusDescription": false,
      "conditions": [
        {
          "type": "onblock",
          "extra": "minecraft:grass_block"
        }
      ]
    }
  ],
  "hideGeneratedTooltip": false
}