{
  "armorSetName": "\u6c99\u6f20\u8349\u88d9",
  "head": {
    "itemKey": "apocalypsenow:desertghillie_helmet"
  },
  "chest": {
    "itemKey": "apocalypsenow:desertghillie_chestplate"
  },
  "legs": {
    "itemKey": "apocalypsenow:desertghillie_leggings"
  },
  "boots": {
    "itemKey": "apocalypsenow:desertghillie_boots"
  },
  "fullSetBonuses": [
    {
      "type": "attribute",
      "name": "minecraft:generic.movement_speed",
      "value": 0.5,
      "interactionType": "self",
      "attributeOperation": 1,
      "modifierUUID": "dbaf0673-2b98-438d-8dda-5fb677a797e9",
      "description": "\u00a7a 50% \u5728\u6c99\u5b50\u4e0a\u79fb\u52a8\u901f\u5ea6",
      "hideBonusDescription": false,
      "conditions": [
        {
          "type": "onblock",
          "extra": "minecraft:sand"
        }
      ]
    }
  ],
  "hideGeneratedTooltip": false
}