{
  "armorSetName": "\u8fd0\u52a8\u5458",
  "head": {
    "itemKey": "apocalypsenow:hockey_helmet",
    "mixAndMatch": [
      "apocalypsenow:baseball_helmet_helmet"
    ]
  },
  "fullSetBonuses": [
    {
      "type": "effect",
      "name": "minecraft:nausea",
      "interactionType": "immunity",
      "description": "\u00a76 \u83b7\u5f97\u53cd\u80c3\u514d\u75ab",
      "onlyImmuneToNewEffects": true
    },
    {
      "type": "effect",
      "name": "minecraft:blindness",
      "interactionType": "immunity",
      "description": "\u00a76 \u83b7\u5f97\u5931\u660e\u514d\u75ab",
      "onlyImmuneToNewEffects": true
    }
  ],
  "hideGeneratedTooltip": false
}