{
  "armorSetName": "\u9632\u6bd2\u9762\u5177",
  "head": {
    "itemKey": "apocalypsenow:soldier_helmet",
    "mixAndMatch": [
      "apocalypsenow:gasmask_helmet",
      "apocalypsenow:pkm_4gasmask_helmet",
      "apocalypsenow:pbf_hamstergasmask_helmet",
      "apocalypsenow:gasmask_helmet",
      "apocalypsenow:rusty_helmet",
      "apocalypsenow:mcu2p_gasmask_helmet"
    ]
  },
  "fullSetBonuses": [
    {
      "type": "effect",
      "name": "zombie_extreme:radiation_effect",
      "interactionType": "immunity",
      "description": "\u00a76 \u83b7\u5f97\u8f90\u5c04\u514d\u75ab",
      "onlyImmuneToNewEffects": true
    }
  ],
  "hideGeneratedTooltip": false
}