{
  "armorSetName": "\u6469\u6258\u8f66\u5934\u76d4",
  "head": {
    "itemKey": "apocalypsenow:bikers_helmet",
    "mixAndMatch": [
      "apocalypsenow:red_bikers_helmet",
      "apocalypsenow:pink_bikers_helmet",
      "apocalypsenow:black_bikers_helmet",
      "apocalypsenow:green_bikers_helmet"
    ]
  },
  "fullSetBonuses": [
    {
      "type": "effect",
      "name": "minecraft:nausea",
      "interactionType": "immunity",
      "description": "\u00a76 \u83b7\u5f97\u53cd\u80c3\u514d\u75ab",
      "onlyImmuneToNewEffects": true
    },
    {
      "type": "effect",
      "name": "minecraft:blindness",
      "interactionType": "immunity",
      "description": "\u00a76 \u83b7\u5f97\u5931\u660e\u514d\u75ab",
      "onlyImmuneToNewEffects": true
    }
  ],
  "hideGeneratedTooltip": false
}