{
  "armorSetName": "\u4e3b\u5bb0",
  "head": {
    "itemKey": "apocalypsenow:juggernaut_helmet",
    "mixAndMatch": [
      "apocalypsenow:pbf_hamstergasmask_helmet"
    ]
  },
  "chest": {
    "itemKey": "apocalypsenow:juggernaut_chestplate"
  },
  "legs": {
    "itemKey": "apocalypsenow:juggernaut_leggings"
  },
  "boots": {
    "itemKey": "apocalypsenow:juggernaut_boots"
  },
  "mainHand": {
    "itemKey": "tac:db_short",
    "mixAndMatch": [
      "tac:aa_12",
      "tac:m870_classic",
      "tac:m1014"
    ]
  },
  "partialBonusRequiredAmount": 4,
  "partialSetBonuses": [
    {
      "type": "effect",
      "name": "minecraft:resistance",
      "value": 2.0,
      "interactionType": "self",
      "interactionDuration": 300,
      "description": "\u00a7a +30% \u4f24\u5bb3\u51cf\u514d",
      "hideBonusDescription": false
    },
    {
      "type": "attribute",
      "name": "minecraft:generic.movement_speed",
      "value": -0.3,
      "interactionType": "self",
      "attributeOperation": 2,
      "modifierUUID": "fd9402a4-92bc-11ee-b9d1-0242ac120002",
      "description": "\u00a7c -30% \u79fb\u52a8\u901f\u5ea6",
      "hideBonusDescription": false
    },
    {
      "type": "effect",
      "name": "minecraft:weakness",
      "interactionType": "immunity",
      "description": "\u00a76 \u83b7\u5f97\u865a\u5f31\u514d\u75ab",
      "onlyImmuneToNewEffects": true
    }
  ],
  "fullSetBonuses": [
    {
      "type": "attribute",
      "name": "puffish_skills:player.ranged_damage",
      "value": 0.2,
      "interactionType": "self",
      "attributeOperation": 1,
      "modifierUUID": "162b057e-92bd-11ee-b9d1-0242ac120002",
      "description": "\u00a7d +20% \u9730\u5f39\u67aa\u4f24\u5bb3",
      "hideBonusDescription": false
    },
    {
      "type": "effect",
      "name": "minecraft:resistance",
      "value": 2.0,
      "interactionType": "self",
      "interactionDuration": 300,
      "description": "\u00a7a +30% \u4f24\u5bb3\u51cf\u514d",
      "hideBonusDescription": false
    },
    {
      "type": "attribute",
      "name": "minecraft:generic.movement_speed",
      "value": -0.3,
      "interactionType": "self",
      "attributeOperation": 2,
      "modifierUUID": "01ef3ab2-92bd-11ee-b9d1-0242ac120002",
      "description": "\u00a7c -20% \u79fb\u52a8\u901f\u5ea6",
      "hideBonusDescription": false
    },
    {
      "type": "effect",
      "name": "minecraft:weakness",
      "interactionType": "immunity",
      "description": "\u00a76 \u83b7\u5f97\u865a\u5f31\u514d\u75ab",
      "onlyImmuneToNewEffects": true
    }
  ],
  "hideGeneratedTooltip": false
}