{
  "armorSetName": "\u57ce\u5e02\u8ff7\u5f69",
  "head": {
    "itemKey": "apocalypsenow:military_urban_helmet",
    "mixAndMatch": [
      "apocalypsenow:pkm_4gasmask_helmet"
    ]
  },
  "chest": {
    "itemKey": "apocalypsenow:military_urban_chestplate"
  },
  "legs": {
    "itemKey": "apocalypsenow:military_urban_leggings"
  },
  "boots": {
    "itemKey": "apocalypsenow:military_urban_boots"
  },
  "mainHand": {
    "itemKey": "tac:m24",
    "mixAndMatch": [
      "tac:m82a2",
      "tac:ai_awp",
      "tac:scar_mk20",
      "tac:mrad"
    ]
  },
  "partialBonusRequiredAmount": 4,
  "partialSetBonuses": [
    {
      "type": "attribute",
      "name": "minecraft:generic.attack_damage",
      "value": 0.1,
      "interactionType": "self",
      "attributeOperation": 1,
      "modifierUUID": "8e956211-b9cc-4e23-8c06-60a34e429cde",
      "description": "\u00a7a +10% \u8fd1\u6218\u4f24\u5bb3",
      "hideBonusDescription": false
    },
    {
      "type": "attribute",
      "name": "minecraft:generic.movement_speed",
      "value": 0.15,
      "interactionType": "self",
      "attributeOperation": 1,
      "modifierUUID": "8b1d17a1-eaca-4a65-8eda-4fef98fb6927",
      "description": "\u00a7a +15% \u79fb\u52a8\u901f\u5ea6",
      "hideBonusDescription": false
    },
    {
      "type": "attribute",
      "name": "forge:step_height_addition",
      "value": 0.5,
      "interactionType": "self",
      "attributeOperation": 0,
      "modifierUUID": "d5940a2d-ee1e-421d-9c3c-a4b7bda9cae1",
      "description": "\u00a7a +0.5 \u6b65\u8dc3\u9ad8\u5ea6",
      "hideBonusDescription": false
    },
    {
      "type": "effect",
      "name": "minecraft:weakness",
      "interactionType": "immunity",
      "description": "\u00a76 \u83b7\u5f97\u865a\u5f31\u514d\u75ab",
      "onlyImmuneToNewEffects": true
    }
  ],
  "fullSetBonuses": [
    {
      "type": "attribute",
      "name": "puffish_skills:player.ranged_damage",
      "value": 0.1,
      "interactionType": "self",
      "attributeOperation": 1,
      "modifierUUID": "8d9f62a4-92b7-11ee-b9d1-0242ac120002",
      "description": "\u00a7d +10% \u72d9\u51fb\u67aa\u4f24\u5bb3",
      "hideBonusDescription": false
    },
    {
      "type": "attribute",
      "name": "minecraft:generic.movement_speed",
      "value": 0.15,
      "interactionType": "self",
      "attributeOperation": 1,
      "modifierUUID": "1b295580-92b8-11ee-b9d1-0242ac120002",
      "description": "\u00a7a +15% \u79fb\u52a8\u901f\u5ea6",
      "hideBonusDescription": false
    },
    {
      "type": "attribute",
      "name": "forge:step_height_addition",
      "value": 0.5,
      "interactionType": "self",
      "attributeOperation": 0,
      "modifierUUID": "1b295774-92b8-11ee-b9d1-0242ac120002",
      "description": "\u00a7a +0.5 \u6b65\u8dc3\u9ad8\u5ea6",
      "hideBonusDescription": false
    }
  ],
  "hideGeneratedTooltip": false
}