{
  "armorSetName": "\u519b\u7528\u9632\u66b4",
  "head": {
    "itemKey": "apocalypsenow:military_riot_armor_helmet",
    "mixAndMatch": [
      "apocalypsenow:pkm_4gasmask_helmet"
    ]
  },
  "chest": {
    "itemKey": "apocalypsenow:military_riot_armor_chestplate"
  },
  "legs": {
    "itemKey": "apocalypsenow:military_riot_armor_leggings"
  },
  "boots": {
    "itemKey": "apocalypsenow:military_riot_armor_boots"
  },
  "fullSetBonuses": [
    {
      "type": "effect",
      "name": "minecraft:resistance",
      "value": 0.0,
      "interactionType": "self",
      "interactionDuration": 300,
      "description": "\u00a7a +10% \u4f24\u5bb3\u51cf\u514d",
      "hideBonusDescription": false
    },
    {
      "type": "attribute",
      "name": "minecraft:generic.attack_speed",
      "value": 0.2,
      "interactionType": "self",
      "attributeOperation": 2,
      "modifierUUID": "12ab6d86-61d1-4a80-998c-46a0e3716357",
      "description": "\u00a7a +20% \u653b\u51fb\u901f\u5ea6",
      "hideBonusDescription": false
    },
    {
      "type": "attribute",
      "name": "puffish_skills:player.stamina",
      "value": 0.5,
      "interactionType": "self",
      "attributeOperation": 2,
      "modifierUUID": "29444382-9380-11ee-b9d1-0242ac120002",
      "description": "\u00a7a +5% \u8010\u529b",
      "hideBonusDescription": false
    },
    {
      "type": "effect",
      "name": "minecraft:slowness",
      "value": 1.0,
      "interactionType": "attack",
      "interactionDuration": 200.0,
      "description": "\u00a76 \u9020\u6210\u4f24\u5bb3\u65f6\u9644\u52a0\u7f13\u6162 II"
    },
    {
      "type": "effect",
      "name": "zombiemobs:stun",
      "value": 1.0,
      "interactionType": "attack",
      "interactionDuration": 200.0,
      "description": "\u00a76 \u9020\u6210\u4f24\u5bb3\u65f6\u9644\u52a0\u51fb\u6655"
    }
  ],
  "hideGeneratedTooltip": false
}