{
  "armorSetName": "\u62a4\u58eb",
  "head": {
    "itemKey": "apocalypsenow:nurse_helmet"
  },
  "chest": {
    "itemKey": "apocalypsenow:nurse_chestplate"
  },
  "legs": {
    "itemKey": "apocalypsenow:nurse_leggings"
  },
  "boots": {
    "itemKey": "apocalypsenow:nurse_boots"
  },
  "mainHand": {
    "itemKey": "apocalypsenow:scissors",
    "mixAndMatch": [
      "apocalypsenow:scissorst",
      "apocalypsenow:scalpel"
    ]
  },
  "partialBonusRequiredAmount": 4,
  "partialSetBonuses": [
    {
      "type": "effect",
      "name": "minecraft:health_boost",
      "value": 1.0,
      "interactionType": "self",
      "interactionDuration": 100.0,
      "description": "\u00a76 \u589e\u52a0\u6700\u5927\u751f\u547d\u503c",
      "hideBonusDescription": false
    }
  ],
  "fullSetBonuses": [
    {
      "type": "attribute",
      "name": "minecraft:generic.attack_damage",
      "value": 1.5,
      "interactionType": "self",
      "attributeOperation": 1,
      "modifierUUID": "a1e9f5a6-4e36-4c87-b7f1-0268329dc30b",
      "description": "\u00a7a 150% \u8fd1\u6218\u4f24\u5bb3",
      "hideBonusDescription": false
    },
    {
      "type": "effect",
      "name": "minecraft:health_boost",
      "value": 1.0,
      "interactionType": "self",
      "interactionDuration": 100.0,
      "description": "\u00a76 \u589e\u52a0\u6700\u5927\u751f\u547d\u503c",
      "hideBonusDescription": false
    }
  ],
  "hideGeneratedTooltip": false
}