{
  "armorSetName": "\u8b66\u5bdf",
  "head": {
    "itemKey": "apocalypsenow:police_helmet"
  },
  "chest": {
    "itemKey": "apocalypsenow:police_chestplate"
  },
  "legs": {
    "itemKey": "apocalypsenow:police_leggings"
  },
  "boots": {
    "itemKey": "apocalypsenow:police_boots"
  },
  "mainHand": {
    "itemKey": "apocalypsenow:night_stick",
    "mixAndMatch": [
      "apocalypsenow:electric_baton"
    ]
  },
  "partialBonusRequiredAmount": 4,
  "partialSetBonuses": [
    {
      "type": "attribute",
      "name": "minecraft:generic.attack_damage",
      "value": 0.1,
      "interactionType": "self",
      "attributeOperation": 1,
      "modifierUUID": "2706b496-bd4d-4deb-be91-25e576d5f20f",
      "description": "\u00a7a +10% \u8fd1\u6218\u4f24\u5bb3",
      "hideBonusDescription": false
    }
  ],
  "fullSetBonuses": [
    {
      "type": "attribute",
      "name": "minecraft:generic.attack_damage",
      "value": 1.6,
      "interactionType": "self",
      "attributeOperation": 1,
      "modifierUUID": "4fca7493-3eb1-4549-b5c9-6bfbd3ab914a",
      "description": "\u00a7a +160% \u8fd1\u6218\u4f24\u5bb3",
      "hideBonusDescription": false
    },
    {
      "type": "effect",
      "name": "minecraft:slowness",
      "value": 0.0,
      "interactionType": "attack",
      "interactionDuration": 200.0,
      "description": "\u00a76 \u9020\u6210\u4f24\u5bb3\u65f6\u9644\u52a0\u7f13\u6162"
    }
  ],
  "hideGeneratedTooltip": false
}