{
  "armorSetName": "\u58eb\u5175",
  "head": {
    "itemKey": "apocalypsenow:soldier_helmet",
    "mixAndMatch": [
      "apocalypsenow:spec_ops_helmet"
    ]
  },
  "chest": {
    "itemKey": "apocalypsenow:soldier_chestplate"
  },
  "legs": {
    "itemKey": "apocalypsenow:soldier_leggings"
  },
  "boots": {
    "itemKey": "apocalypsenow:soldier_boots"
  },
  "mainHand": {
    "itemKey": "tac:m60",
    "mixAndMatch": [
      "tac:dp28",
      "tac:rpg7",
      "tac:rpk",
      "tac:m249"
    ]
  },
  "partialBonusRequiredAmount": 4,
  "partialSetBonuses": [
    {
      "type": "effect",
      "name": "minecraft:resistance",
      "value": 0.0,
      "interactionType": "self",
      "interactionDuration": 300,
      "description": "\u00a7a 10% \u4f24\u5bb3\u51cf\u514d",
      "hideBonusDescription": false
    },
    {
      "type": "attribute",
      "name": "minecraft:generic.movement_speed",
      "value": 0.15,
      "interactionType": "self",
      "attributeOperation": 1,
      "modifierUUID": "1da48952-92c1-11ee-b9d1-0242ac120002",
      "description": "\u00a7a +15% \u79fb\u52a8\u901f\u5ea6",
      "hideBonusDescription": false
    },
    {
      "type": "attribute",
      "name": "forge:step_height_addition",
      "value": 0.5,
      "interactionType": "self",
      "attributeOperation": 0,
      "modifierUUID": "24b3859a-937f-11ee-b9d1-0242ac120002",
      "description": "\u00a7a +0.5 \u6b65\u8dc3\u9ad8\u5ea6",
      "hideBonusDescription": false
    },
    {
      "type": "effect",
      "name": "minecraft:weakness",
      "interactionType": "immunity",
      "description": "\u00a76 \u83b7\u5f97\u865a\u5f31\u514d\u75ab",
      "onlyImmuneToNewEffects": true
    }
  ],
  "fullSetBonuses": [
    {
      "type": "attribute",
      "name": "puffish_skills:player.ranged_damage",
      "value": 0.2,
      "interactionType": "self",
      "attributeOperation": 1,
      "modifierUUID": "2028b798-92c1-11ee-b9d1-0242ac120002",
      "description": "\u00a7d +20% \u91cd\u578b\u6b66\u5668\u4f24\u5bb3",
      "hideBonusDescription": false
    },
    {
      "type": "effect",
      "name": "minecraft:resistance",
      "value": 0.0,
      "interactionType": "self",
      "interactionDuration": 300,
      "description": "\u00a7a 10% \u4f24\u5bb3\u51cf\u514d",
      "hideBonusDescription": false
    },
    {
      "type": "attribute",
      "name": "minecraft:generic.movement_speed",
      "value": 0.15,
      "interactionType": "self",
      "attributeOperation": 1,
      "modifierUUID": "2b40e650-92c1-11ee-b9d1-0242ac120002",
      "description": "\u00a7a +15% \u79fb\u52a8\u901f\u5ea6",
      "hideBonusDescription": false
    },
    {
      "type": "attribute",
      "name": "forge:step_height_addition",
      "value": 0.5,
      "interactionType": "self",
      "attributeOperation": 0,
      "modifierUUID": "28bd5c6a-937f-11ee-b9d1-0242ac120002",
      "description": "\u00a7a +0.5 \u6b65\u8dc3\u9ad8\u5ea6",
      "hideBonusDescription": false
    }
  ],
  "hideGeneratedTooltip": false
}