{
  "armorSetName": "\u7279\u79cd\u90e8\u961f",
  "head": {
    "itemKey": "apocalypsenow:spec_ops_helmet",
    "mixAndMatch": [
      "apocalypsenow:soldier_helmet"
    ]
  },
  "chest": {
    "itemKey": "apocalypsenow:spec_ops_chestplate"
  },
  "legs": {
    "itemKey": "apocalypsenow:spec_ops_leggings"
  },
  "boots": {
    "itemKey": "apocalypsenow:spec_ops_boots"
  },
  "mainHand": {
    "itemKey": "tac:ak47",
    "mixAndMatch": [
      "tac:m4",
      "tac:qbz_95",
      "tac:mk14",
      "tac:hk416_a5",
      "tac:type81_x",
      "tac:fn_fal",
      "tac:sig_mcx_spear",
      "tac:sks_tactical",
      "tac:qbz_191",
      "tac:m16a4",
      "tac:scar_h",
      "tac:scar_l",
      "tac:mk47",
      "tac:spr15",
      "tac:mk18_mod1",
      "tac:hk_g3"
    ]
  },
  "partialBonusRequiredAmount": 4,
  "partialSetBonuses": [
    {
      "type": "effect",
      "name": "minecraft:resistance",
      "value": 0.0,
      "interactionType": "self",
      "interactionDuration": 300,
      "description": "\u00a7a 10% \u4f24\u5bb3\u51cf\u514d",
      "hideBonusDescription": false
    },
    {
      "type": "attribute",
      "name": "minecraft:generic.movement_speed",
      "value": 0.15,
      "interactionType": "self",
      "attributeOperation": 1,
      "modifierUUID": "5152b1da-92c0-11ee-b9d1-0242ac120002",
      "description": "\u00a7a +15% \u79fb\u52a8\u901f\u5ea6",
      "hideBonusDescription": false
    },
    {
      "type": "attribute",
      "name": "forge:step_height_addition",
      "value": 0.5,
      "interactionType": "self",
      "attributeOperation": 0,
      "modifierUUID": "599a07e8-937f-11ee-b9d1-0242ac120002",
      "description": "\u00a7a +0.5 \u6b65\u8dc3\u9ad8\u5ea6",
      "hideBonusDescription": false
    },
    {
      "type": "effect",
      "name": "minecraft:weakness",
      "interactionType": "immunity",
      "description": "\u00a76 \u83b7\u5f97\u865a\u5f31\u514d\u75ab",
      "onlyImmuneToNewEffects": true
    }
  ],
  "fullSetBonuses": [
    {
      "type": "attribute",
      "name": "puffish_skills:player.ranged_damage",
      "value": 0.15,
      "interactionType": "self",
      "attributeOperation": 1,
      "modifierUUID": "a807d064-92c0-11ee-b9d1-0242ac120002",
      "description": "\u00a7d +15% \u6b65\u67aa\u4f24\u5bb3",
      "hideBonusDescription": false
    },
    {
      "type": "effect",
      "name": "minecraft:resistance",
      "value": 0.0,
      "interactionType": "self",
      "interactionDuration": 300,
      "description": "\u00a7a 10% \u4f24\u5bb3\u51cf\u514d",
      "hideBonusDescription": false
    },
    {
      "type": "attribute",
      "name": "minecraft:generic.movement_speed",
      "value": 0.15,
      "interactionType": "self",
      "attributeOperation": 1,
      "modifierUUID": "ac4d70ac-92c0-11ee-b9d1-0242ac120002",
      "description": "\u00a7a +15% \u79fb\u52a8\u901f\u5ea6",
      "hideBonusDescription": false
    },
    {
      "type": "attribute",
      "name": "forge:step_height_addition",
      "value": 0.5,
      "interactionType": "self",
      "attributeOperation": 0,
      "modifierUUID": "54c46b1e-937f-11ee-b9d1-0242ac120002",
      "description": "\u00a7a +0.5 \u6b65\u8dc3\u9ad8\u5ea6",
      "hideBonusDescription": false
    }
  ],
  "hideGeneratedTooltip": false
}