{
  "armorSetName": "\u9632\u66b4\u7279\u8b66",
  "head": {
    "itemKey": "apocalypsenow:swatriotcontrol_helmet",
    "mixAndMatch": [
      "apocalypsenow:pbf_hamstergasmask_helmet"
    ]
  },
  "chest": {
    "itemKey": "apocalypsenow:swatriotcontrol_chestplate"
  },
  "legs": {
    "itemKey": "apocalypsenow:swatriotcontrol_leggings"
  },
  "boots": {
    "itemKey": "apocalypsenow:swatriotcontrol_boots"
  },
  "mainHand": {
    "itemKey": "apocalypsenow:tactical_knife",
    "mixAndMatch": [
      "apocalypsenow:tactical_machete",
      "apocalypsenow:tatical_mace",
      "apocalypsenow:tactical_sword",
      "apocalypsenow:electrical_tactical_mace",
      "apocalypsenow:katana",
      "apocalypsenow:military_shovel",
      "apocalypsenow:combat_axe",
      "apocalypsenow:electrical_combat_axe",
      "apocalypsenow:kukri_machete",
      "apocalypsenow:electric_baton"
    ]
  },
  "partialBonusRequiredAmount": 4,
  "partialSetBonuses": [
    {
      "type": "effect",
      "name": "minecraft:resistance",
      "value": 1.0,
      "interactionType": "self",
      "interactionDuration": 300,
      "description": "\u00a7a +20% \u4f24\u5bb3\u51cf\u514d",
      "hideBonusDescription": false
    },
    {
      "type": "attribute",
      "name": "minecraft:generic.attack_speed",
      "value": 0.1,
      "interactionType": "self",
      "attributeOperation": 2,
      "modifierUUID": "a014ca12-937c-11ee-b9d1-0242ac120002",
      "description": "\u00a7a +10% \u653b\u51fb\u901f\u5ea6",
      "hideBonusDescription": false
    },
    {
      "type": "attribute",
      "name": "minecraft:generic.movement_speed",
      "value": 0.15,
      "interactionType": "self",
      "attributeOperation": 1,
      "modifierUUID": "a57f888e-937c-11ee-b9d1-0242ac120002",
      "description": "\u00a7a +15% \u79fb\u52a8\u901f\u5ea6",
      "hideBonusDescription": false
    },
    {
      "type": "effect",
      "name": "minecraft:weakness",
      "interactionType": "immunity",
      "description": "\u00a76 \u83b7\u5f97\u865a\u5f31\u514d\u75ab",
      "onlyImmuneToNewEffects": true
    }
  ],
  "fullSetBonuses": [
    {
      "type": "attribute",
      "name": "minecraft:generic.attack_damage",
      "value": 0.3,
      "interactionType": "self",
      "attributeOperation": 1,
      "modifierUUID": "a95283a8-937c-11ee-b9d1-0242ac120002",
      "description": "\u00a7a +30% \u8fd1\u6218\u4f24\u5bb3",
      "hideBonusDescription": false
    },
    {
      "type": "effect",
      "name": "minecraft:resistance",
      "value": 1.0,
      "interactionType": "self",
      "interactionDuration": 300,
      "description": "\u00a7a +20% \u4f24\u5bb3\u51cf\u514d",
      "hideBonusDescription": false
    },
    {
      "type": "attribute",
      "name": "minecraft:generic.attack_speed",
      "value": 0.15,
      "interactionType": "self",
      "attributeOperation": 2,
      "modifierUUID": "bcc8e1e8-937c-11ee-b9d1-0242ac120002",
      "description": "\u00a7a +15% \u653b\u51fb\u901f\u5ea6",
      "hideBonusDescription": false
    },
    {
      "type": "attribute",
      "name": "minecraft:generic.movement_speed",
      "value": 0.15,
      "interactionType": "self",
      "attributeOperation": 1,
      "modifierUUID": "ad807dc2-937c-11ee-b9d1-0242ac120002",
      "description": "\u00a7a +15% \u79fb\u52a8\u901f\u5ea6",
      "hideBonusDescription": false
    },
    {
      "type": "effect",
      "name": "minecraft:weakness",
      "interactionType": "immunity",
      "description": "\u00a76 \u83b7\u5f97\u865a\u5f31\u514d\u75ab",
      "onlyImmuneToNewEffects": true
    }
  ],
  "hideGeneratedTooltip": false
}