{
  "armorSetName": "\u9632\u5316\u670d",
  "head": {
    "itemKey": "apocalypsenow:hazmat_suit_helmet"
  },
  "chest": {
    "itemKey": "apocalypsenow:hazmat_suit_chestplate"
  },
  "legs": {
    "itemKey": "apocalypsenow:hazmat_suit_leggings"
  },
  "boots": {
    "itemKey": "apocalypsenow:hazmat_suit_boots"
  },
  "fullSetBonuses": [
    {
      "type": "effect",
      "name": "minecraft:poison",
      "interactionType": "immunity",
      "description": "\u00a76 \u83b7\u5f97\u4e2d\u6bd2\u514d\u75ab",
      "onlyImmuneToNewEffects": true
    },
    {
      "type": "effect",
      "name": "hordes:infected",
      "interactionType": "immunity",
      "description": "\u00a76 \u83b7\u5f97\u611f\u67d3\u514d\u75ab",
      "onlyImmuneToNewEffects": true
    },
    {
      "type": "effect",
      "name": "undead_revamp2:toxicfumes",
      "interactionType": "immunity",
      "description": "\u00a76 \u83b7\u5f97\u6709\u6bd2\u6c14\u4f53\u514d\u75ab",
      "onlyImmuneToNewEffects": true
    },
    {
      "type": "effect",
      "name": "undead_revamp2:gooed",
      "interactionType": "immunity",
      "description": "\u00a76 \u83b7\u5f97\u7c98\u6db2\u8986\u76d6\u514d\u75ab",
      "onlyImmuneToNewEffects": true
    }
  ],
  "hideGeneratedTooltip": false
}