{
  "armorSetName": "\u751f\u5316\u5371\u673a",
  "head": {
    "itemKey": "apocalypsenow:biohazard_helmet"
  },
  "chest": {
    "itemKey": "apocalypsenow:biohazard_chestplate"
  },
  "legs": {
    "itemKey": "apocalypsenow:biohazard_leggings"
  },
  "boots": {
    "itemKey": "apocalypsenow:biohazard_boots"
  },
  "fullSetBonuses": [
    {
      "type": "effect",
      "name": "minecraft:poison",
      "interactionType": "immunity",
      "description": "\u00a76 \u83b7\u5f97\u4e2d\u6bd2\u514d\u75ab",
      "onlyImmuneToNewEffects": true
    },
    {
      "type": "effect",
      "name": "minecraft:blindness",
      "interactionType": "immunity",
      "description": "\u00a76 \u83b7\u5f97\u5931\u660e\u514d\u75ab",
      "onlyImmuneToNewEffects": true
    },
    {
      "type": "effect",
      "name": "minecraft:nausea",
      "interactionType": "immunity",
      "description": "\u00a76 \u83b7\u5f97\u53cd\u80c3\u514d\u75ab",
      "onlyImmuneToNewEffects": true
    },
    {
      "type": "effect",
      "name": "hordes:infected",
      "interactionType": "immunity",
      "description": "\u00a76 \u83b7\u5f97\u611f\u67d3\u514d\u75ab",
      "onlyImmuneToNewEffects": true
    },
    {
      "type": "effect",
      "name": "mutationcraft:mutagen_sickness",
      "interactionType": "immunity",
      "description": "\u00a76 \u83b7\u5f97\u53d8\u5f02\u514d\u75ab",
      "onlyImmuneToNewEffects": true
    },
    {
      "type": "effect",
      "name": "undead_revamp2:toxicfumes",
      "interactionType": "immunity",
      "description": "\u00a76 \u83b7\u5f97\u6709\u6bd2\u6c14\u4f53\u514d\u75ab",
      "onlyImmuneToNewEffects": true
    },
    {
      "type": "effect",
      "name": "undead_revamp2:gooed",
      "interactionType": "immunity",
      "description": "\u00a76 \u83b7\u5f97\u7c98\u6db2\u8986\u76d6\u514d\u75ab",
      "onlyImmuneToNewEffects": true
    }
  ],
  "hideGeneratedTooltip": false
}