{
  "name": "阿图姆",
  "icon": "emendatusenigmatica:gold_chunk",
  "category": "patchouli:ores",
  "sortnum": 2,
  "pages": [
    {
      "type": "patchouli:spotlight",
      "item": "emendatusenigmatica:gold_chunk",
      "title": "金矿石",
      "link_recipe": true,
      "text": "只能在阿图姆的32层以下找到金矿石。"
    },
    {
      "type": "patchouli:spotlight",
      "item": "minecraft:diamond",
      "title": "钻石矿石",
      "link_recipe": true,
      "text": "只能在阿图姆的16层以下找到钻石矿石。"
    },
    {
      "type": "patchouli:spotlight",
      "item": "atum:nebu_ore",
      "title": "奈布矿石",
      "link_recipe": true,
      "text": "只能在阿图姆的64层以下找到奈布矿石。"
    },
    {
      "type": "patchouli:spotlight",
      "item": "atum:relic_ore",
      "title": "遗物化石",
      "link_recipe": true,
      "text": "只能在阿图姆的64层以下找到遗物化石。"
    }
  ]
}