{
  "name": "镭射钻",
  "icon": "industrialforegoing:laser_drill",
  "category": "patchouli:ores",
  "sortnum": 7,
  "pages": [
    {
      "type": "patchouli:spotlight",
      "item": "minecraft:quartz",
      "title": "下界石英",
      "link_recipe": true,
      "text": "工业先锋的镭射钻能生成下界石英"
    },
    {
      "type": "patchouli:spotlight",
      "item": "emendatusenigmatica:apatite_gem",
      "title": "磷灰石",
      "link_recipe": true,
      "text": "工业先锋的镭射钻能生成磷灰石。"
    },
    {
      "type": "patchouli:spotlight",
      "item": "emendatusenigmatica:aluminum_chunk",
      "title": "铝矿块",
      "link_recipe": true,
      "text": "工业先锋的镭射钻能生成铝矿块"
    },
    {
      "type": "patchouli:spotlight",
      "item": "betterendforge:thallasium_ore",
      "title": "铊矿",
      "link_recipe": true,
      "text": "工业先锋的镭射钻能生成铊矿"
    },
    {
      "type": "patchouli:spotlight",
      "item": "minecraft:emerald",
      "title": "绿宝石",
      "link_recipe": true,
      "text": "工业先锋的镭射钻能生成绿宝石"
    },
    {
      "type": "patchouli:spotlight",
      "item": "emendatusenigmatica:gold_chunk",
      "title": "金矿块",
      "link_recipe": true,
      "text": "工业先锋的镭射钻能生成金矿块"
    },
    {
      "type": "patchouli:spotlight",
      "item": "emendatusenigmatica:cobalt_chunk",
      "title": "钴矿块",
      "link_recipe": true,
      "text": "工业先锋的镭射钻能生成钴矿块"
    },
    {
      "type": "patchouli:spotlight",
      "item": "emendatusenigmatica:silver_chunk",
      "title": "银矿块",
      "link_recipe": true,
      "text": "工业先锋的镭射钻能生成银矿块"
    },
    {
      "type": "patchouli:spotlight",
      "item": "emendatusenigmatica:tin_chunk",
      "title": "锡矿块",
      "link_recipe": true,
      "text": "工业先锋的镭射钻能生成锡矿块"
    },
    {
      "type": "patchouli:spotlight",
      "item": "emendatusenigmatica:cinnabar_gem",
      "title": "朱砂",
      "link_recipe": true,
      "text": "工业先锋的镭射钻能生成朱砂"
    },
    {
      "type": "patchouli:spotlight",
      "item": "emendatusenigmatica:nickel_chunk",
      "title": "镍矿块",
      "link_recipe": true,
      "text": "工业先锋的镭射钻能生成镍矿块"
    },
    {
      "type": "patchouli:spotlight",
      "item": "emendatusenigmatica:zinc_chunk",
      "title": "锌矿块",
      "link_recipe": true,
      "text": "工业先锋的镭射钻能生成锌矿块"
    },
    {
      "type": "patchouli:spotlight",
      "item": "minecraft:glowstone_dust",
      "title": "荧石粉",
      "link_recipe": true,
      "text": "工业先锋的镭射钻能生成荧石粉"
    },
    {
      "type": "patchouli:spotlight",
      "item": "minecraft:diamond",
      "title": "钻石",
      "link_recipe": true,
      "text": "工业先锋的镭射钻能生成钻石"
    },
    {
      "type": "patchouli:spotlight",
      "item": "emendatusenigmatica:uranium_chunk",
      "title": "铀矿块",
      "link_recipe": true,
      "text": "工业先锋的镭射钻能生成铀矿块"
    },
    {
      "type": "patchouli:spotlight",
      "item": "emendatusenigmatica:potassium_nitrate_gem",
      "title": "硝酸钾",
      "link_recipe": true,
      "text": "工业先锋的镭射钻能生成硝酸钾"
    },
    {
      "type": "patchouli:spotlight",
      "item": "minecraft:coal",
      "title": "煤炭",
      "link_recipe": true,
      "text": "工业先锋的镭射钻能生成煤炭"
    },
    {
      "type": "patchouli:spotlight",
      "item": "emendatusenigmatica:lead_chunk",
      "title": "铅矿块",
      "link_recipe": true,
      "text": "工业先锋的镭射钻能生成铅矿块"
    },
    {
      "type": "patchouli:spotlight",
      "item": "emendatusenigmatica:bitumen_gem",
      "title": "沥青",
      "link_recipe": true,
      "text": "工业先锋的镭射钻能生成沥青"
    },
    {
      "type": "patchouli:spotlight",
      "item": "appliedenergistics2:certus_quartz_crystal",
      "title": "赛特斯石英水晶",
      "link_recipe": true,
      "text": "工业先锋的镭射钻能生成赛特斯石英水晶"
    },
    {
      "type": "patchouli:spotlight",
      "item": "minecraft:redstone",
      "title": "红石粉",
      "link_recipe": true,
      "text": "工业先锋的镭射钻能生成红石粉"
    },
    {
      "type": "patchouli:spotlight",
      "item": "emendatusenigmatica:copper_chunk",
      "title": "铜矿块",
      "link_recipe": true,
      "text": "工业先锋的镭射钻能生成铜矿块"
    },
    {
      "type": "patchouli:spotlight",
      "item": "emendatusenigmatica:sulfur_gem",
      "title": "硫",
      "link_recipe": true,
      "text": "工业先锋的镭射钻能生成硫"
    },
    {
      "type": "patchouli:spotlight",
      "item": "minecraft:lapis_lazuli",
      "title": "青金石",
      "link_recipe": true,
      "text": "工业先锋的镭射钻能生成青金石"
    },
    {
      "type": "patchouli:spotlight",
      "item": "atum:relic_ore",
      "title": "遗物化石",
      "link_recipe": true,
      "text": "工业先锋的镭射钻能生成遗物化石"
    },
    {
      "type": "patchouli:spotlight",
      "item": "emendatusenigmatica:iron_chunk",
      "title": "铁矿块",
      "link_recipe": true,
      "text": "工业先锋的镭射钻能生成铁矿块"
    },
    {
      "type": "patchouli:spotlight",
      "item": "botania:life_essence",
      "title": "盖亚之魂",
      "link_recipe": true,
      "text": "工业先锋的镭射钻能生成盖亚之魂，但你需要将机器安装在应用能源2的封闭空间内。"
    },
    {
      "type": "patchouli:spotlight",
      "item": "atum:nebu_ore",
      "title": "奈布矿石",
      "link_recipe": true,
      "text": "工业先锋的镭射钻能生成奈布矿石"
    }
  ]
}