{
  "name": "矿石处理",
  "icon": "emendatusenigmatica:uranium_ingot",
  "category": "patchouli:ores",
  "sortnum": -1,
  "pages": [
    {
      "type": "patchouli:text",
      "text": "只要把任何1个矿石或矿块扔进水中，就能得到对应矿物的1个粒。"
    },
    {
      "type": "patchouli:image",
      "images": [
        "proletaria:textures/gui/patchouli_book/water.png"
      ],
      "title": "Water Washing",
      "border": true
    },
    {
      "type": "patchouli:spotlight",
      "item": "botania:mana_pool",
      "title": "魔力池",
      "link_recipe": true,
      "text": "只要把任何1个矿石或矿块扔进一个魔力池中，就能得到对应矿物的3个粒。"
    },
    {
      "type": "patchouli:multiblock",
      "multiblock_id": "oremanapool",
      "multiblock": {
        "pattern": [
          [
            "0"
          ]
        ],
        "mapping": {
          "0": "botania:mana_pool"
        }
      }
    },
    {
      "type": "patchouli:spotlight",
      "item": "tconstruct:seared_melter",
      "title": "匠魂熔化炉",
      "link_recipe": true,
      "text": "将1个矿石或矿块放入匠魂熔化炉中，每个会给你96mb的流体，也就是6个粒。"
    },
    {
      "type": "patchouli:multiblock",
      "multiblock_id": "oremelter",
      "multiblock": {
        "pattern": [
          [
            "2",
            "0"
          ],
          [
            "3",
            "1"
          ]
        ],
        "mapping": {
          "0": "tconstruct:seared_melter[facing=south]",
          "1": "tconstruct:seared_heater[facing=south]",
          "2": "tconstruct:seared_faucet[facing=west]",
          "3": "tconstruct:seared_table"
        },
        "offset": [
          0,
          -1,
          0
        ]
      }
    },
    {
      "type": "patchouli:text",
      "title": "植物学家的冶炼厂",
      "text": "将1个矿石或矿块放入植物学家的冶炼厂中，每块矿石会给你1个完整的锭。"
    },
    {
      "type": "patchouli:multiblock",
      "multiblock_id": "botanists_smelter",
      "multiblock": {
        "pattern": [
          [
            "____",
            "36bc",
            ")785",
            "36ad",
            "____"
          ],
          [
            "3ebb",
            ")  1",
            ")  1",
            ")  1",
            "34aa"
          ],
          [
            "))2*",
            ")A 1",
            ")A 1",
            ")A 1",
            "))/0"
          ],
          [
            "))*.",
            ")+,-",
            ")+ *",
            ")+,*",
            "))**"
          ]
        ],
        "mapping": {
          ")": "immersiveengineering:sheetmetal_copper",
          "*": "botania:livingrock",
          "+": "minecraft:redstone_block",
          ",": "create:shaft[axis=z]",
          "-": "create:gearbox[axis=y]",
          ".": "masterfulmachinery:livingrock_default_port_create_rotation_input",
          "/": "masterfulmachinery:livingrock_default_port_items_output",
          "A": "minecraft:campfire",
          "1": "#forge:glass",
          "2": "masterfulmachinery:livingrock_default_port_items_input",
          "3": "immersiveengineering:slab_sheetmetal_copper",
          "4": "minecraft:jack_o_lantern[facing=east]",
          "e": "minecraft:jack_o_lantern[facing=west]",
          "5": "botania:livingrock_stairs",
          "a": "botania:livingrock_stairs[facing=west]",
          "b": "botania:livingrock_stairs[facing=east]",
          "c": "botania:livingrock_stairs[facing=east,shape=outer_left]",
          "d": "botania:livingrock_stairs[facing=west,shape=outer_right]",
          "6": "immersiveengineering:chute_copper",
          "7": "botania:mana_spreader",
          "8": "masterfulmachinery:livingrock_default_port_botania_mana_input",
          "0": "masterfulmachinery:livingrock_controller[facing=south]"
        },
        "symmetrical": false,
        "offset": [
          -2,
          -1,
          0
        ]
      }
    },
    {
      "type": "patchouli:text",
      "title": "植物学家的高炉",
      "text": "将1个矿石或矿块放入植物学家的高炉中，每块矿石会给你1个完整的锭，并有机会获得额外的粒。"
    },
    {
      "type": "patchouli:multiblock",
      "multiblock_id": "botanists_blaster",
      "multiblock": {
        "pattern": [
          [
            "____",
            "36bc",
            ")785",
            "36ad",
            "____"
          ],
          [
            "3ebb",
            ")  1",
            ")  1",
            ")  1",
            "34aa"
          ],
          [
            "))2*",
            ")A 1",
            ")A 1",
            ")A 1",
            "))/0"
          ],
          [
            "))*.",
            ")+,-",
            ")+ *",
            ")+,*",
            "))**"
          ]
        ],
        "mapping": {
          ")": "immersiveengineering:sheetmetal_iron",
          "*": "botania:livingrock",
          "+": "minecraft:redstone_block",
          ",": "create:shaft[axis=z]",
          "-": "create:gearbox[axis=y]",
          ".": "masterfulmachinery:livingrock_default_port_create_rotation_input",
          "/": "masterfulmachinery:livingrock_default_port_items_output",
          "A": "minecraft:campfire",
          "1": "#forge:glass",
          "2": "masterfulmachinery:livingrock_default_port_items_input",
          "3": "immersiveengineering:slab_sheetmetal_iron",
          "4": "minecraft:jack_o_lantern[facing=east]",
          "e": "minecraft:jack_o_lantern[facing=west]",
          "5": "botania:livingrock_stairs",
          "a": "botania:livingrock_stairs[facing=west]",
          "b": "botania:livingrock_stairs[facing=east]",
          "c": "botania:livingrock_stairs[facing=east,shape=outer_left]",
          "d": "botania:livingrock_stairs[facing=west,shape=outer_right]",
          "6": "immersiveengineering:chute_iron",
          "7": "botania:mana_spreader",
          "8": "masterfulmachinery:livingrock_default_port_botania_mana_input",
          "0": "masterfulmachinery:livingrock_controller[facing=south]"
        },
        "symmetrical": false,
        "offset": [
          -2,
          -1,
          0
        ]
      }
    },
    {
      "type": "patchouli:spotlight",
      "item": "tconstruct:smeltery_controller",
      "title": "匠魂冶炼炉",
      "link_recipe": true,
      "text": "将1个矿石或矿块放入匠魂冶炼炉中，每块矿石会给你1个完整的锭，如果你想制造更好的工具，就会很有用。"
    },
    {
      "type": "patchouli:multiblock",
      "multiblock_id": "tinkers_smeltery",
      "multiblock": {
        "pattern": [
          [
            "__6__",
            "_131_",
            "1   1",
            "1   1",
            "1   1",
            "_171_",
            "__8__"
          ],
          [
            "__4__",
            "_211_",
            "1   1",
            "1   0",
            "1   1",
            "_111_",
            "__5__"
          ],
          [
            "_____",
            "_____",
            "_111_",
            "_111_",
            "_111_",
            "_____",
            "_____"
          ]
        ],
        "mapping": {
          "0": "tconstruct:smeltery_controller[facing=south]",
          "1": "tconstruct:seared_bricks",
          "2": "tconstruct:seared_fuel_tank",
          "3": "tconstruct:seared_drain[facing=west]",
          "4": "tconstruct:seared_table",
          "5": "tconstruct:seared_basin",
          "6": "tconstruct:seared_faucet[facing=west]",
          "7": "tconstruct:seared_drain[facing=east]",
          "8": "tconstruct:seared_faucet[facing=east]"
        }
      }
    }
  ]
}