{
  "name": "凝矿兰",
  "icon": "emendatusenigmatica:iron_chunk",
  "category": "patchouli:ores",
  "sortnum": 1,
  "pages": [
    {
      "type": "patchouli:spotlight",
      "item": "emendatusenigmatica:iron_chunk",
      "title": "铁矿石",
      "link_recipe": true,
      "text": "凝矿兰能生成铁矿石"
    },
    {
      "type": "patchouli:spotlight",
      "item": "emendatusenigmatica:tin_chunk",
      "title": "锡矿石",
      "link_recipe": true,
      "text": "凝矿兰能生成锡矿石"
    },
    {
      "type": "patchouli:spotlight",
      "item": "emendatusenigmatica:copper_chunk",
      "title": "铜矿石",
      "link_recipe": true,
      "text": "凝矿兰能生成铜矿石"
    },
    {
      "type": "patchouli:spotlight",
      "item": "emendatusenigmatica:zinc_chunk",
      "title": "锌矿石",
      "link_recipe": true,
      "text": "凝矿兰能生成锌矿石"
    },
    {
      "type": "patchouli:spotlight",
      "item": "minecraft:coal",
      "title": "煤炭矿石",
      "link_recipe": true,
      "text": "凝矿兰能生成煤炭矿石"
    },
    {
      "type": "patchouli:spotlight",
      "item": "emendatusenigmatica:uranium_chunk",
      "title": "铀矿石",
      "link_recipe": true,
      "text": "凝矿兰能生成铀矿石"
    }
  ]
}