{
  "name": "主世界",
  "icon": "emendatusenigmatica:copper_chunk",
  "category": "patchouli:ores",
  "sortnum": 0,
  "pages": [
    {
      "type": "patchouli:spotlight",
      "item": "emendatusenigmatica:copper_chunk",
      "title": "铜矿石",
      "link_recipe": true,
      "text": "可以在主世界的150层和20层之间找到铜矿石，或可能被凝矿兰生成"
    },
    {
      "type": "patchouli:spotlight",
      "item": "emendatusenigmatica:zinc_chunk",
      "title": "锌矿石",
      "link_recipe": true,
      "text": "可以在主世界的135层和5层之间找到锌矿石，或可能被凝矿兰生成"
    },
    {
      "type": "patchouli:spotlight",
      "item": "minecraft:redstone",
      "title": "红石矿石",
      "link_recipe": true,
      "text": "可以在主世界的28层和4层之间找到红石矿石"
    },
    {
      "type": "patchouli:spotlight",
      "item": "minecraft:lapis_lazuli",
      "title": "青金石矿石",
      "link_recipe": true,
      "text": "可以在主世界的36层和12层之间找到青金石矿石"
    },
    {
      "type": "patchouli:spotlight",
      "item": "minecraft:emerald",
      "title": "绿宝石矿石",
      "link_recipe": true,
      "text": "可以在主世界的52层和12层之间找到绿宝石矿石"
    },
    {
      "type": "patchouli:spotlight",
      "item": "minecraft:coal",
      "title": "煤炭矿石",
      "link_recipe": true,
      "text": "可以在主世界的160层和1层之间找到煤炭矿石，或可能被凝矿兰生成"
    },
    {
      "type": "patchouli:spotlight",
      "item": "emendatusenigmatica:bitumen_gem",
      "title": "沥青矿石",
      "link_recipe": true,
      "text": "可以在主世界的160层和40层之间找到沥青矿石"
    },
    {
      "type": "patchouli:spotlight",
      "item": "thermal:apatite",
      "title": "磷灰石矿石",
      "link_recipe": true,
      "text": "可以在主世界的128层和64层之间找到磷灰石矿石"
    }
  ]
}