{
  "name": "下界",
  "icon": "emendatusenigmatica:silver_chunk",
  "category": "patchouli:ores",
  "sortnum": 3,
  "pages": [
    {
      "type": "patchouli:spotlight",
      "item": "emendatusenigmatica:silver_chunk",
      "title": "银矿",
      "link_recipe": true,
      "text": "只能在下界的98层和46层之间找到银矿"
    },
    {
      "type": "patchouli:spotlight",
      "item": "minecraft:quartz",
      "title": "下界石英矿",
      "link_recipe": true,
      "text": "只能在下界的140层和40层之间找到下界石英矿"
    },
    {
      "type": "patchouli:spotlight",
      "item": "emendatusenigmatica:sulfur_gem",
      "title": "硫矿",
      "link_recipe": true,
      "text": "只能在下界的30层和46层之间找到硫矿"
    },
    {
      "type": "patchouli:spotlight",
      "item": "emendatusenigmatica:lead_chunk",
      "title": "铅矿",
      "link_recipe": true,
      "text": "只能在下界的62层和10层之间找到铅矿" 
    }
  ]
}