{
  "controllerId": "compressor",
  "name": "\u7099\u70ed\u538b\u7f29\u673a",
  "textureOverride": "tconstruct:block/foundry/scorched/chiseled",
  "ports": [
    {
      "type": "masterfulmachinery:items",
      "id": "default",
      "name": "\u7269\u54c1",
      "textureOverride": "tconstruct:block/foundry/scorched/bricks",
      "data": {
        "columns": 3,
        "rows": 3
      }
    },
    {
      "type": "masterfulmachinery:energy",
      "id": "default",
      "name": "\u80fd\u91cf",
      "textureOverride": "tconstruct:block/foundry/scorched/bricks",
      "data": {
        "capacity": 1000000
      }
    }
  ]
}