{
  "controllerId": "livingwood",
  "name": "\u6d3b\u6728",
  "textureOverride": "botania:block/livingwood",
  "ports": [
    {
      "type": "masterfulmachinery:botania_mana",
      "textureOverride": "botania:block/livingrock_bricks",
      "id": "default",
      "name": "\u9b54\u529b",
      "data": {
        "capacity": 20000
      }
    },
    {
      "type": "masterfulmachinery:items",
      "textureOverride": "botania:block/mossy_livingwood_planks",
      "id": "default",
      "name": "\u7269\u54c1",
      "data": {
        "columns": 3,
        "rows": 1
      }
    },
    {
      "type": "masterfulmachinery:fluids",
	  "textureOverride": "botania:block/mossy_livingwood_planks",
      "id": "default",
      "name": "\u6d41\u4f53",
      "data": {
        "capacity": 8000
      }
    }
  ]
}