{
  "controllerId": "livingrock",
  "name": "\u6d3b\u77f3",
  "textureOverride": "botania:block/livingrock",
  "ports": [
    {
      "type": "masterfulmachinery:botania_mana",
      "id": "default",
      "name": "\u9b54\u529b",
      "data": {
        "capacity": 20000
      }
    },
    {
      "type": "masterfulmachinery:items",
      "id": "default",
      "name": "\u7269\u54c1",
      "data": {
        "columns": 3,
        "rows": 3
      }
    },
    {
      "type": "masterfulmachinery:create_rotation",
      "id": "default",
      "name": "\u5e94\u529b",
      "data": {
        "stress": 8
      }
    }
  ]
}