{
  "controllerId": "mysticwood",
  "name": "\u795e\u79d8\u6728",
  "textureOverride": "kubejs:block/mysticwood_planks",
  "ports": [
    {
      "type": "masterfulmachinery:items",
      "id": "default",
      "name": "\u7269\u54c1",
      "data": {
        "columns": 3,
        "rows": 3
      }
    },
    {
      "type": "masterfulmachinery:fluids",
      "id": "default",
      "name": "\u6d41\u4f53",
      "data": {
        "capacity": 8000
      }
    },
    {
      "type": "masterfulmachinery:botania_mana",
      "id": "default",
      "name": "\u9b54\u529b",
      "data": {
        "capacity": 192000
      }
    },
    {
      "type": "masterfulmachinery:create_rotation",
      "id": "default",
      "name": "\u5e94\u529b",
      "data": {
        "stress": 4
      }
    }
  ]
}