{
  "controllerId": "pressure_former",
  "name": "\u538b\u529b\u6210\u578b\u673a",
  "textureOverride": "appliedenergistics2:block/sky_stone_brick",
  "ports": [
    {
      "type": "masterfulmachinery:items",
      "id": "default",
      "name": "\u7269\u54c1",
      "data": {
        "columns": 1,
        "rows": 1
      }
    },
    {
      "type": "masterfulmachinery:items",
      "id": "large",
      "name": "\u7269\u54c1",
      "data": {
        "columns": 2,
        "rows": 2
      }
    },
    {
      "type": "masterfulmachinery:fluids",
      "id": "default",
      "name": "\u6d41\u4f53",
      "data": {
        "capacity": 64000
      }
    },
    {
      "type": "masterfulmachinery:energy",
      "id": "default",
      "name": "\u80fd\u91cf",
      "data": {
        "capacity": 1000000
      }
    },
    {
      "type": "masterfulmachinery:pncr_pressure",
      "id": "default",
      "name": "\u538b\u529b",
      "data": {
        "volume": 1000,
        "dangerPressure": 20,
        "criticalPressure": 20
      }
    }
  ]
}