{
	"root_sprint_speed+5%": {
		"title": "+5% 移动速度",
		"description": "通过步行、跑步和游泳获得技能点！",
		"icon": {
			"type": "effect",
			"data": {
				"effect": "speed"
			}
		},
		"size": 1.5,
		"rewards": [
			{
				"type": "puffish_skills:attribute",
				"data": {
					"attribute": "generic.movement_speed",
					"value": 0.05,
					"operation": "multiply_base"
				}
			}
		]
	},
	"sprint_speed+2.5%": {
		"title": "+2.5% 移动速度",
		"icon": {
			"type": "effect",
			"data": {
				"effect": "speed"
			}
		},
		"rewards": [
			{
				"type": "puffish_skills:attribute",
				"data": {
					"attribute": "generic.movement_speed",
					"value": 0.025,
					"operation": "multiply_base"
				}
			}
		]
	},
	"sprint_speed+5%": {
		"title": "+5% 移动速度",
		"frame": {
			"type": "advancement",
			"data": {
				"frame": "goal"
			}
		},
		"size": 1.5,
		"icon": {
			"type": "item",
			"data": {
				"item": "artifacts:running_shoes"
			}
		},
		"rewards": [
			{
				"type": "puffish_skills:attribute",
				"data": {
					"attribute": "generic.movement_speed",
					"value": 0.05,
					"operation": "multiply_base"
				}
			}
		]
	},
	"swim_speed+5%": {
		"title": "+5% 游泳速度",
		"icon": {
			"type": "effect",
			"data": {
				"effect": "dolphins_grace"
			}
		},
		"rewards": [
			{
				"type": "puffish_skills:attribute",
				"data": {
					"attribute": "forge:swim_speed",
					"value": 0.05,
					"operation": "multiply_base"
				}
			}
		]
	},
	"swim_speed+10%": {
		"title": "+10% 游泳速度",
		"frame": {
			"type": "advancement",
			"data": {
				"frame": "goal"
			}
		},
		"size": 1.5,
		"icon": {
			"type": "effect",
			"data": {
				"effect": "dolphins_grace"
			}
		},
		"rewards": [
			{
				"type": "puffish_skills:attribute",
				"data": {
					"attribute": "forge:swim_speed",
					"value": 0.1,
					"operation": "multiply_base"
				}
			}
		]
	},
	"stamina+3%": {
		"title": "+3% 耐力",
		"icon": {
			"type": "effect",
			"data": {
				"effect": "parcool:inexhaustible"
			}
		},
		"rewards": [
			{
				"type": "puffish_skills:attribute",
				"data": {
					"attribute": "puffish_skills:player.stamina",
					"value": 0.03,
					"operation": "multiply_base"
				}
			}
		]
	},
	"stamina+5%": {
		"title": "+5% 耐力",
		"frame": {
			"type": "advancement",
			"data": {
				"frame": "goal"
			}
		},
		"size": 1.5,
		"icon": {
			"type": "effect",
			"data": {
				"effect": "parcool:inexhaustible"
			}
		},
		"rewards": [
			{
				"type": "puffish_skills:attribute",
				"data": {
					"attribute": "puffish_skills:player.stamina",
					"value": 0.05,
					"operation": "multiply_base"
				}
			}
		]
	}
}