{
	"nxtzl5ajwh2so5zk": {
		"definition": "root_sprint_speed+5%",
		"x": 0,
		"y": -256,
		"root": true
	},
	"k36eq3atnxhc2kq3": {
		"definition": "sprint_speed+2.5%",
		"x": -64,
		"y": 32,
		"root": false
	},
	"8uqgq64b0xjy93ee": {
		"definition": "sprint_speed+2.5%",
		"x": -64,
		"y": -32,
		"root": false
	},
	"ob7ayzuctast9we9": {
		"definition": "sprint_speed+2.5%",
		"x": 0,
		"y": -160,
		"root": false
	},
	"64qe8o8n0fkf70j7": {
		"definition": "sprint_speed+2.5%",
		"x": 64,
		"y": -96,
		"root": false
	},
	"mojxzyl4wpjj19tn": {
		"definition": "sprint_speed+2.5%",
		"x": 64,
		"y": 32,
		"root": false
	},
	"4h4qjxsqydl9pwjd": {
		"definition": "sprint_speed+2.5%",
		"x": 64,
		"y": -32,
		"root": false
	},
	"0znwy3o8la7y2g5e": {
		"definition": "sprint_speed+2.5%",
		"x": 0,
		"y": -32,
		"root": false
	},
	"xk1ecswedfzteg9e": {
		"definition": "sprint_speed+2.5%",
		"x": 64,
		"y": 96,
		"root": false
	},
	"08m7vzzp4rh8q265": {
		"definition": "sprint_speed+2.5%",
		"x": -64,
		"y": -96,
		"root": false
	},
	"ib137ffnhyq9yemk": {
		"definition": "sprint_speed+2.5%",
		"x": -64,
		"y": 96,
		"root": false
	},
	"kuy51f7795ocsfgf": {
		"definition": "sprint_speed+5%",
		"x": 0,
		"y": 224,
		"root": false
	},
	"ejifr2jaukvfht0d": {
		"definition": "sprint_speed+5%",
		"x": 64,
		"y": 160,
		"root": false
	},
	"p7phxmgbwbpm0ee5": {
		"definition": "sprint_speed+5%",
		"x": -64,
		"y": 160,
		"root": false
	},
	"isw6zki8tqes56c6": {
		"definition": "swim_speed+5%",
		"x": -192,
		"y": -160,
		"root": false
	},
	"apli30sq9e4djlgg": {
		"definition": "swim_speed+5%",
		"x": -128,
		"y": 32,
		"root": false
	},
	"hlu2f0x0fv3bv9qi": {
		"definition": "swim_speed+5%",
		"x": -128,
		"y": 96,
		"root": false
	},
	"9vafdj5mtzskbciy": {
		"definition": "swim_speed+5%",
		"x": -128,
		"y": -32,
		"root": false
	},
	"cn1cvenm3m48dm4f": {
		"definition": "swim_speed+5%",
		"x": -256,
		"y": -32,
		"root": false
	},
	"18ytfhkhxvkh2oue": {
		"definition": "swim_speed+5%",
		"x": -128,
		"y": -96,
		"root": false
	},
	"ckq2njc45eeusdbi": {
		"definition": "swim_speed+5%",
		"x": -256,
		"y": -96,
		"root": false
	},
	"azq4gmjynti3ofa0": {
		"definition": "swim_speed+5%",
		"x": -256,
		"y": 32,
		"root": false
	},
	"972yf6dqf8ssdi6w": {
		"definition": "swim_speed+5%",
		"x": -256,
		"y": 96,
		"root": false
	},
	"4nk38sou7vbxedd0": {
		"definition": "swim_speed+10%",
		"x": -128,
		"y": 160,
		"root": false
	},
	"gxq4f03u8fehfxjh": {
		"definition": "swim_speed+10%",
		"x": -256,
		"y": 160,
		"root": false
	},
	"aksl8w72q95zk8wk": {
		"definition": "swim_speed+10%",
		"x": -192,
		"y": 224,
		"root": false
	},
	"zllfbxdo2geibveu": {
		"definition": "stamina+3%",
		"x": 192,
		"y": -160,
		"root": false
	},
	"qcsuxx8vtfx3mf4a": {
		"definition": "stamina+3%",
		"x": 256,
		"y": -32,
		"root": false
	},
	"8c1l6xf1ogrsglh3": {
		"definition": "stamina+3%",
		"x": 128,
		"y": 32,
		"root": false
	},
	"pl2t5r9r11b69wbk": {
		"definition": "stamina+3%",
		"x": 256,
		"y": 32,
		"root": false
	},
	"vwuwvmwsq72dtrvy": {
		"definition": "stamina+3%",
		"x": 128,
		"y": -32,
		"root": false
	},
	"j8hcrc1qpsmjjqni": {
		"definition": "stamina+3%",
		"x": 256,
		"y": 96,
		"root": false
	},
	"jzyx72hic45yeqmc": {
		"definition": "stamina+3%",
		"x": 128,
		"y": 96,
		"root": false
	},
	"erbrgdzaalj1ez8u": {
		"definition": "stamina+3%",
		"x": 256,
		"y": -96,
		"root": false
	},
	"da73uyhs2f3qbybf": {
		"definition": "stamina+3%",
		"x": 128,
		"y": -96,
		"root": false
	},
	"eug9c6z59o122com": {
		"definition": "stamina+3%",
		"x": 192,
		"y": -32,
		"root": false
	},
	"3ln1619wbpmfpu1w": {
		"definition": "stamina+5%",
		"x": 128,
		"y": 160,
		"root": false
	},
	"pcpgd4lz5v8ggtsj": {
		"definition": "stamina+5%",
		"x": 192,
		"y": 224,
		"root": false
	},
	"rvvdl8rf8xgy4ah9": {
		"definition": "stamina+5%",
		"x": 256,
		"y": 160,
		"root": false
	},
	"pm3h1gkq9zitzxbf": {
		"definition": "swim_speed+5%",
		"x": -192,
		"y": -32,
		"root": false
	}
}