{
  "shaders": [
    {
      "resourceLocation": "darkmodeeverywhere:perfect_dark",
      "displayName": "\u5b8c\u7f8e\u9ed1\u6697",
      "darkColorReplacement": 16777215
    },
    {
      "resourceLocation": "darkmodeeverywhere:less_perfect_dark",
      "displayName": "\u5c11\u4e00\u4e9b\u7684\u5b8c\u7f8e\u9ed1\u6697",
      "darkColorReplacement": 16777215
    },
    {
      "resourceLocation": "darkmodeeverywhere:toasted_light",
      "displayName": "\u5c11\u4e00\u4e9b\u7684\u5b8c\u7f8e\u660e\u4eae",
      "darkColorReplacement": 16777215
    }
  ],
  "version": 1,
  "selectedShader": "darkmodeeverywhere:toasted_light"
}