{
  "essentials:recipes/item_splitter": {
    "criteria": {
      "has_ingr": "2022-10-04 09:53:30 +0800"
    },
    "done": true
  },
  "essentials:recipes/candle_lilypad": {
    "criteria": {
      "has_ingr": "2022-10-04 09:53:30 +0800"
    },
    "done": true
  },
  "essentials:recipes/fertile_soil_beetroot": {
    "criteria": {
      "has_ingr": "2022-10-04 09:53:30 +0800"
    },
    "done": true
  },
  "storagedrawers:recipes/storagedrawers/birch_trim": {
    "criteria": {
      "has_planks": "2022-10-04 09:53:30 +0800"
    },
    "done": true
  },
  "essentials:recipes/speed_hopper": {
    "criteria": {
      "has_ingr": "2022-10-04 09:53:30 +0800"
    },
    "done": true
  },
  "essentials:recipes/multi_piston": {
    "criteria": {
      "has_ingr": "2022-10-04 09:53:30 +0800"
    },
    "done": true
  },
  "essentials:recipes/fluid_splitter": {
    "criteria": {
      "has_ingr": "2022-10-04 09:53:30 +0800"
    },
    "done": true
  },
  "notenoughwands:recipes/notenoughwands/capturing_wand": {
    "criteria": {
      "core": "2022-10-04 09:53:30 +0800"
    },
    "done": true
  },
  "essentials:recipes/fertile_soil_carrot": {
    "criteria": {
      "has_ingr": "2022-10-04 09:53:30 +0800"
    },
    "done": true
  },
  "essentials:recipes/item_chute": {
    "criteria": {
      "has_ingr": "2022-10-04 09:53:30 +0800"
    },
    "done": true
  },
  "essentials:recipes/redstone_receiver": {
    "criteria": {
      "has_ingr": "2022-10-04 09:53:30 +0800"
    },
    "done": true
  },
  "essentials:recipes/sorting_hopper": {
    "criteria": {
      "has_ingr": "2022-10-04 09:53:30 +0800"
    },
    "done": true
  },
  "storagedrawers:recipes/storagedrawers/oak_drawers": {
    "criteria": {
      "has_chest": "2022-10-05 13:27:08 +0800"
    },
    "done": true
  },
  "essentials:recipes/obsidian_cutting_kit": {
    "criteria": {
      "has_ingr": "2022-10-04 09:53:30 +0800"
    },
    "done": true
  },
  "essentials:recipes/hopper_filter": {
    "criteria": {
      "has_ingr": "2022-10-04 09:53:30 +0800"
    },
    "done": true
  },
  "essentials:recipes/fertile_soil_brown_mushroom": {
    "criteria": {
      "has_ingr": "2022-10-04 09:53:30 +0800"
    },
    "done": true
  },
  "storagedrawers:recipes/storagedrawers/acacia_drawers": {
    "criteria": {
      "has_chest": "2022-10-05 13:27:08 +0800"
    },
    "done": true
  },
  "essentials:recipes/piston": {
    "criteria": {
      "has_ingr": "2022-10-04 09:53:30 +0800"
    },
    "done": true
  },
  "minecraft:recipes/misc/book": {
    "criteria": {
      "has_paper": "2022-10-05 13:27:59 +0800"
    },
    "done": true
  },
  "notenoughwands:recipes/notenoughwands/teleportation_wand": {
    "criteria": {
      "core": "2022-10-04 09:53:30 +0800"
    },
    "done": true
  },
  "notenoughwands:recipes/notenoughwands/moving_wand": {
    "criteria": {
      "core": "2022-10-04 09:53:30 +0800"
    },
    "done": true
  },
  "storagedrawers:recipes/storagedrawers/one_stack_upgrade": {
    "criteria": {
      "has_template": "2022-10-04 09:53:30 +0800"
    },
    "done": true
  },
  "essentials:recipes/auto_crafter": {
    "criteria": {
      "has_ingr": "2022-10-04 09:53:30 +0800"
    },
    "done": true
  },
  "storagedrawers:recipes/storagedrawers/jungle_drawers": {
    "criteria": {
      "has_chest": "2022-10-05 13:27:08 +0800"
    },
    "done": true
  },
  "storagedrawers:recipes/storagedrawers/oak_trim": {
    "criteria": {
      "has_planks": "2022-10-04 09:53:30 +0800"
    },
    "done": true
  },
  "notenoughwands:recipes/notenoughwands/protection_wand": {
    "criteria": {
      "core": "2022-10-04 09:53:30 +0800"
    },
    "done": true
  },
  "seeds:substainable": {
    "criteria": {
      "substainable": "2022-10-04 09:53:36 +0800"
    },
    "done": true
  },
  "essentials:recipes/fertile_soil_acacia": {
    "criteria": {
      "has_ingr": "2022-10-04 09:53:30 +0800"
    },
    "done": true
  },
  "essentials:recipes/redstone_transmitter": {
    "criteria": {
      "has_ingr": "2022-10-04 09:53:30 +0800"
    },
    "done": true
  },
  "essentials:recipes/analog_lamp": {
    "criteria": {
      "has_ingr": "2022-10-04 09:53:30 +0800"
    },
    "done": true
  },
  "essentials:recipes/name_tag": {
    "criteria": {
      "has_ingr": "2022-10-04 09:53:30 +0800"
    },
    "done": true
  },
  "essentials:recipes/basic_item_splitter": {
    "criteria": {
      "has_ingr": "2022-10-04 09:53:30 +0800"
    },
    "done": true
  },
  "storagedrawers:recipes/storagedrawers/min_redstone_upgrade": {
    "criteria": {
      "has_template": "2022-10-04 09:53:30 +0800"
    },
    "done": true
  },
  "storagedrawers:recipes/storagedrawers/crimson_drawers": {
    "criteria": {
      "has_chest": "2022-10-05 13:27:08 +0800"
    },
    "done": true
  },
  "essentials:recipes/fertile_soil_wheat": {
    "criteria": {
      "has_ingr": "2022-10-04 09:53:30 +0800"
    },
    "done": true
  },
  "storagedrawers:recipes/storagedrawers/void_upgrade": {
    "criteria": {
      "has_template": "2022-10-04 09:53:30 +0800"
    },
    "done": true
  },
  "essentials:recipes/fertile_soil_potato": {
    "criteria": {
      "has_ingr": "2022-10-04 09:53:30 +0800"
    },
    "done": true
  },
  "essentials:recipes/fertile_soil_berry": {
    "criteria": {
      "has_ingr": "2022-10-04 09:53:30 +0800"
    },
    "done": true
  },
  "storagedrawers:recipes/storagedrawers/dark_oak_drawers": {
    "criteria": {
      "has_chest": "2022-10-05 13:27:08 +0800"
    },
    "done": true
  },
  "storagedrawers:recipes/storagedrawers/drawer_key": {
    "criteria": {
      "has_template": "2022-10-04 09:53:30 +0800"
    },
    "done": true
  },
  "storagedrawers:recipes/storagedrawers/spruce_drawers": {
    "criteria": {
      "has_chest": "2022-10-05 13:27:08 +0800"
    },
    "done": true
  },
  "storagedrawers:recipes/storagedrawers/warped_trim": {
    "criteria": {
      "has_planks": "2022-10-04 09:53:30 +0800"
    },
    "done": true
  },
  "storagedrawers:recipes/storagedrawers/fill_level_upgrade": {
    "criteria": {
      "has_template": "2022-10-04 09:53:30 +0800"
    },
    "done": true
  },
  "essentials:recipes/fertile_soil_birch": {
    "criteria": {
      "has_ingr": "2022-10-04 09:53:30 +0800"
    },
    "done": true
  },
  "storagedrawers:recipes/storagedrawers/warped_drawers": {
    "criteria": {
      "has_chest": "2022-10-05 13:27:08 +0800"
    },
    "done": true
  },
  "storagedrawers:recipes/storagedrawers/quantify_key": {
    "criteria": {
      "has_template": "2022-10-04 09:53:30 +0800"
    },
    "done": true
  },
  "essentials:recipes/saddle": {
    "criteria": {
      "has_ingr": "2022-10-04 09:53:30 +0800"
    },
    "done": true
  },
  "essentials:recipes/brazier": {
    "criteria": {
      "has_ingr": "2022-10-04 09:53:30 +0800"
    },
    "done": true
  },
  "storagedrawers:recipes/storagedrawers/max_redstone_upgrade": {
    "criteria": {
      "has_template": "2022-10-04 09:53:30 +0800"
    },
    "done": true
  },
  "notenoughwands:recipes/notenoughwands/advanced_wand_core": {
    "criteria": {
      "rod": "2022-10-04 09:53:30 +0800"
    },
    "done": true
  },
  "notenoughwands:recipes/notenoughwands/swapping_wand": {
    "criteria": {
      "core": "2022-10-04 09:53:30 +0800"
    },
    "done": true
  },
  "storagedrawers:recipes/storagedrawers/illumination_upgrade": {
    "criteria": {
      "has_template": "2022-10-04 09:53:30 +0800"
    },
    "done": true
  },
  "essentials:recipes/linking_tool": {
    "criteria": {
      "has_ingr": "2022-10-04 09:53:30 +0800"
    },
    "done": true
  },
  "notenoughwands:recipes/notenoughwands/building_wand": {
    "criteria": {
      "core": "2022-10-04 09:53:30 +0800"
    },
    "done": true
  },
  "essentials:recipes/fertile_soil_dark_oak": {
    "criteria": {
      "has_ingr": "2022-10-04 09:53:30 +0800"
    },
    "done": true
  },
  "storagedrawers:recipes/storagedrawers/acacia_trim": {
    "criteria": {
      "has_planks": "2022-10-04 09:53:30 +0800"
    },
    "done": true
  },
  "essentials:recipes/basic_fluid_splitter": {
    "criteria": {
      "has_ingr": "2022-10-04 09:53:30 +0800"
    },
    "done": true
  },
  "essentials:recipes/slotted_chest": {
    "criteria": {
      "has_ingr": "2022-10-04 09:53:30 +0800"
    },
    "done": true
  },
  "essentials:recipes/fertile_soil_oak": {
    "criteria": {
      "has_ingr": "2022-10-04 09:53:30 +0800"
    },
    "done": true
  },
  "storagedrawers:recipes/storagedrawers/emerald_storage_upgrade": {
    "criteria": {
      "has_template": "2022-10-04 09:53:30 +0800"
    },
    "done": true
  },
  "storagedrawers:recipes/storagedrawers/birch_drawers": {
    "criteria": {
      "has_chest": "2022-10-05 13:27:08 +0800"
    },
    "done": true
  },
  "notenoughwands:recipes/notenoughwands/illumination_wand": {
    "criteria": {
      "core": "2022-10-04 09:53:30 +0800"
    },
    "done": true
  },
  "storagedrawers:recipes/storagedrawers/redstone_upgrade": {
    "criteria": {
      "has_template": "2022-10-04 09:53:30 +0800"
    },
    "done": true
  },
  "essentials:recipes/fluid_shifter": {
    "criteria": {
      "has_ingr": "2022-10-04 09:53:30 +0800"
    },
    "done": true
  },
  "notenoughwands:recipes/notenoughwands/acceleration_wand": {
    "criteria": {
      "core": "2022-10-04 09:53:30 +0800"
    },
    "done": true
  },
  "essentials:recipes/essentials_guide_book": {
    "criteria": {
      "has_ingr": "2022-10-04 09:53:30 +0800"
    },
    "done": true
  },
  "storagedrawers:recipes/storagedrawers/crimson_trim": {
    "criteria": {
      "has_planks": "2022-10-04 09:53:30 +0800"
    },
    "done": true
  },
  "storagedrawers:recipes/storagedrawers/obsidian_storage_upgrade": {
    "criteria": {
      "has_template": "2022-10-04 09:53:30 +0800"
    },
    "done": true
  },
  "notenoughwands:recipes/notenoughwands/wand_core": {
    "criteria": {
      "rod": "2022-10-04 09:53:30 +0800"
    },
    "done": true
  },
  "minecraft:recipes/decorations/cartography_table": {
    "criteria": {
      "has_paper": "2022-10-05 13:27:59 +0800"
    },
    "done": true
  },
  "storagedrawers:recipes/storagedrawers/gold_storage_upgrade": {
    "criteria": {
      "has_template": "2022-10-04 09:53:30 +0800"
    },
    "done": true
  },
  "notenoughwands:recipes/notenoughwands/displacement_wand": {
    "criteria": {
      "core": "2022-10-04 09:53:30 +0800"
    },
    "done": true
  },
  "storagedrawers:recipes/storagedrawers/diamond_storage_upgrade": {
    "criteria": {
      "has_template": "2022-10-04 09:53:30 +0800"
    },
    "done": true
  },
  "storagedrawers:recipes/storagedrawers/dark_oak_trim": {
    "criteria": {
      "has_planks": "2022-10-04 09:53:30 +0800"
    },
    "done": true
  },
  "essentials:recipes/fertile_soil_spruce": {
    "criteria": {
      "has_ingr": "2022-10-04 09:53:30 +0800"
    },
    "done": true
  },
  "essentials:recipes/multi_piston_sticky": {
    "criteria": {
      "has_ingr": "2022-10-04 09:53:30 +0800"
    },
    "done": true
  },
  "storagedrawers:recipes/storagedrawers/spruce_trim": {
    "criteria": {
      "has_planks": "2022-10-04 09:53:30 +0800"
    },
    "done": true
  },
  "storagedrawers:recipes/storagedrawers/concealment_key": {
    "criteria": {
      "has_template": "2022-10-04 09:53:30 +0800"
    },
    "done": true
  },
  "storagedrawers:recipes/storagedrawers/iron_storage_upgrade": {
    "criteria": {
      "has_template": "2022-10-04 09:53:30 +0800"
    },
    "done": true
  },
  "storagedrawers:recipes/storagedrawers/jungle_trim": {
    "criteria": {
      "has_planks": "2022-10-04 09:53:30 +0800"
    },
    "done": true
  },
  "essentials:recipes/fertile_soil_netherwart": {
    "criteria": {
      "has_ingr": "2022-10-04 09:53:30 +0800"
    },
    "done": true
  },
  "essentials:recipes/fertile_soil_red_mushroom": {
    "criteria": {
      "has_ingr": "2022-10-04 09:53:30 +0800"
    },
    "done": true
  },
  "essentials:recipes/item_shifter": {
    "criteria": {
      "has_ingr": "2022-10-04 09:53:30 +0800"
    },
    "done": true
  },
  "essentials:recipes/fertile_soil_jungle": {
    "criteria": {
      "has_ingr": "2022-10-04 09:53:30 +0800"
    },
    "done": true
  },
  "crossroads:progress/root": {
    "criteria": {
      "given": "2022-10-04 09:53:30 +0800"
    },
    "done": true
  },
  "essentials:recipes/multi_piston_sticky_base": {
    "criteria": {
      "has_ingr": "2022-10-04 09:53:30 +0800"
    },
    "done": true
  },
  "occultism:occultism/root": {
    "criteria": {
      "occultism_present": "2022-10-04 09:53:36 +0800"
    },
    "done": true
  },
  "essentials:recipes/wither_cannon": {
    "criteria": {
      "has_ingr": "2022-10-04 09:53:30 +0800"
    },
    "done": true
  },
  "DataVersion": 2975
}