{
    "name": "声明和同盟",
    "icon": "enigmatica:textures/friends.png",
    "category": "patchouli:ftbchunks",
    "sortnum": 4,
    "pages": [
        {
            "type": "text",
            "text": "通过背包左上角的“FTB 区块：声明管理器”选项，你可以查看一块标记着区块的地图，在上面为你的队伍声明区块。那么如何声明区块呢？首先，试着对着一个区块左击（或者按住左击在地图上移动鼠标）来声明你的第一个区块。"
        },
        {
            "type": "text",
            "text": "$(l)涂色边界内的区域就是属于你队伍的地盘$(reset)，这意味着只有你和你的盟友（可以从同在背包左上角的“我的团队”调整盟友）能够在这个区域里面和方块互动。$(l)不经过你的允许，$(reset)别人就无法在你的领地破坏方块，打开箱子，或者干其他任何事。"
        },
        {
            "type": "text",
            "text": "这对怪物也同样有效，所以例如苦力怕的爆炸就破坏不了你区块里的方块。一些模组同样也需要与你的区块互动，比如模块化路由器或是通用机械等等模组需要放置或破坏方块时。这些模组提供了假玩家来让你把它们加入到盟友中，以获取权限。 想要解除对一个区块的声明，只需要右击它就可以了。"
        },
        {
            "type": "text",
            "text": "$(l)如果你按住 Shift 键并且点击你已经声明过的区块的话，你就可以将该区块强制加载。$(reset)（详情见$(l:ftbchunks/ftbchunks_chunkloading)这一节$(reset))。按照国际惯例，Shift+左击会强制加载区块而 Shift+右击可以取消强制加载的区块。"

        }
    ]
}