{
    "name": "！序言-先读我！",
    "icon": "botania:cosmetic:31",
    "category": "quests/chap1",
    "sortnum": 0,
    "turnin": "heavens:bookchap1/root",
    "pages": [
        {
            "type": "quest",
            "title": "序文",
            "trigger": "heavens:bookchap1/root",
            "text": "在做其它事之前，运行指令$(comm)/island create$()开始游玩。如果你想和其他人合作，请参考$(l:collected_knowledge/coop)\"多人游戏：如何合作\"$().$(br2)这个任务书的结构使得并非所有的条目都可以完成“任务”。第一次解锁时，所有条目都会有一个红色标记表示它们未读。但是，在阅读之后，$(thing)任务$()会有一个橙色标记，表示它们未完成，完成"
        },
        {
            "type": "text",
            "text": "后变为绿色。$(br2)$(thing)任务$()是用于明确核心进度的，其它物品/信息包含在其它章节中，既不跟踪完成与否也不给予奖励。$(br2)$(thing)任务$()奖励会立即发放，并直接进入你的背包。"
        }
    ]
}