{
    "name": "结束与开始",
    "icon": "contenttweaker:ironwood_wand_one",
    "category": "quests/chap1",
    "sortnum": 0,
    "turnin": "heavens:bookchap1/0wand",
    "pages": [
        {
            "type": "quest",
            "title": "结束与开始",
            "trigger": "heavens:bookchap1/0wand",
            "text": "对不起，我让你失望了。我以为我能保护全世界，但最终我仅仅护下了这一小块世界碎片。事实上你活着，给了我希望，我的孩子。虽然我现在只不过是微风中的窃窃私语，但我会尽我所能帮助你。事实上你能活下来，给了我希望，我的孩子。虽然我现在只不过是微风中的低语，但我会尽我所能帮助你。"
        },
        {
            "type": "text",
            "text": "首先，这个岛虽然很小，但它拥有一些关键的材料，可以用于重建世界。$(br2)以这些树为例——虽然你可以徒手弄倒它们，但它们的木材天生就拥有强大的力量——即使是用它雕刻的最粗糙的杖子也可能有很大的用处。"
        },
        {
            "type": "checklist_end",
            "item1": "contenttweaker:ironwood_wand_one#1",
            "reward1": "rustic:log:1#50"
        },
        {
            "type": "crafting",
            "title": "铁木杖",
            "recipe": "crafttweaker:ct_shaped1684457938"
        }
    ]
}