{
    "name": "简单的事情",
    "icon": "rustic:ironberries",
    "category": "quests/chap1",
    "sortnum": 1,
    "advancement": "heavens:bookchap1/0wand",
    "turnin": "heavens:bookchap1/1ironberries",
    "pages": [
        {
            "type": "quest",
            "title": "简单的事情",
            "trigger": "heavens:bookchap1/1ironberries",
            "text": "你敏锐的眼睛可能已经注意到这些树长着小而硬的浆果，摸上去似乎是金属的。虽然它们通常生长缓慢，但你手中的魔杖应该能够促进这些浆果的生长——只需在叶子上使用它，看着$(item)铁树莓$()持续增加！"
        },
        {
        	"type": "checklist_end",
        	"item1": "rustic:ironberries#20",
            "reward1": "minecraft:stone_axe",
            "reward2": "rustic:ironberries#100"
        },
        {
            "type": "wand_use",
            "heading": "铁树莓",
            "interact": "rustic:leaves:1",
            "receive": "rustic:ironberries",
            "drop_chance": "100%",
            "quantity": "1-4"
        }
    ]
}