{
    "name": "没有筛子这种东西",
    "icon": "botania:grassseeds:7",
    "category": "quests/chap1",
    "sortnum": 2,
    "advancement": "heavens:bookchap1/0wand",
    "turnin": "heavens:bookchap1/2wandwork",
    "pages": [
        {
            "type": "quest",
            "title": "没有筛子这种东西",
            "trigger": "heavens:bookchap1/2wandwork",
            "text": "树木并不是我能保存在这个岛上的唯一材料。看看周围——这岛上还有水、岩石和泥土。那根$(item)魔杖$()——它与这个地方的微妙之处相协调，可以哄骗这里的泥土和岩石来帮助你。$(br2)把它用在石头上，会用$(item)粘土$()来回报你，而大地会用逝去生命的碎片和种子满足你，以便让它们蔓延到这个地方"
        },
        {
            "type": "text",
            "text": "之外。"
        },
        {
        	"type": "checklist_end",
        	"item1": "botania:grassseeds:7#1",
            "item2": "contenttweaker:boneshard#20",
            "item3": "minecraft:clay_ball#20",
            "reward1": "minecraft:stone_pickaxe",
            "reward2": "botania:grassseeds:7#2"
        },
        {
            "type": "wand_use",
            "heading": "注魔草种",
            "interact": "botania:altgrass:4",
            "receive": "botania:grassseeds:7",
            "drop_chance": "6%",
            "quantity": "1"
        },
        {
            "type": "wand_use",
            "heading": "骨头碎片",
            "interact": "botania:altgrass:4",
            "receive": "contenttweaker:boneshard",
            "drop_chance": "50%",
            "quantity": "0-2"
        },
        {
            "type": "wand_use",
            "heading": "粘土",
            "interact": "botania:biomestonea:6",
            "receive": "minecraft:clay_ball",
            "drop_chance": "100%",
            "quantity": "0-2"
        }
    ]
}