{
    "name": "榨汁姬",
    "icon": "rustic:crushing_tub",
    "category": "quests/chap1",
    "sortnum": 3,
    "advancement": "heavens:bookchap1/1ironberries",
    "turnin": "heavens:bookchap1/3tubman",
    "pages": [
        {
            "type": "quest",
            "title": "榨汁姬",
            "trigger": "heavens:bookchap1/3tubman",
            "text": "我希望你不要指望用一根魔杖轻轻一挥就能让一切恢复原状。失去了这么多，没有一点点的体力劳动，能做的事情是有限的。$(br2)你肯定在疑惑这些浆果该怎么处理，为此，你需要做一个$(item)压榨木盆$()和一个$(item)蒸发皿$()."
        },
        {
        	"type": "checklist_end",
        	"item1": "rustic:crushing_tub#1",
            "item2": "rustic:evaporating_basin#1",
            "reward1": "rustic:ironberries#50",
            "reward2": "rustic:evaporating_basin"
        },
        {
            "type": "crafting",
            "recipe": "crafttweaker:ct_shaped-1935834352",
            "recipe2": "rustic:evaporating_basin"
        }
    ]
}