{
    "name": "希望不会漏水",
    "icon": "thebetweenlands:bl_bucket",
    "category": "quests/chap1",
    "sortnum": 4,
    "advancement": "heavens:bookchap1/0wand",
    "turnin": "heavens:bookchap1/4woodbucket",
    "pages": [
        {
            "type": "quest",
            "title": "希望不会漏水",
            "trigger": "heavens:bookchap1/4woodbucket",
            "text": "在这时，也许你想移动水，或者其它液体。不管怎样，我可以教你如何用木头制作一个粗糙的$(item)桶$()。虽然它装不了任何热的东西，但我敢肯定它还是能用的。"
        },
        {
        	"type": "checklist_end",
        	"item1": "thebetweenlands:bl_bucket#1",
            "reward1": "minecraft:stone_shovel",
            "reward2": "rustic:wildberries#3"
        },
        {
            "type": "crafting",
            "recipe": "crafttweaker:ct_shaped-939146164"
        }
    ]
}