{
    "name": "加热",
    "icon": "minecraft:furnace",
    "category": "quests/chap1",
    "sortnum": 5,
    "advancement": "heavens:bookchap1/2wandwork",
    "turnin": "heavens:bookchap1/5furnace",
    "pages": [
        {
            "type": "quest",
            "title": "加热",
            "trigger": "heavens:bookchap1/5furnace",
            "text": "原始的粘土功能有限，但是如果你把它和一些形成岛基底的石头结合起来，应该能做一个$(item)熔炉$()，它能产生足够的热量来彻底烹饪东西，包括粘土本身。"
        },
        {
        	"type": "checklist_end",
        	"item1": "minecraft:furnace#1",
            "reward1": "minecraft:furnace#2",
            "reward2": "minecraft:coal:1#3"
        },
        {
            "type": "crafting",
            "recipe": "crafttweaker:ct_shaped1541019723"
        }
    ]
}