{
    "name": "这就是金属",
    "icon": "minecraft:iron_ingot",
    "category": "quests/chap1",
    "sortnum": 6,
    "advancement": "heavens:bookchap1/3tubman",
    "turnin": "heavens:bookchap1/6iron",
    "pages": [
        {
            "type": "quest",
            "title": "这就是金属",
            "trigger": "heavens:bookchap1/6iron",
            "text": "我警告过你需要体力劳动的吧？是的，它来了。把一些$(item)铁树莓$()放在$(item)压榨木盆$()里，然后开始$(thing)跳跃$()。这些浆果虽然耐寒，但很容易挤成$(item)果汁$()。然后，把$(item)果汁$()转移到一个$(item)蒸发皿$()里，会产出微量的$(item)铁屑$()。在熔炉里熔炼，然后把它们组合起来，铛铛~$(item)铁锭$()。"
        },
        {
        	"type": "checklist_end",
        	"item1": "rustic:dust_tiny_iron#1",
            "item2": "minecraft:iron_ingot#1",
            "reward1": "minecraft:iron_ingot#2"
        },
        {
            "type": "crushing",
            "heading": "铁树莓加工",
            "input_crush": "rustic:ironberries#2",
            "fluid": "rustic:ironberry_juice",
            "receive": "rustic:dust_tiny_iron"
        },
        {
            "type": "smelting",
            "recipe": "rustic:dust_tiny_iron",
            "recipe2": "mysticalworld:iron_dust"
        }
    ]
}