{
    "name": "人生在勤，不索何获?",
    "icon": "minecraft:cauldron",
    "category": "quests/chap1",
    "sortnum": 7,
    "advancement": "heavens:bookchap1/6iron",
    "turnin": "heavens:bookchap1/7cauldron",
    "pages": [
        {
            "type": "quest",
            "title": "人生在勤，不索何获?",
            "trigger": "heavens:bookchap1/7cauldron",
            "text": "现在你有了一些$(item)铁$()，是时候制作你的下一个奥法工具了——一个简单的$(item)炼药锅$()."
        },
        {
        	"type": "checklist_end",
        	"item1": "minecraft:cauldron#1",
            "reward1": "botania:grassseeds:7#5"
        },
        {
            "type": "crafting",
            "recipe": "crafttweaker:ct_shaped-335413640"
        }
    ]
}