{
    "name": "魔力魔力魔力魔",
    "icon": "thebetweenlands:bl_bucket{Fluid: {FluidName: \"mana_fluid\", Amount: 1000}}",
    "category": "quests/chap1",
    "sortnum": 8,
    "advancement": "heavens:bookchap1/7cauldron",
    "turnin": "heavens:bookchap1/8mana",
    "pages": [
        {
            "type": "quest",
            "title": "魔力魔力魔力魔",
            "trigger": "heavens:bookchap1/8mana",
            "text": "使用$(item)炼药锅$()相当简单，即使是新手。注入一种液体，然后加入一种试剂来改变液体或试剂，或两者改变。现在，我们只需要$(item)液态魔力$()——魔力的凝聚态。在这些$(item)注魔草种$()中应该有足够的残余魔力，把简单的$(item)水$()转化成液态魔力。"
        },
        {
        	"type": "checklist_end",
        	"item1": "thebetweenlands:bl_bucket#1{Fluid: {FluidName: \"mana_fluid\", Amount: 1000}}",
            "reward1": "botania:grassseeds:7#5"
        },
        {
            "type": "cauldron",
            "heading": "液态魔力",
            "input_item": "botania:grassseeds:7",
            "input_fluid": "minecraft:water_bucket",
            "output_fluid": "forge:bucketfilled{FluidName: \"mana_fluid\", Amount: 1000}",
            "description": "将水转化为液态魔力"
        }
    ]
}