{
    "name": "闪闪发光",
    "icon": "extrabitmanipulation:diamond_nugget",
    "category": "quests/chap1",
    "sortnum": 9,
    "advancement": "heavens:bookchap1/8mana",
    "turnin": "heavens:bookchap1/9diamond",
    "pages": [
        {
            "type": "quest",
            "title": "闪闪发光",
            "trigger": "heavens:bookchap1/9diamond",
            "text": "继续发展，你需要能够获取比$(item)铁$()更坚硬的材料。如果你还记得的话，$(item)钻石$()以前因为它的美丽而备受推崇，但它的耐用性也令人难以置信。我们可以利用它制作很好的工具，但首先我们需要收集它。$(br2)由于$(item)钻石$()和$(item)木炭$()的成分大致相同，我们可以用大量的$(item)木炭$()加上$(item)液态魔力$()来制造少量"
        },
        {
            "type": "text",
            "text": "的$(item)钻石$()。"
        },
        {
        	"type": "checklist_end",
        	"item1": "extrabitmanipulation:diamond_nugget#9",
            "reward1": "minecraft:coal:1#100"
        },
        {
            "type": "mana_world",
            "heading": "钻石粒",
            "input": "quark:charcoal_block",
            "output": "extrabitmanipulation:diamond_nugget#3",
            "description": "在世界转化中。需要至少4格液态魔力源头"
        }
    ]
}