{
    "name": "工具升级",
    "icon": "minecraft:diamond_pickaxe",
    "category": "quests/chap1",
    "sortnum": 10,
    "advancement": "heavens:bookchap1/9diamond",
    "turnin": "heavens:bookchap1/10diamondpick",
    "pages": [
        {
            "type": "quest",
            "title": "工具升级",
            "trigger": "heavens:bookchap1/10diamondpick",
            "text": "有了$(item)钻石$()，你就可以制造出足够坚固的工具来收获大多数东西。其中最重要的是$(item)镐子$()，因为它可以让你采集$(item)黑曜石$()。"
        },
        {
        	"type": "checklist_end",
        	"item1": "minecraft:diamond_pickaxe",
            "reward1": "minecraft:coal:1#70"
        },
        {
            "type": "crafting",
            "recipe": "minecraft:diamond_pickaxe"
        }
    ]
}