{
    "name": "汁液丰富",
    "icon": "rustic:wildberries",
    "category": "quests/chap1",
    "sortnum": 11,
    "advancement": "heavens:bookchap1/8mana",
    "turnin": "heavens:bookchap1/11berries",
    "pages": [
        {
            "type": "quest",
            "title": "汁液丰富",
            "trigger": "heavens:bookchap1/11berries",
            "text": "$(item)液态魔力$()是很强大的东西。如此之多的用途，以至于你甚至发现，有时候$(item)炼药锅$()阻碍了它的效果。在这种情况下，你可以利用地面上的任何一个洞，让它吸收周围的能量来改变浸泡其中的东西。$(br2)现在你可能有点饿了，那些$(item)铁树莓$()对人的食欲（或牙齿）有点副作用，所以让我"
        },
        {
            "type": "text",
            "text": "们用$(item)魔力$()去得到更好的食物吧。$(br2)$(item)树叶$()可以用这种方法将其转化为$(item)野莓灌木$()，同时你也可以在$(item)炼药锅$()里用$(item)铁树种子$()制作$(item)小麦种子$()。"
        },
        {
        	"type": "checklist_end",
        	"item1": "rustic:wildberry_bush#1",
            "item2": "minecraft:wheat_seeds#1",
            "reward1": "rustic:wildberries#40",
            "reward2": "minecraft:stone_hoe"
        },
        {
            "type": "mana_world",
            "heading": "野莓灌木",
            "input": "ore:treeLeaves",
            "output": "rustic:wildberry_bush",
            "description": "在世界转化中。需要至少1格液态魔力"
        },
        {
            "type": "cauldron",
            "heading": "小麦种子",
            "input_item": "rustic:ironwoodseed",
            "input_fluid": "forge:bucketfilled{FluidName: \"mana_fluid\", Amount: 1000}",
            "output_item": "minecraft:wheat_seeds",
            "description": "消耗1瓶液体魔力（1/4桶）"
        }
    ]
}