{
    "name": "要有糖",
    "icon": "minecraft:reeds",
    "category": "quests/chap1",
    "sortnum": 12,
    "advancement": "heavens:bookchap1/11berries",
    "turnin": "heavens:bookchap1/12sugarcane",
    "pages": [
        {
            "type": "quest",
            "title": "要有糖",
            "trigger": "heavens:bookchap1/12sugarcane",
            "text": "现在你有了一些其它的种子，也许你希望有办法用纸把事情记录下来。或者也许你太爱吃甜食了。不管怎样，我想你很可能会发现$(item)甘蔗$()是一种很有价值的资源。它的种子可以通过把$(item)小麦种子$()扔进一个装了$(item)水$()的$(item)炼药锅$()来获得。"
        },
        {
        	"type": "checklist_end",
        	"item1": "inspirations:sugar_cane_seeds#1",
            "reward1": "minecraft:paper#10"
        },
        {
            "type": "cauldron",
            "heading": "甘蔗种子",
            "input_item": "minecraft:wheat_seeds",
            "input_fluid": "minecraft:water_bucket",
            "output_item": "inspirations:sugar_cane_seeds",
            "description": "消耗2瓶水（1/2桶）"
        }
    ]
}