{
    "name": "火辣",
    "icon": "rustic:chili_pepper",
    "category": "quests/chap1",
    "sortnum": 13,
    "advancement": "heavens:bookchap1/11berries",
    "turnin": "heavens:bookchap1/13peppers",
    "pages": [
        {
            "type": "quest",
            "title": "火辣",
            "trigger": "heavens:bookchap1/13peppers",
            "text": "有了$(item)压榨木盆$()，你还可以把$(item)野莓果$()榨成$(item)果汁$()。把这种$(item)果汁$()和$(item)小麦种子$()放在一个$(item)炼药锅$()里混合，这样你就可以得到$(item)辣椒$()的种子了。然而，这些种子的生长需要支撑，$(thing)需要种植在$(item)栽培木桩$(thing)上$()。"
        },
        {
        	"type": "checklist_end",
        	"item1": "rustic:chili_pepper_seeds#1",
            "item2": "rustic:crop_stake#1",
            "reward1": "rustic:chili_pepper#6"
        },
        {
            "type": "cauldron",
            "heading": "辣椒种子",
            "input_item": "minecraft:wheat_seeds",
            "input_fluid": "forge:bucketfilled{FluidName: \"wildberryjuice\", Amount: 1000}",
            "output_item": "rustic:chili_pepper_seeds",
            "description": "消耗1瓶野莓果汁（1/4桶）"
        },
        {
            "type": "crafting",
            "recipe": "rustic:crop_stake"
        }
    ]
}