{
    "name": "磨坊",
    "icon": "cuisine:mill",
    "category": "quests/chap1",
    "sortnum": 14,
    "advancement": "heavens:bookchap1/13peppers",
    "turnin": "heavens:bookchap1/14mill",
    "pages": [
        {
            "type": "quest",
            "title": "磨坊",
            "trigger": "heavens:bookchap1/14mill",
            "text": "$(item)红辣椒$()因其辣味而出名，但对其它方面的用处不大。然而，你可以用石头制作一个$(item)磨$()，将$(item)辣椒$()粉碎成更具活性的$(item)粉$()。"
        },
        {
        	"type": "checklist_end",
        	"item1": "cuisine:mill",
            "item2": "cuisine:material:4#1",
            "reward1": "cuisine:material:4#8"
        },
        {
            "type": "crafting",
            "recipe": "crafttweaker:ct_shaped-1694752079"
        },
        {
            "type": "mill",
            "heading": "辣椒粉",
            "input": "rustic:chili_pepper",
            "output": "cuisine:material:4",
            "description": "磨将输出产物到任何有存储格的相邻方块"
        }    
    ]
}