{
    "name": "遇见燧石",
    "icon": "minecraft:flint_and_steel",
    "category": "quests/chap1",
    "sortnum": 15,
    "advancement": "heavens:bookchap1/8mana",
    "turnin": "heavens:bookchap1/15flintsteel",
    "pages": [
        {
            "type": "quest",
            "title": "遇见燧石",
            "trigger": "heavens:bookchap1/15flintsteel",
            "text": "我想是时候暖和起来了，你觉得呢？如果我没记错的话，你可以在一个装有$(item)液态魔力$()的$(item)炼药锅$()里把$(item)铁粒$()变成$(item)燧石$()。你可以把$(item)燧石和铁锭$()放在一起，像往常一样生火，这可能是进一步使用$(item)炼药锅$()所需要的。"
        },
        {
        	"type": "checklist_end",
        	"item1": "minecraft:flint#1",
            "item2": "minecraft:flint_and_steel",
            "reward1": "quark:charcoal_block"
        },
        {
            "type": "cauldron",
            "heading": "燧石",
            "input_item": "minecraft:iron_nugget",
            "input_fluid": "forge:bucketfilled{FluidName: \"mana_fluid\", Amount: 1000}",
            "output_item": "minecraft:flint",
            "description": "消耗1瓶液态魔力（1/4桶）"
        },
        {
            "type": "crafting",
            "recipe": "minecraft:flint_and_steel"
        }    
    ]
}