{
    "name": "充满热量",
    "icon": "minecraft:redstone",
    "category": "quests/chap1",
    "sortnum": 16,
    "advancement": "heavens:bookchap1/14mill",
    "turnin": "heavens:bookchap1/16redstone",
    "pages": [
        {
            "type": "quest",
            "title": "充满热量",
            "trigger": "heavens:bookchap1/16redstone",
            "text": "如果你有过量的$(item)辣椒粉$()堆在家里，又不想在一个$(o)麻辣$()三明治上都撒上，那就把它扔进$(item)火$()里。这个地方的残余魔力会使它发生变化，给它注入一种特殊的电荷，制作出这种新的用于远程控制$(item)红石$()粉末。"
        },
        {
        	"type": "checklist_end",
        	"item1": "minecraft:redstone#1",
            "reward1": "minecraft:redstone#10"
        },
        {
            "type": "burning",
            "heading": "红石",
            "input": "cuisine:material:4",
            "output": "minecraft:redstone"
        }    
    ]
}