{
    "name": "地上都是岩浆",
    "icon": "minecraft:lava_bucket",
    "category": "quests/chap1",
    "sortnum": 17,
    "advancement": "heavens:bookchap1/14mill",
    "turnin": "heavens:bookchap1/17lava",
    "pages": [
        {
            "type": "quest",
            "title": "地上都是岩浆",
            "trigger": "heavens:bookchap1/17lava",
            "text": "有了$(item)辣椒粉$()，你就可以开始生产其它类似的火热材料了。在一个$(thing)沸腾$()的$(item)炼药锅$()里把粉末和$(item)液态魔力$()结合在一起，把它变成危险的热$(item)熔岩$()。"
        },
        {
        	"type": "checklist_end",
        	"item1": "minecraft:lava_bucket#1",
            "reward1": "minecraft:lava_bucket",
            "reward2": "arcaneworld:molten_pickaxe"
        },
        {
            "type": "cauldron_lit",
            "heading": "熔岩",
            "input_item": "cuisine:material:4#2",
            "input_fluid": "forge:bucketfilled{FluidName: \"mana_fluid\", Amount: 1000}",
            "output_fluid": "minecraft:lava_bucket",
            "description": "将液态魔力转化为熔岩。$(br)需要在炼药锅下烧火"
        }    
    ]
}