{
    "name": "石头时代——复古风",
    "icon": "minecraft:cobblestone",
    "category": "quests/chap1",
    "sortnum": 18,
    "advancement": "heavens:bookchap1/17lava",
    "turnin": "heavens:bookchap1/18stone",
    "pages": [
        {
            "type": "quest",
            "title": "石头时代——复古风",
            "trigger": "heavens:bookchap1/18stone",
            "text": "这里隐藏的魔力有一些奇怪的效果，正如你已经看到的，但是没什么比$(item)熔岩$()和$(item)水$()的冲突更奇特的了。在每一次接触时，它们会在接触点产生无限量的$(item)圆石$()，但是如果$(item)水$()跑得更快并接触到$(item)熔岩$()的源头，它将变成坚硬的$(item)黑曜石$()。"
        },
        {
        	"type": "checklist_end",
        	"item1": "minecraft:cobblestone#10",
            "item2": "minecraft:obsidian",
            "reward1": "minecraft:cobblestone#400",
            "reward2": "chisel:obsidian#6"
        }   
    ]
}