{
    "name": "下地狱",
    "icon": "minecraft:netherrack",
    "category": "quests/chap1",
    "sortnum": 19,
    "advancement": "heavens:bookchap1/18stone",
    "turnin": "heavens:bookchap1/19nether",
    "pages": [
        {
            "type": "quest",
            "title": "下地狱",
            "trigger": "heavens:bookchap1/19nether",
            "text": "嗯，我想你现在已经足够强大了，可以把这个世界碎片的一部分地拴在你的灵魂上了。因此，我可以减少我受到的束缚，并转移我的一些本源来帮助你进入其它位面。其中第一个是被称为$(item)下界$()的区域。$(br2)希望用火打开的这区域将给予你获得新资源的手段。要进入下界，建造一个由10个或"
        },
        {
            "type": "text",
            "text": "更多$(item)黑曜石$()搭建的框架（允许凿刻变体），然后点燃它打开大门。"
        },
        {
        	"type": "location",
            "icon": "books:templates/nether_preview.png",
            "location": "下界",
            "reward1": "minecraft:obsidian#20"
        },
        {
            "type": "multiblock",
            "name": "下界传送门",
            "text": "门式框架可以有各种尺寸（所示的框架尺寸是允许的最小尺寸）。生火激活。",
            "multiblock": {
                "pattern": [
                    [ " ", "O", "O", " " ],
                    [ "O", "P", "P", "O" ],
                    [ "O", "P", "P", "O" ],
                    [ "O", "P", "P", "O" ],
                    [ " ", "O", "0", " " ],
                    [ " ", " ", " ", " " ]
                ],
                "mapping": {
                    " ": "ANY",
                    "0": "minecraft:obsidian",
                    "O": "minecraft:obsidian",
                    "P": "AIR"
                },
                "symmetrical": false,
                "offset"     : [0, 0, 0],
                "view_offset": [0, 0, 0]
            }
        }
    ]
}