{
    "name": "下界资源",
    "icon": "arcaneworld:amethyst",
    "category": "quests/chap1",
    "sortnum": 20,
    "advancement": "heavens:bookchap1/19nether",
    "turnin": "heavens:bookchap1/20nethermats",
    "pages": [
        {
            "type": "quest",
            "title": "下界资源",
            "trigger": "heavens:bookchap1/20nethermats",
            "text": "当你探索下界时，就可以开始从这里获取资源了，主要是$(item)石英$()、$(item)金$()和$(item)紫水晶$()。$(item)石英$()和$(item)紫水晶$()可以从矿石中获得，而$(item)金$()则被当地的$(item)僵尸猪人$()所持有。除此以外，你可以将$(item)石英碎片$()扔在$(item)液态魔力$()中，将其转化为$(item)金粒$()。"
        },
        {
        	"type": "checklist_end",
        	"item1": "minecraft:quartz#10",
            "item2": "minecraft:gold_ingot#1",
            "item3": "arcaneworld:amethyst#1",
            "reward1": "minecraft:quartz_block#10",
            "reward2": "minecraft:gold_ingot#5",
            "reward3": "arcaneworld:amethyst#4"
        },
        {
            "type": "cauldron",
            "heading": "金粒",
            "input_item": "thaumcraft:nugget:9",
            "input_fluid": "forge:bucketfilled{FluidName: \"mana_fluid\", Amount: 1000}",
            "output_item": "minecraft:gold_nugget",
            "description": "消耗1瓶液态魔力（1/4桶）"
        }
    ]
}