{
    "name": "下界建筑",
    "icon": "minecraft:soul_sand",
    "category": "quests/chap1",
    "sortnum": 21,
    "advancement": "heavens:bookchap1/19nether",
    "turnin": "heavens:bookchap1/21netherrocks",
    "pages": [
        {
            "type": "quest",
            "title": "下界建筑",
            "trigger": "heavens:bookchap1/21netherrocks",
            "text": "下界本身是由一系列你以前从未遇到过的材料构成的。我认为应该谨慎地收集一些看似平凡的样本。有些东西，比如$(item)灵魂沙$()、$(item)玄武岩$()甚至会对$(item)液态魔力$()产生反应。"
        },
        {
        	"type": "checklist_end",
        	"item1": "minecraft:netherrack#30",
            "item2": "minecraft:soul_sand#10",
            "item3": "minecraft:sand#10",
            "item4": "minecraft:gravel#10",
            "reward1": "minecraft:sand#100"
        },
        {
            "type": "cauldron",
            "heading": "沙子",
            "input_item": "minecraft:soul_sand",
            "input_fluid": "forge:bucketfilled{FluidName: \"mana_fluid\", Amount: 1000}",
            "output_item": "minecraft:sand",
            "description": "消耗1瓶液态魔力（1/4桶）"
        },
        {
            "type": "cauldron",
            "heading": "沙砾",
            "input_item": "ore:stoneBasalt",
            "input_fluid": "forge:bucketfilled{FluidName: \"mana_fluid\", Amount: 1000}",
            "output_item": "minecraft:gravel",
            "description": "消耗1瓶液态魔力（1/4桶）"
        }
    ]
}