{
  "name": "灌注机",
  "appearance": {
    "lightmode": "running",
    "lightlevel": 7,
    "block": "kubejs:machine/infuser"
  },
  "components": [
    {
      "mode": "input",
      "id": "input1",
      "capacity": 64,
      "type": "custommachinery:item"
    },
    {
      "mode": "input",
      "id": "input2",
      "capacity": 64,
      "type": "custommachinery:item"
    },    
	{
      "mode": "input",
      "id": "input3",
      "capacity": 64,
      "type": "custommachinery:item"
    },
    {
      "mode": "input",
      "id": "input4",
      "capacity": 64,
      "type": "custommachinery:item"
    },    
	{
      "mode": "input",
      "id": "input5",
      "capacity": 64,
      "type": "custommachinery:item"
    },           
    {
      "mode": "output",
      "id": "output1",
      "type": "custommachinery:item"
    }
  ],
  "gui": [
    {
      "texture": "custommachinery:textures/gui/base_background.png",
      "x": 38,
      "y": 0,
	  "width": 180,
      "type": "custommachinery:texture"
    },
    {
      "x": 47,
      "y": 85,
      "type": "custommachinery:player_inventory"
    },
    {
      "x": 45,
      "y": 37,
      "type": "custommachinery:slot",
      "id": "input1"
    },
    {
      "x": 65,
      "y": 17,
      "type": "custommachinery:slot",
      "id": "input2"
    },    
	{
      "x": 65,
      "y": 57,
      "type": "custommachinery:slot",
      "id": "input3"
    },    
	{
      "x": 85,
      "y": 37,
      "type": "custommachinery:slot",
      "id": "input4"
    },		
	{
      "x": 65,
      "y": 37,
      "type": "custommachinery:slot",
      "id": "input5"
    },	
    {
      "id": "output1",
      "x": 173,
      "y": 37,
      "type": "custommachinery:slot"
    },
    {
      "x": 117,
      "y": 37,
      "type": "custommachinery:progress"
    },
    {
      "x": 200,
      "y": 5,
      "type": "custommachinery:status"
    },
	{
      "text": "灌注机",
      "x": 43,
      "y": 7,
      "type": "custommachinery:text"
    }
  ]
}