{
  "name": "有机物生成器",
  "appearance": {
    "lightmode": "running",
    "lightlevel": 7,
    "block": "kubejs:machine/organic_material_gen"
  },
  "components": [
    {
      "mode": "input",
      "id": "input1",
      "capacity": 64,
      "type": "custommachinery:item"
    },
	{
      "mode": "input",
      "id": "input2",
      "capacity": 64,
      "type": "custommachinery:item"
    }, 
    {
      "mode": "input",
      "id": "input3",
      "capacity": 10000,
	  "filter": ["kubejs:organic_fluid"],
	  "whitelist": true,
      "type": "custommachinery:fluid"
    },       
    {
      "mode": "output",
      "id": "output1",
      "type": "custommachinery:item"
    },    
	{
      "mode": "output",
      "id": "output2",
      "type": "custommachinery:item"
    }
  ],
  "gui": [
    {
      "texture": "custommachinery:textures/gui/base_background.png",
      "x": 38,
      "y": 0,
	  "width": 180,
      "type": "custommachinery:texture"
    },
    {
      "x": 47,
      "y": 85,
      "type": "custommachinery:player_inventory"
    },
    {
      "x": 65,
      "y": 37,
      "type": "custommachinery:slot",
      "id": "input1"
    },     
	{
      "x": 85,
      "y": 37,
      "type": "custommachinery:slot",
      "id": "input2"
    },		
	{
      "x": 45,
      "y": 25,
      "type": "custommachinery:fluid",
      "id": "input3"
    },		
    {
      "id": "output1",
      "x": 170,
      "y": 37,
      "type": "custommachinery:slot"
    },    
	{
      "id": "output2",
      "x": 190,
      "y": 37,
      "type": "custommachinery:slot"
    },
    {
      "x": 117,
      "y": 37,
      "type": "custommachinery:progress"
    },
    {
      "x": 200,
      "y": 5,
      "type": "custommachinery:status"
    },
	{
      "text": "有机物生成器",
      "x": 43,
      "y": 7,
      "type": "custommachinery:text"
    }
  ]
}