{
  "name": "探索与战利品",
  "icon": "kubejs:mysticwood_twig",
  "category": "patchouli:information",
  "pages": [
    {
      "type": "patchouli:text",
      "text": "在这个整合包中，探索是非常强大的，你会发现令人难以置信的战利品，这将有助于你在整合包中的进展，虽然这不会是严格意义上的必要任务。$(br2)每个战利品箱子都能被打开，并且每个玩家单独生成，这意味着即使是已经探索过的区域也能给你带来巨大的收获。"
    },
    {
      "type": "patchouli:text",
      "text": "这个包的一个非常独特的方面是战利品实际上随着你的游戏进度而变化。你在整合包中的游玩时间越长，战利品就越好，这样你就不会在早期感到力量过大，但同时也不会在接近结束时感到无聊。记住在游戏的每个阶段都要进行探索！"
    }
  ]
}