{
    "name": "压力室",
    "icon": "pneumaticcraft:ingot_iron_compressed",
    "category": "patchouli:pneumaticcraft",
	"sortnum": "1",
    "pages": [
        {
			"type": "text",
			"text": "压力室可用于制作更多气动工艺的物品。"
        },
        {
			"type": "multiblock",
			"name": "压力室",
			"enable_visualize": true,
			"multiblock": {
			"pattern":[
			["www", "www", "www"],
			["wgw", "i i", "wvw"],
			["www", "w0w", "www"]
			],
			"mapping":{
			"w": "pneumaticcraft:pressure_chamber_wall",
			"g": "pneumaticcraft:pressure_chamber_glass",
			"v": "pneumaticcraft:pressure_chamber_valve",
			"i": "pneumaticcraft:pressure_chamber_interface",
			"m": "#kubejs:miner"
			}
		},
        "text": "200 Ticks, 1 Ore Roll"
        }
	]
}