{
    "name": "侵蚀水",
    "icon": "skyopolis_additions:eroding_water_catalyst",
    "category": "patchouli:waters",
	"sortnum": "6",
    "pages": [
        {
			"type": "spotlight",
            "link_recipe": true,
            "item": "skyopolis_additions:eroding_water_catalyst",
            "title": "侵蚀水催化剂",
			"text": "资源需求：$(li)$(l:waters/nether_enriching)x1 下界富集水催化剂$(/l)$(li)x8 下界合金锭$(br2)将这个催化剂丢入下界富集水中可以生成侵蚀水"
        },
        {
			"type": "multiblock",
			"name": "侵蚀水",
			"enable_visualize": false,
			"multiblock": {
			"pattern":[
			[" "],
			["0"],
            [" "]		
        ],
			"mapping":{
			"0": "skyopolis:eroding_water"
			}
		},
		"text": "资源来源$(li)丢入：$(o)[圆石]$():$(li2)空白粒$(li2)空白石子$(li2)空白尘土$(br)"
		}
		]
}