{
    "name": "强富集",
    "icon": "skyopolis_additions:strong_enriching_water_catalyst",
    "category": "patchouli:waters",
	"sortnum": "4",
    "pages": [
        {
			"type": "spotlight",
            "link_recipe": true,
            "item": "skyopolis_additions:strong_enriching_water_catalyst",
            "title": "强富集水催化剂",
			"text": "资源需求：$(li)x4 空白粒$(li)x4 废料$(br2)将这个催化剂丢入深园富集水中可以生成强富集水"
        },
		{
			"type": "crafting",
			"recipe": "kubejs:kjs_cozqokn3tggvrsev9x3ak884s",
			"title": "强富集水催化剂"
		},
        {
			"type": "multiblock",
			"name": "强富集水",
			"enable_visualize": false,
			"multiblock": {
			"pattern":[
			[" "],
			["0"],
            [" "]		
        ],
			"mapping":{
			"0": "skyopolis:strong_enriching_water"
			}
		},
		"text": "丢入不同物品以获取资源：$(li)空白粒$(li)空白石子$(li)空白尘土$(br)"
		}
		]
}