{
    "name": "深园富集",
    "icon": "skyopolis_additions:undergarden_enriching_water_catalyst",
    "category": "patchouli:waters",
	"sortnum": "3",
    "pages": [
        {
			"type": "spotlight",
            "link_recipe": true,
            "item": "skyopolis_additions:undergarden_enriching_water_catalyst",
            "title": "深园富集水催化剂",
			"text": "资源需求：$(li)[匠魂冶炼炉]$(li2)x2 蘑菇$(li2)x50 深邃卵石$(li2)x1 黏土块$(li2)x1 雪块 (500mb 水)$()$(br2)将这个催化剂丢入弱富集水中可以生成深园富集水"
        },
        {
			"type": "multiblock",
			"name": "深园富集水",
			"enable_visualize": false,
			"multiblock": {
			"pattern":[
			[" "],
			["0"],
            [" "]		
        ],
			"mapping":{
			"0": "skyopolis:undergarden_enriching_water"
			}
		},
		"text": "资源来源$(li)丢入：$(li2)空白石子$(li2)空白尘土$(li2)空白粒"
		}
		]
}