{
    "name": "水",
    "icon": "skyopolis:aqua_catalyst",
    "category": "patchouli:waters",
	"sortnum": "1",
    "pages": [
        {
			"type": "spotlight",
            "item": "skyopolis:aqua_catalyst",
            "title": "普通的水",
			"text": "这个水晶用于让你获取普通的水",
			"link_recipe": true
        },
		{
			"type": "crafting",
			"recipe": "skyopolis:aqua_catalyst"
			
		},
		{
			"type": "crafting",
			"recipe": "skyopolis:mulch_block_from_leaves",
			"recipe2": "skyopolis:mulch_block_from_saplings"
		},
        {
			"type": "multiblock",
			"name": "护根方块",
			"enable_visualize": false,
			"multiblock": {
			"pattern":[
			[" "],
			["0"],
            [" "]		
        ],
			"mapping":{
			"0": "skyopolis:mulch_block"
			}
		},
		"text": "用水催化剂右键一个护根方块会创造普通的水（方块会被消耗）"
		}
		]
}