{
    "name": "石磨",
    "icon": "create:millstone",
    "category": "patchouli:create",
	"sortnum": "1",
    "pages": [
        {
			"type": "text",
			"text": "石磨能够研磨各种不同的物品"
        },
		{
			"type": "multiblock",
			"name": "石磨",
			"enable_visualize": false,
			"multiblock": {
			"pattern":[
			["0"],
			[" "]		
        ],
			"mapping":{
			"0": "create:millstone"
			}
		},
		"text": "石磨用来粉碎和研磨物品，例：$(br)（圆石 -> 沙砾）$(br)（沙砾 -> 燧石）"
		}
	]
}