{
    "name": "动力搅拌器",
    "icon": "create:mechanical_mixer",
    "category": "patchouli:create",
	"sortnum": "2",
    "pages": [
        {
			"type": "text",
			"text": "它可以把物品和液体搅拌到一起。"
        },
		{
			"type": "multiblock",
			"name": "动力搅拌器",
			"enable_visualize": true,
			"multiblock": {
			"pattern":[
			["m"],
			[" "],
			["0"]		
        ],
			"mapping":{
			"0": "create:basin",
			"m": "create:mechanical_mixer"
			}
		},
		"text": "$(br)动力搅拌器配合工作盆可以将液体和物品搅成新的东西"
		}
	]
}