{
    "name": "动力辊压机",
    "icon": "create:mechanical_press",
    "category": "patchouli:create",
	"sortnum": "3",
    "pages": [
        {
			"type": "text",
			"text": "它被用来压片和压实物品。"
        },
		{
			"type": "multiblock",
			"name": "动力辊压机",
			"enable_visualize": true,
			"multiblock": {
			"pattern":[
			["m"],
			[" "],
			["0"]		
        ],
			"mapping":{
			"0": "create:depot",
			"m": "create:mechanical_press"
			}
		},
		"text": "$(br)动力辊压机配合置物台可以压制物品"
		}
	]
}