{
  "achievements": [
    {
      "name": "筛子",
      "rewards": [
        {
          "name": "bloodmagic:ItemMonsterSoul",
          "stackSize": 1
        }
      ],
      "iconStack": {
        "name": "exnihiloadscensio:itemMesh",
        "metaValue": 1,
        "stackSize": 1
      },
      "bookStack": {
        "name": "minecraft:written_book",
        "stackSize": 1,
        "tagCompound": "{pages:[0:\"{\\\"text\\\":\\\"\u7ed9\u7b5b\u5b50\u6dfb\u52a0\u4e0a\u7b5b\u7f51\uff0c\u901a\u8fc7\u7b5b\u7802\u783e\u3001\u6c99\u5b50\u6216 \u8005\u6ce5\u571f\u6765\u5b8c\u6210\u76ee\u6807\u3002\\\"}\"],author:\"slowpoke101\",title:\"\u7b5b\u5b50\"}"
      },
      "chatMessage": "FTBAchievement 获得！：筛子",
      "fireOnce": true,
      "giveToAll": false
    },
    {
      "name": "造石机",
      "rewards": [
        {
          "name": "botania:blackLotus",
          "metaValue": 1,
          "stackSize": 32
        }
      ],
      "iconStack": {
        "name": "tp:emerald_cobblegen_block",
        "stackSize": 1
      },
      "bookStack": {
        "name": "minecraft:written_book",
        "stackSize": 1,
        "tagCompound": "{pages:[0:\"{\\\"text\\\":\\\"\u5236\u4f5c\u4e00\u4e2a\u0020\u0054\u0069\u006e\u0079\u0020\u0050\u0072\u006f\u0067\u0072\u0065\u0073\u0073\u0069\u006f\u006e\u0073\u0020\u6a21\u7ec4 \u7684\u0020\u0035\u0020\u7ea7\u9020\u77f3\u673a\u3002\\\"}\"],author:\"slowpoke101\",title:\"\u9020\u77f3\u673a\"}"
      },
      "chatMessage": "FTBAchievement 获得！：造石机",
      "fireOnce": true,
      "giveToAll": false
    },
    {
      "name": "抽屉管理器",
      "iconStack": {
        "name": "storagedrawers:controller",
        "stackSize": 1
      },
      "bookStack": {
        "name": "minecraft:written_book",
        "stackSize": 1,
        "tagCompound": "{pages:[0:\"{\\\"text\\\":\\\"\u5236\u4f5c\u4e00\u4e2a\u50a8\u7269\u62bd\u5c49\u6a21\u7ec4\u7684\u62bd\u5c49\u7ba1\u7406\u5668\\\"}\"],author:\"slowpoke101\",title:\"\u62bd\u5c49\u7ba1\u7406\u5668\"}"
      },
      "chatMessage": "FTBAchievement 获得！：抽屉管理器",
      "fireOnce": true,
      "giveToAll": false
    },
    {
      "name": "存储控制器",
      "iconStack": {
        "name": "refinedstorage:controller",
        "stackSize": 1
      },
      "bookStack": {
        "name": "minecraft:written_book",
        "stackSize": 1,
        "tagCompound": "{pages:[0:\"{\\\"text\\\":\\\"\u5408\u6210\u4e00\u4e2a\u0020\u0052\u0065\u0066\u0069\u006e\u0065\u0064\u0020\u0053\u0074\u006f\u0072\u0061\u0067\u0065\u0020\u6a21\u7ec4\u7684\u5b58\u50a8\u63a7\u5236\u5668\uff0c\u53ef\u4ee5\u7528\u6765\u4e3a\u0020\u0052\u0065\u0066\u0069\u006e\u0065\u0064\u0020\u0053\u0074\u006f\u0072\u0061\u0067\u0065\u0020\u7cfb\u7edf\u4f9b\u80fd\\\"}\"],author:\"slowpoke101\",title:\"\u5b58\u50a8\u63a7\u5236\u5668\"}"
      },
      "chatMessage": "FTBAchievement 获得！：存储控制器",
      "fireOnce": true,
      "giveToAll": false
    },
    {
      "name": "收集器",
      "rewards": [
        {
          "name": "minecraft:nether_star",
          "stackSize": 32
        }
      ],
      "iconStack": {
        "name": "randomthings:advancedItemCollector",
        "stackSize": 1
      },
      "bookStack": {
        "name": "minecraft:written_book",
        "stackSize": 0,
        "tagCompound": "{pages:[0:\"{\\\"text\\\":\\\"\u5408\u6210\u4e00\u4e2a\u0020\u0052\u0061\u006e\u0064\u006f\u006d\u0020\u0054\u0068\u0069\u006e\u0067\u0073\u0020\u6a21\u7ec4\u7684\u7269\u54c1\u6536\u96c6\u5668\\\"}\"],author:\"slowpoke101\",title:\"\u6536\u96c6\u5668\"}"
      },
      "chatMessage": "FTBAchievement 获得！：收集器",
      "fireOnce": true,
      "giveToAll": false
    },
    {
      "name": "史诗培根",
      "iconStack": {
        "name": "harvestcraft:epicbaconItem",
        "stackSize": 1
      },
      "bookStack": {
        "name": "minecraft:written_book",
        "stackSize": 1,
        "tagCompound": "{pages:[0:\"{\\\"text\\\":\\\"\u4f7f\u7528\u5404\u79cd\u5404\u6837\u7684\u67d3\u6599\u6765\u5236\u4f5c\u6f58\u9a6c\u601d\u6a21\u7ec4\u7684\u53f2\u8bd7\u57f9\u6839\\\"}\"],author:\"slowpoke101\",title:\"Harvestcraft\"}"
      },
      "chatMessage": "FTBAchievement 获得！：史诗培根",
      "fireOnce": true,
      "giveToAll": false
    },
    {
      "name": "反应堆控制器",
      "iconStack": {
        "name": "bigreactors:reactorcontroller",
        "stackSize": 1
      },
      "bookStack": {
        "name": "minecraft:written_book",
        "stackSize": 1,
        "tagCompound": "{pages:[0:\"{\\\"text\\\":\\\"\u5236\u4f5c\u4e00\u4e2a\u0020\u0045\u0078\u0074\u0072\u0065\u006d\u0065\u0020\u0052\u0065\u0061\u0063\u0074\u006f\u0072\u0073\u0020\u6a21\u7ec4\u7684\u53cd\u5e94\u5806\u63a7\u5236\u5668\uff0c\u7528\u6765\u5b8c\u6210\u9884\u5148\u4fee\u5efa\u597d\u7684\u53cd\u5e94\u5806\\\"}\"],author:\"slowpoke101\",title:\"\u53cd\u5e94\u5806\u63a7\u5236\u5668\"}"
      },
      "chatMessage": "FTBAchievement 获得！：反应堆控制器",
      "fireOnce": true,
      "giveToAll": false
    },
    {
      "name": "能量控制器",
      "iconStack": {
        "name": "fluxnetworks:FluxController",
        "stackSize": 1
      },
      "bookStack": {
        "name": "minecraft:written_book",
        "stackSize": 1,
        "tagCompound": "{pages:[0:\"{\\\"text\\\":\\\"\u5408\u6210\u4e00\u4e2a\u0020\u0046\u006c\u0075\u0078\u0020\u004e\u0065\u0074\u0077\u006f\u0072\u006b\u0073\u0020\u6a21\u7ec4\u7684\u80fd\u91cf\u63a7\u5236\u5668\\\"}\"],author:\"slowpoke101\",title:\"\u80fd\u91cf\u63a7\u5236\u5668\"}"
      },
      "chatMessage": "FTBAchievement 获得！：能量控制器",
      "fireOnce": true,
      "giveToAll": false
    },
    {
      "name": "喷气背包",
      "rewards": [
        {
          "name": "simplyjetpacks:itemJetpack",
          "stackSize": 1,
          "tagCompound": "{sjData:{Energy:20000}}"
        }
      ],
      "iconStack": {
        "name": "simplyjetpacks:itemJetpack",
        "metaValue": 5,
        "stackSize": 1,
        "tagCompound": "{sjData:{}}"
      },
      "bookStack": {
        "name": "minecraft:written_book",
        "stackSize": 0,
        "tagCompound": "{pages:[0:\"{\\\"text\\\":\\\"\u5408\u6210\u4e00\u4e2a\u0020\u0053\u0069\u006d\u0070\u006c\u0079\u0020\u004a\u0065\u0074\u0070\u0061\u0063\u006b\u0073\u0020\u6a21\u7ec4\u7684\u8c10\u632f\u55b7\u6c14\u80cc\u5305\\\"}\"],author:\"slowpoke101\",title:\"\u55b7\u6c14\u80cc\u5305\"}"
      },
      "chatMessage": "FTBAchievement 获得！：喷气背包",
      "fireOnce": true,
      "giveToAll": true
    },
    {
      "name": "熔炉",
      "iconStack": {
        "name": "mysticalagriculture:ultimate_furnace",
        "stackSize": 1
      },
      "bookStack": {
        "name": "minecraft:written_book",
        "stackSize": 0,
        "tagCompound": "{pages:[0:\"{\\\"text\\\":\\\"\u5236\u4f5c\u4e00\u4e2a\u795e\u79d8\u519c\u4e1a\u7684\u7ec8\u6781\u7cbe\u534e\u7194\u7089\\\"}\"],author:\"slowpoke101\",title:\"\u7194\u7089\"}"
      },
      "chatMessage": "FTBAchievement 获得！：熔炉",
      "fireOnce": true,
      "giveToAll": false
    },
    {
      "name": "RF 能量",
      "iconStack": {
        "name": "enderio:blockCombustionGenerator",
        "stackSize": 1
      },
      "bookStack": {
        "name": "minecraft:written_book",
        "stackSize": 1,
        "tagCompound": "{pages:[0:\"{\\\"text\\\":\\\"Use the combustion generator on the red platform to produce 500000 rf\\\"}\"],author:\"slowpoke101\",title:\"RFPower\"}"
      },
      "chatMessage": "FTBAchievement 获得！：RF 能量",
      "fireOnce": true,
      "giveToAll": false
    },
    {
      "name": "Crusher",
      "iconStack": {
        "name": "immersiveengineering:metalDecoration1",
        "metaValue": 1,
        "stackSize": 1
      },
      "bookStack": {
        "name": "minecraft:written_book",
        "stackSize": 0,
        "tagCompound": "{pages:[0:\"{\\\"text\\\":\\\"Construct a Crusher from Immersive Engineering.\\\"}\"],author:\"slowpoke101\",title:\"Crusher\"}"
      },
      "chatMessage": "FTBAchievement 获得！：Crusher",
      "fireOnce": true,
      "giveToAll": false
    },
    {
      "name": "Capacitor",
      "iconStack": {
        "name": "enderio:blockCapBank",
        "metaValue": 3,
        "stackSize": 1
      },
      "bookStack": {
        "name": "minecraft:written_book",
        "stackSize": 1,
        "tagCompound": "{pages:[0:\"{\\\"text\\\":\\\"Build a Vibrant Capacitor from Ender IO.\\\"}\"],author:\"slowpoke101\",title:\"Capacitor\"}"
      },
      "chatMessage": "FTBAchievement 获得！：Capacitor",
      "fireOnce": true,
      "giveToAll": false
    },
    {
      "name": "Cart",
      "iconStack": {
        "name": "minecraft:minecart",
        "stackSize": 1
      },
      "bookStack": {
        "name": "minecraft:written_book",
        "stackSize": 0,
        "tagCompound": "{pages:[0:\"{\\\"text\\\":\\\"Construct a Cart from Steves Minecarts using the following modules. Standard Hull, Basic Woodcutter, Smelter, CoalStandard, SideChests. Place on a track to complete the objective.\\\"}\"],author:\"slowpoke101\",title:\"Cart\"}"
      },
      "chatMessage": "FTBAchievement 获得！：Cart",
      "fireOnce": true,
      "giveToAll": false
    },
    {
      "name": "Item_Filter",
      "iconStack": {
        "name": "rftools:item_filter",
        "stackSize": 1
      },
      "bookStack": {
        "name": "minecraft:written_book",
        "stackSize": 1,
        "tagCompound": "{pages:[0:\"{\\\"text\\\":\\\"Build a Item Filter from RF Tools\\\"}\"],author:\"slowpoke101\",title:\"Item_Filter\"}"
      },
      "chatMessage": "FTBAchievement 获得！：Item_Filter",
      "fireOnce": true,
      "giveToAll": false
    },
    {
      "name": "Altar",
      "iconStack": {
        "name": "bloodmagic:BlockAltar",
        "stackSize": 1
      },
      "bookStack": {
        "name": "minecraft:written_book",
        "stackSize": 0,
        "tagCompound": "{pages:[0:\"{\\\"text\\\":\\\"Complete a Tier 5 Blood Altar from Blood Magic.\\\"}\"],author:\"slowpoke101\",title:\"Altar\"}"
      },
      "chatMessage": "FTBAchievement 获得！：Altar",
      "fireOnce": true,
      "giveToAll": false
    },
    {
      "name": "Void_Miner",
      "iconStack": {
        "name": "environmentaltech:controller_void_ore_miner_4",
        "stackSize": 1
      },
      "bookStack": {
        "name": "minecraft:written_book",
        "stackSize": 1,
        "tagCompound": "{pages:[0:\"{\\\"text\\\":\\\"Build a Tier 4 Void Ore Miner Controller and use it to complete the Void Ore Miner.\\\"}\"],author:\"slowpoke101\",title:\"Void_Miner\"}"
      },
      "chatMessage": "FTBAchievement 获得！：Void_Miner",
      "fireOnce": true,
      "giveToAll": false
    },
    {
      "name": "Bifrost_Rod",
      "iconStack": {
        "name": "botania:rainbowRod",
        "stackSize": 1
      },
      "bookStack": {
        "name": "minecraft:written_book",
        "stackSize": 1,
        "tagCompound": "{pages:[0:\"{\\\"text\\\":\\\"Form the Elven Portal from Botania, use this to gather the parts to build yourself the Bifrost Rod.\\\"}\"],author:\"slowpoke101\",title:\"Bifrost_Rod\"}"
      },
      "chatMessage": "FTBAchievement 获得！：Bifrost_Rod",
      "fireOnce": true,
      "giveToAll": false
    },
    {
      "name": "Handheld_Filler",
      "iconStack": {
        "name": "actuallyadditions:itemFillingWand",
        "stackSize": 1,
        "tagCompound": "{Energy:800000}"
      },
      "bookStack": {
        "name": "minecraft:written_book",
        "stackSize": 1,
        "tagCompound": "{pages:[0:\"{\\\"text\\\":\\\"Build a Handheld Filler from the Actually Additions mod.\\\"}\"],author:\"slowpoke101\",title:\"Handheld_Filler\"}"
      },
      "chatMessage": "FTBAchievement 获得！：Handheld_Filler",
      "fireOnce": true,
      "giveToAll": false
    },
    {
      "name": "Draconic_Sphere",
      "iconStack": {
        "name": "draconicevolution:energy_storage_core",
        "stackSize": 1
      },
      "bookStack": {
        "name": "minecraft:written_book",
        "stackSize": 0,
        "tagCompound": "{pages:[0:\"{\\\"text\\\":\\\"Complete a Tier 8 Draconic Sphere from the Draconic Evolution mod.\\\"}\"],author:\"slowpoke101\",title:\"Draconic_Sphere\"}"
      },
      "chatMessage": "FTBAchievement 获得！：Draconic_Sphere",
      "fireOnce": true,
      "giveToAll": false
    }
  ],
  "craftingTriggers": [
    {
      "triggerItem": {
        "name": "storagedrawers:controller",
        "stackSize": 1
      },
      "achievement": "抽屉控制器"
    },
    {
      "achievement": "熔炉"
    },
    {
      "achievement": "喷气背包"
    },
    {
      "achievement": "存储控制器"
    },
    {
      "triggerItem": {
        "name": "enderio:blockCapBank",
        "metaValue": 3,
        "stackSize": 1
      },
      "achievement": "Capacitor"
    },
    {
      "achievement": "收集器"
    },
    {
      "achievement": "发电机"
    },
    {
      "triggerItem": {
        "name": "bigreactors:reactorcontroller",
        "stackSize": 1
      },
      "achievement": "反应堆控制器"
    },
    {
      "achievement": "熔炉"
    },
    {
      "achievement": "喷气背包"
    },
    {
      "achievement": "存储控制器"
    },
    {
      "achievement": "收集器"
    },
    {
      "achievement": "发电机"
    },
    {
      "triggerItem": {
        "name": "mysticalagriculture:ultimate_furnace",
        "stackSize": 1
      },
      "achievement": "熔炉"
    },
    {
      "triggerItem": {
        "name": "simplyjetpacks:itemJetpack",
        "metaValue": 5,
        "stackSize": 1,
        "tagCompound": "{sjData:{}}"
      },
      "achievement": "喷气背包"
    },
    {
      "triggerItem": {
        "name": "refinedstorage:controller",
        "stackSize": 1
      },
      "achievement": "存储控制器"
    },
    {
      "triggerItem": {
        "name": "randomthings:advancedItemCollector",
        "stackSize": 1
      },
      "achievement": "收集器"
    },
    {
      "triggerItem": {
        "name": "integrateddynamics:coalGenerator",
        "stackSize": 1
      },
      "achievement": "发电机"
    },
    {
      "triggerItem": {
        "name": "botania:rainbowRod",
        "stackSize": 1
      },
      "achievement": "Bifrost_Rod"
    },
    {
      "triggerItem": {
        "name": "actuallyadditions:itemDrill",
        "metaValue": 3,
        "stackSize": 1,
        "tagCompound": "{Energy:0}"
      },
      "achievement": "手钻"
    },
    {
      "triggerItem": {
        "name": "tconstruct:scythe",
        "stackSize": 1,
        "tagCompound": "{StatsOriginal:{AttackSpeedMultiplier:1.0f,MiningSpeed:12.0f,FreeModifiers:3,Durability:2358,HarvestLevel:4,Attack:4.1f},Stats:{AttackSpeedMultiplier:1.1f,MiningSpeed:12.0f,FreeModifiers:3,Durability:2358,HarvestLevel:4,Attack:4.1f},Special:{Categories:[0:\"weapon\",1:\"harvest\",2:\"tool\"]},TinkerData:{Materials:[0:\"cobalt\",1:\"cobalt\",2:\"cobalt\",3:\"cobalt\"],Modifiers:[0:\"toolleveling\"]},Modifiers:[0:{identifier:\"lightweight\",color:-14122284,level:1},1:{identifier:\"momentum\",color:-14122284,level:1},2:{identifier:\"toolleveling\",color:16777215,level:1}],Traits:[0:\"lightweight\",1:\"momentum\",2:\"toolleveling\"]}"
      },
      "achievement": "Scythe"
    },
    {
      "triggerItem": {
        "name": "rftools:item_filter",
        "stackSize": 1
      },
      "achievement": "Item_Filter"
    },
    {
      "triggerItem": {
        "name": "fluxnetworks:FluxPlug",
        "stackSize": 1
      },
      "achievement": "Flux_Net"
    },
    {
      "triggerItem": {
        "name": "fluxnetworks:FluxPoint",
        "stackSize": 2
      },
      "achievement": "Flux_Net"
    },
    {
      "triggerItem": {
        "name": "tp:emerald_cobblegen_block",
        "stackSize": 1
      },
      "achievement": "造石机"
    },
    {
      "triggerItem": {
        "name": "actuallyadditions:itemFillingWand",
        "stackSize": 1,
        "tagCompound": "{Energy:0}"
      },
      "achievement": "Handheld_Filler"
    },
    {
      "triggerItem": {
        "name": "fluxnetworks:FluxController",
        "stackSize": 1
      },
      "achievement": "Flux_Controller"
    },
    {
      "triggerItem": {
        "name": "harvestcraft:epicbaconItem",
        "stackSize": 1
      },
      "achievement": "史诗培根"
    }
  ],
  "inputTriggers": [
    {
      "type": "rf",
      "requirement": 500000,
      "achievement": "RF 能量"
    }
  ],
  "sieveTriggers": [
    {
      "meshType": "string",
      "achievement": "筛网"
    }
  ],
  "guiTriggers": [],
  "scTriggers": [
    {
      "moduleName": "SideChests",
      "achievement": "Cart"
    },
    {
      "moduleName": "Smelter",
      "achievement": "Cart"
    },
    {
      "moduleName": "CoalStandard",
      "achievement": "Cart"
    },
    {
      "moduleName": "WoodcutterDiamond",
      "achievement": "Cart"
    }
  ],
  "bmTriggers": [
    {
      "tier": 5,
      "achievement": "Altar"
    }
  ],
  "deTriggers": [
    {
      "tier": 8,
      "achievement": "Draconic_Sphere"
    }
  ],
  "vmTriggers": [
    {
      "tier": 4,
      "achievement": "Void_Miner"
    }
  ],
  "crusherTriggers": [
    {
      "achievement": "Crusher"
    }
  ],
  "leaderboard": {
    "packName": "SF3challenge1"
  }
}