{
    "name": "任务介绍！",
    "icon": "enigmatica:textures/quest_book.png",
    "category": "patchouli:quests",
    "sortnum": 0,
    "pages": [
        {
            "type": "text",
            "text": "在以前，你可能从没使用过$(#ffa500)$(l)FTB 任务$(reset)，所以本章旨在简短地想你介绍关于任务的一些事。任务是什么不言而喻：$(l)它就是一系列的目标，完成后会给予你一些奖励$(reset)。"
        },

        {
            "type": "text",
            "text": "它们是完全可选的，但是通常会带有很有用的模组小贴士和指导，而且完成任务多有趣啊！不同任务之间可能大有不同，包括但不限于制作一样特定物品，上交能量，或是完成一个更具体的目标。总的来说，任务会告诉你到底要做什么，并且给予回报。某些任务会奖励你物品，有些则会给你随机的战利品！"
        },

        {
            "type": "text",
            "text": "如果你不确定要做什么或是对某个模组不熟悉，试着跟着有关的任务章节走一走。并且即使你已经知道一个模组了，你也有可能温故而知新，还领取到许多好东西！你还在等什么呢？$(l)通过打开任务书，或者点击你物品栏界面左上角的任务书图标，亦或者通过绑定的按键($(k:ftbquests.quests))来查看任务。$(reset)祝您推任务愉快！"
        }
    ]
}