{
    "name": "空岛中的蓝宝石",
    "icon": "arcaneworld:sapphire",
    "category": "quests/chap2",
    "sortnum": 0,
    "advancement": "heavens:bookchap1/20nethermats",
    "turnin": "heavens:bookchap2/0sapphires",
    "pages": [
        {
            "type": "quest",
            "title": "空岛中的蓝宝石",
            "trigger": "heavens:bookchap2/0sapphires",
            "text": "你从$(thing)下界$()收集的$(item)紫水晶$()，它的成分和我在实验中用过的蓝宝石相似，但它在本质上看起来似乎是混乱的。我想知道这是否可以通过接触我们这个世界的精华——$(item)液态魔力$()来驯服。"
        },
        {
            "type": "checklist_end",
            "item1": "arcaneworld:sapphire#1",
            "reward1": "arcaneworld:sapphire#10",
            "reward2": "arcaneworld:amethyst#10"
        },
        {
            "type": "cauldron",
            "heading": "蓝宝石",
            "input_item": "arcaneworld:amethyst",
            "input_fluid": "forge:bucketfilled{FluidName: \"mana_fluid\", Amount: 1000}",
            "output_item": "arcaneworld:sapphire",
            "description": "消耗2瓶液态魔力（1/2桶）"
        }
    ]
}