{
    "name": "举行仪式",
    "icon": "arcaneworld:ritual_table",
    "category": "quests/chap2",
    "sortnum": 1,
    "advancement": "heavens:bookchap2/0sapphires",
    "turnin": "heavens:bookchap2/2rituals",
    "pages": [
        {
            "type": "quest",
            "title": "举行仪式",
            "trigger": "heavens:bookchap2/2rituals",
            "text": "蓝宝石和紫水晶……这些宝石比我们目前生产的钻石更适合魔法。我们可以用来建一个祭坛。然后我们就可以用它来引导各种$(thing)仪式$()。"
        },
        {
            "type": "checklist_end",
            "item1": "arcaneworld:ritual_table#1",
            "reward1": "arcaneworld:sapphire#5",
            "reward2": "arcaneworld:amethyst#5",
            "reward3": "minecraft:bed:4#1"
        },
        {
            "type": "crafting",
            "title": "仪式台",
            "recipe": "crafttweaker:ct_shaped-832280076"
        },
        {
            "type": "mana_world",
            "heading": "灵慧树木板",
            "input": "ore:plankWood",
            "output": "wizardry:wisdom_wood_planks"
        }
    ]
}