{
    "name": "制作公司",
    "icon": "minecraft:spawn_egg{EntityTag:{id:\"minecraft:cow\"}}",
    "category": "quests/chap2",
    "sortnum": 2,
    "advancement": "heavens:bookchap2/2rituals",
    "turnin": "heavens:bookchap2/3cows",
    "pages": [
        {
            "type": "quest",
            "title": "制作公司",
            "trigger": "heavens:bookchap2/3cows",
            "text": "这个仪式桌上充满了能量，既和平又邪恶。你应该可以用这个来恢复一些在虚空中迷失的生物。让我们从简单的开始——召唤一些牲畜，例如一头$(item)牛$()。你可能需要一些近似的肉和骨头来完成这个仪式，但你肯定能弄明白。"
        },
        {
            "type": "checklist_end",
            "item1": "minecraft:beef#1",
            "item2": "minecraft:leather",
            "reward1": "minecraft:spawn_egg#2{EntityTag:{id:\"minecraft:cow\"}}"
        },
        {
            "type": "ritual",
            "heading": "构筑 牛",
            "item1": "arcaneworld:sapphire",
            "item2": "minecraft:beef",
            "item3": "minecraft:bone",
            "output_item": "minecraft:spawn_egg{EntityTag:{id:\"minecraft:cow\"}}",
            "description": "在祭坛上召唤一头牛"
        },
        {
            "type": "ritual",
            "heading": "构筑 骷髅",
            "item1": "arcaneworld:amethyst",
            "item2": "contenttweaker:boneshard",
            "item3": "contenttweaker:boneshard",
            "item4": "contenttweaker:boneshard",
            "item5": "contenttweaker:boneshard",
            "output_item": "minecraft:spawn_egg{EntityTag: {id: \"minecraft:skeleton\"}}",
            "description": "在祭坛召唤一具骷髅来获取完整的骨头"
        },
        {
            "type": "mana_world",
            "heading": "生牛肉",
            "input": "minecraft:rotten_flesh",
            "input2": "contenttweaker:boneshard",
            "input3": "wizardry:devil_dust",
            "output": "minecraft:beef",
            "description": "至少需要4桶液态魔力"
        }
    ]
}