{
    "name": "法师核心",
    "icon": "wizardry:syringe:1",
    "category": "quests/chap2",
    "sortnum": 3,
    "advancement": "heavens:bookchap1/21netherrocks",
    "turnin": "heavens:bookchap2/4needles",
    "pages": [
        {
            "type": "quest",
            "title": "法师核心",
            "trigger": "heavens:bookchap2/4needles",
            "text": "当你还是个婴儿的时候，你看着我编制了许多咒语，但在这场灾难之前，我却无法教你这门艺术。但现在我想是时候了。你在奥术方面的技能已经发展到足够的程度，我认为可以在没有太多负面影响的情况下将原始魔力引入你的身体。$(br2)要做到这一点，你需要一个$(item)注射器$()和一个$(item)魔力珠$()，两者"
        },
        {
            "type": "text",
            "text": "都是用$(item)玻璃$()制成的。结合这些来制作一个$(item)魔力提升工具$()，你可以使用它直接将法力注入你的身体，使你增强自身奥术。"
        },
        {
            "type": "checklist_end",
            "item1": "wizardry:syringe#1",
            "item2": "wizardry:orb:1#1",
            "item3": "wizardry:syringe:1#1",
            "reward1": "wizardry:syringe:1#3"
        },
        {
            "type": "crafting",
            "recipe": "wizardry:syringe\/syringe",
            "recipe2": "wizardry:syringe\/fill_mana_syringe"
        },
        {
            "type": "mana_world",
            "heading": "填充玻璃珠",
            "input": "wizardry:orb",
            "output": "wizardry:orb:1",
            "description": "使玻璃珠充满魔力。不消耗任何液体。可以在世界上做，也可以在炼药锅里做"
        },
        {
            "type": "crafting",
            "recipe": "wizardry:glass_orb"
        }
    ]
}
