{
    "name": "天使模仿者",
    "icon": "wizardry:halo_fake",
    "category": "quests/chap2",
    "sortnum": 4,
    "advancement": "heavens:bookchap2/4needles",
    "turnin": "heavens:bookchap2/5halo",
    "pages": [
        {
            "type": "quest",
            "title": "天使模仿者",
            "trigger": "heavens:bookchap2/5halo",
            "text": "随着$(thing)魔力$()注入你的血管，你应该准备好开始施放咒语了吧？$(br)……$(br)错了！这种$(thing)魔力$()是有限的，如果你不小心，你很容易受伤。如果你真的意识到你身体里还有多少$(thing)魔力$()的话，避免这个错误就容易多了。$(br2)这可以用一个$(item)粗糙光环$()来完成——一个粗略、但足够模仿天"
        },
        {
            "type": "text",
            "text": "使戴的光环。"
        },
        {
            "type": "checklist_end",
            "item1": "wizardry:halo_fake",
            "reward1": "wizardry:syringe:1#2",
            "reward2": "minecraft:quartz_block#10"
        },
        {
            "type": "crafting",
            "recipe": "wizardry:halo_fake"
        }
    ]
}