{
    "name": "斗篷制作者",
    "icon": "wizardry:cape",
    "category": "quests/chap2",
    "sortnum": 5,
    "advancement": "heavens:bookchap2/5halo",
    "turnin": "heavens:bookchap2/6cape",
    "pages": [
        {
            "type": "quest",
            "title": "斗篷制作者",
            "trigger": "heavens:bookchap2/6cape",
            "text": "在施咒巫师的衣橱里，另一件至关重要的衣服是$(item)斗篷$()。一件简单的皮革$(item)斗篷$()与一些TLC将逐渐吸收多余的$(thing)魔力$()消耗，并帮助简化过程——降低法术成本。"
        },
        {
            "type": "checklist_end",
            "item1": "wizardry:cape",
            "reward1": "minecraft:leather#3",
            "reward2": "minecraft:book#3"
        },
        {
            "type": "crafting",
            "recipe": "crafttweaker:ct_shaped1219635424"
        }
    ]
}