{
    "name": "珍珠灌注",
    "icon": "wizardry:nacre_pearl",
    "category": "quests/chap2",
    "sortnum": 7,
    "advancement": "heavens:bookchap2/7codex",
    "turnin": "heavens:bookchap2/8pearl",
    "pages": [
        {
            "type": "quest",
            "title": "珍珠灌注",
            "trigger": "heavens:bookchap2/8pearl",
            "text": "其中一个成分，你需要制作出神秘的$(item)炫珠$()。似乎将$(item)玻璃珠$()扔进不寻常的$(item)珍珠母液$()中会使其凝聚在球体上，形成质量各异的炫珠。$(br2)质量和玻璃珠扔进液体中的时间长短之间似乎有关联，但我从来没有发现过究竟多长时间是最好的。也许某位大师干过。"
        },
        {
            "type": "checklist_end",
            "item1": "wizardry:nacre_pearl",
            "reward1": "wizardry:orb#20",
            "reward2": "minecraft:diamond_chestplate"
        },
        {
            "type": "nacre_world",
            "heading": "制作炫珠",
            "input": "wizardry:orb",
            "output": "wizardry:nacre_pearl",
            "description": "不同的浸泡时间产生不同质量的珍珠"
        },
        {
            "type": "mana_world",
            "heading": "制作珍珠母液",
            "input": "minecraft:gold_nugget",
            "output": "forge:bucketfilled{FluidName: \"nacre_fluid\", Amount: 1000}",
            "description": "将$(item)液态魔力$()转化为$(item)珍珠母液$()，在世界上转化它。也可以在$(item)炼药锅$()里制作"
        }
    ]
}