{
    "name": "奥法结构",
    "icon": "wizardry:crafting_plate",
    "category": "quests/chap2",
    "sortnum": 8,
    "advancement": "heavens:bookchap2/5halo",
    "turnin": "heavens:bookchap2/9spellaltar",
    "pages": [
        {
            "type": "quest",
            "title": "奥法结构",
            "trigger": "heavens:bookchap2/9spellaltar",
            "text": "“我们什么时候开始施法”你问。好吧，你很难施展那些还没写好的咒语，对吧？有几件事我们需要准备，然后你就可以开始写令你兴奋的咒语了。$(br2)首先，书写咒语需要一个大的$(item)祭坛$()。为了建造它，你需要结合$(item)石英$()、$(item)智慧树$()和$(item)金$()，以及一个$(thing)开阔的9x9区域$()。一旦建造完成，你需要把$(item)玻璃"
        },
        {
            "type": "text",
            "text": "$(item)珠$()放在$(item)置珠台$()上"
        },
        {
        	"type": "checklist_many",
            "item1": "wizardry:crafting_plate#1",
            "item2": "wizardry:pearl_holder#4",
            "item3": "wizardry:wisdom_wood_log#12",
            "item4": "wizardry:wisdom_wood_planks#4",
            "item5": "wizardry:wisdom_wood_pigmented_planks#12",
            "item6": "wizardry:wisdom_wood_stairs#16",
            "item7": "minecraft:quartz_block#9",
            "item8": "minecraft:quartz_stairs#4",
            "item9": "minecraft:stone_slab:7#4",
            "reward1": "minecraft:quartz_block#30",
            "reward2": "wizardry:wisdom_wood_log#40",
            "reward3": "buildinggadgets:copypastetool"
        },
        {
            "type": "multiblock",
            "name": "施法祭坛",
            "multiblock": {
            "pattern": [
                [ "         ", " H     H ", "         ", "         ", "         ", "         ", "         ", " H     H ", "         " ],
                [ "         ", " L     L ", "         ", "         ", "         ", "         ", "         ", " L     L ", "         " ],
                [ "         ", " L     L ", "         ", "         ", "    C    ", "         ", "         ", " L     L ", "         " ],
                [ "    Z    ", " LDDRDDL ", " SPPQPPI ", " SPWQWPI ", "ZAQQ0QQUZ", " SPWQWPI ", " SPPQPPI ", " LOOTOOL ", "    Z    " ]
            ],
            "mapping": {
                " ": "ANY",
                "0": "minecraft:quartz_block",
                "Q": "minecraft:quartz_block",
                "H": "wizardry:pearl_holder",
                "C": "wizardry:crafting_plate",
                "L": "wizardry:wisdom_wood_log",
                "W": "wizardry:wisdom_wood_planks",
                "P": "wizardry:wisdom_wood_pigmented_planks",
                "I": "wizardry:wisdom_wood_stairs[facing=north]",
                "S": "wizardry:wisdom_wood_stairs[facing=south]",
                "D": "wizardry:wisdom_wood_stairs[facing=east]",
                "O": "wizardry:wisdom_wood_stairs[facing=west]",
                "U": "minecraft:quartz_stairs[facing=north]",
                "A": "minecraft:quartz_stairs[facing=south]",
                "R": "minecraft:quartz_stairs[facing=east]",
                "T": "minecraft:quartz_stairs[facing=west]",
                "Z": "minecraft:stone_slab[half=bottom,variant=quartz]"
            },
            "symmetrical": true,
            "offset"     : [0, 0, 0],
            "view_offset": [0, 0, 0]
            }
        },
        {
            "type": "crafting",
            "recipe": "wizardry:crafting_plate",
            "recipe2": "wizardry:pearl_holder"
        },
        {
            "type": "mana_world",
            "heading": "灵慧树原木",
            "input": "ore:logWood",
            "output": "wizardry:wisdom_wood_log"
        },
        {
            "type": "crafting",
            "title": "木板 & 镶金木板",
            "recipe": "wizardry:wisdom_wood/planks",
            "recipe2": "wizardry:wisdom_wood/pigmented_planks"
        },
        {
            "type": "relations",
            "entries": [
                "useful_things/building_tools/templates",
                "useful_things/building_tools/transferrence_tome"
            ]
        }
    ]
}