{
    "name": "织法",
    "icon": "wizardry:staff:1",
    "category": "quests/chap2",
    "sortnum": 9,
    "advancement": "heavens:bookchap2/9spellaltar",
    "turnin": "heavens:bookchap2/10staff",
    "pages": [
        {
            "type": "quest",
            "title": "织法",
            "trigger": "heavens:bookchap2/10staff",
            "text": "看来你已经收集了大部分你需要的东西，所以现在是时候开始真正的打造你自己的法术了。为此，你首先需要一个$(item)巫师工作台$()。有了这个你可以写咒语结合各种效果。$(br2)然后你需要先从左上角选择一个$(thing)法术类型$()或目标，然后把它拖到纸上。$(thing)法术效果$()的操作同上，然后你可以用鼠"
        },
        {
            "type": "text",
            "text": "标右键拖动来链接它们。顺序是很重要的——你必须从$(thing)类型$()到$(thing)效果$()，不能反过来。如果你带着$(item)织法宝典$()，则可以将法术配方保存到其中，然后查看在$(item)合成台$()上制作法术所需的成分。$(br2)收集这些成分，然后将其与$(item)炫珠$()一起放入$(item)合成台的碗里$()，$(item)炫珠$()$(n)最后添加$()。当有足够的$(thing)魔力$()可用时（无论是通过$(item)珍珠容器$()上的$(item)魔力球$()，还是储存在一个$(item)魔力电池$()中），法术将被构建，以一个$(thing)巨大的魔力爆发$()收尾。"
        },
        {
        	"type": "text",
        	"text": "这个仪式会给你刻有咒语的$(item)炫珠$()。要施法，你需要将炫珠附在$(item)法杖$()上。"
        },
        {
            "type": "checklist_end",
            "item1": "wizardry:magicians_worktable",
            "item2": "wizardry:staff",
            "item3": "wizardry:staff:1",
            "reward1": "wizardry:nacre_pearl"
        },
        {
            "type": "crafting",
            "recipe": "wizardry:magicians_worktable",
            "recipe2": "wizardry:staff"
        }
    ]
}