{
    "name": "电池制造者",
    "icon": "wizardry:mana_battery",
    "category": "quests/chap2",
    "sortnum": 8,
    "advancement": "heavens:bookchap2/9spellaltar",
    "turnin": "heavens:bookchap2/11manabattery",
    "pages": [
        {
            "type": "quest",
            "title": "电池制造者",
            "trigger": "heavens:bookchap2/11manabattery",
            "text": "施法祭坛可以通过在$()珍珠容器$()上放置$(item)魔力珠$()来补充魔力，但那个容量相当小，需要经常手动补充。一个$(item)魔力电池$()结构将缓慢地恢复魔力，并作为它的$(thing)魔力储备$()来完成你的法术（魔力储存在珍珠容器上的$(item)玻璃珠$()里）。$(br2)与施法祭坛一样，这座建筑主要是用$(item)石英$()、$(item)黄金$()和$(item)智慧木$()建造的，但在结构的中间"
        },
        {
            "type": "text",
            "text": "还包括8桶$(item)液态魔力$()。"
        },
        {
        	"type": "checklist_many",
            "item1": "wizardry:mana_battery#1",
            "item2": "wizardry:pearl_holder#4",
            "item3": "wizardry:wisdom_wood_log#15",
            "item4": "wizardry:wisdom_wood_planks#20",
            "item5": "wizardry:wisdom_wood_pigmented_planks#12",
            "item6": "wizardry:wisdom_wood_stairs#8",
            "item7": "minecraft:quartz_block#20",
            "item8": "minecraft:quartz_stairs#8",
            "item9": "forge:bucketfilled#8{FluidName: \"mana_fluid\", Amount: 1000}",
            "reward1": "wizardry:orb:1#40",
            "reward2": "minecraft:quartz#200"
        },
        {
            "type": "multiblock",
            "name": "魔力电池",
            "text": "魔力电池必须放在中间原木上方2格（原木和电池之间有1格空气）",
            "multiblock": {
            "pattern": [
                ["         ", "         ", "         ", "         ", "    B    ", "         ", "         ", "         ", "         "],
                ["         ", " H     H ", "         ", "         ", "         ", "         ", "         ", " H     H ", "         "],
                ["         ", " L     L ", "         ", "         ", "    L    ", "         ", "         ", " L     L ", "         "],
                ["         ", " L  R  L ", "  PDQDP  ", "  SMMMI  ", " AQMLMQU ", "  SMMMI  ", "  POQOP  ", " L  T  L ", "         "],
                ["    R    ", " LWWWWWL ", " WQQQQQW ", " WQPPPQW ", "AWQP0PQWU", " WQPPPQW ", " WQQQQQW ", " LWWWWWL ", "    T    "]
            ],
            "mapping": {
                " ": "ANY",
                "0": "wizardry:wisdom_wood_log",
                "Q": "minecraft:quartz_block",
                "H": "wizardry:pearl_holder",
                "B": "wizardry:mana_battery",
                "L": "wizardry:wisdom_wood_log",
                "W": "wizardry:wisdom_wood_planks",
                "P": "wizardry:wisdom_wood_pigmented_planks",
                "I": "wizardry:wisdom_wood_stairs[facing=north]",
                "S": "wizardry:wisdom_wood_stairs[facing=south]",
                "D": "wizardry:wisdom_wood_stairs[facing=east]",
                "O": "wizardry:wisdom_wood_stairs[facing=west]",
                "U": "minecraft:quartz_stairs[facing=north]",
                "A": "minecraft:quartz_stairs[facing=south]",
                "R": "minecraft:quartz_stairs[facing=east]",
                "T": "minecraft:quartz_stairs[facing=west]",
                "M": "wizardry:mana_fluid"
            },
            "symmetrical": true,
            "offset"     : [0, 0, 0],
            "view_offset": [0, 0, 0]
            }
        },
        {
            "type": "mana_world",
            "heading": "魔力电池",
            "input": "minecraft:diamond",
            "input2": "minecraft:soul_sand",
            "input3": "wizardry:devil_dust",
            "output": "wizardry:mana_battery",
            "description": "需要并消耗9桶$(item)液态魔力$()."
        }
    ]
}