{
    "name": "Raiding the Pantry",
    "icon": "minecraft:stonebrick:1",
    "category": "quests/chap2",
    "sortnum": 11,
    "advancement": "heavens:bookchap2/8pearl",
    "turnin": "heavens:bookchap2/12dungeon",
    "pages": [
        {
            "type": "quest",
            "title": "Raiding the Pantry",
            "trigger": "heavens:bookchap2/12dungeon",
            "text": "有了这些原料，我想应该可以打开通往那个地方的大门……对……我想是时候告诉你那件事了。当我年轻的时候，我和我的同事们一直维持着一个口袋空间来储存我们一些更$(o)不稳定$()的研究。由于无法控制并自我复制的$(thing)傀儡$()，我们不得不放弃它，但是我们留下了很多东西。在那里储存的一些材料应该对我们之后要做的事特别有用。"
        },
        {
        	"type": "location",
            "icon": "books:templates/dungeon_preview.png",
            "location": "Raid地牢",
            "reward1": "arcaneworld:sapphire#10",
            "reward2": "minecraft:enchanted_book{StoredEnchantments: [{lvl: 4, id: 0}]}"
        },
        {
            "type": "ritual",
            "heading": "Raid地牢",
            "item1": "arcaneworld:sapphire",
            "item2": "arcaneworld:sapphire",
            "item3": "arcaneworld:sapphire",
            "item4": "wizardry:nacre_pearl",
            "item5": "minecraft:gold_ingot",
            "tip": "传送到Raid地牢",
            "description": "传送你到raid。$(br)$(o)警告：建议先准备盔甲$()"
        }
    ]
}