{
    "name": "Shoot and Loot",
    "icon": "contenttweaker:otherworlds_core",
    "category": "quests/chap2",
    "sortnum": 11,
    "advancement": "heavens:bookchap2/12dungeon",
    "turnin": "heavens:bookchap2/13raidloot",
    "pages": [
        {
            "type": "quest",
            "title": "Shoot and Loot",
            "trigger": "heavens:bookchap2/13raidloot",
            "text": "既然你成功了，里面有很多有用的东西，但你真正要找的是$(item)其他世界的核心$()。有了这些，我们应该能够打开一个拥有大量新资源的地方的传送门。我们目前总共需要3个。不过要小心，这个地方很久没人管了。"
        },
        {
        	"type": "checklist_end",
            "item1": "contenttweaker:otherworlds_core#3",
            "reward1": "arcaneworld:amethyst#10",
            "reward2": "minecraft:enchanted_book{StoredEnchantments: [{lvl: 4, id: 0}]}"
        },
        {
            "type": "spotlight",
            "item": "tombstone:grave_key{enchant: 1}",
            "title": "他喵的，我死了！",
            "text": "如果你发现自己像我曾祖父一样挂了，你可以通过$(l:collected_knowledge/death#enchanted_key)给坟墓之钥附魔$()来找回你的物品。"
        },
        {
            "type": "relations",
            "entries": [
                "dimension_dossier/dungeon_raid"
            ]
        }
    ]
}