{
    "name": "Aerborn",
    "icon": "aether_legacy:aether_portal_frame",
    "category": "quests/chap2",
    "sortnum": 13,
    "advancement": "heavens:bookchap2/13raidloot",
    "turnin": "heavens:bookchap2/14aether",
    "pages": [
        {
            "type": "quest",
            "title": "Aerborn",
            "trigger": "heavens:bookchap2/14aether",
            "text": "从$(thing)下界$()收集材料是一个好的开始，但是要继续发展，将需要另外的空间传送。我们接下来的目标之一是被称为$(thing)以太$()的空间。乍一看，它似乎与$(thing)下界$()相反——天堂。但是以我的经验来看，这里同样危险，甚至更危险。$(br2)通往$(thing)以太$()的$(thing)传送门$()与$(thing)地狱门$()类似，只是用$(item)萤石$()代替了$(item)黑曜石$()。一旦建成，使用$(item)其它$()"
        },
        {
            "type": "text",
            "text": "$(item)世界的核心$()来激活它。"
        },
        {
        	"type": "location",
            "icon": "books:templates/aether_preview.png",
            "location": "以太",
            "reward1": "aether_legacy:diamond_gloves",
            "reward2": "minecraft:glowstone_dust#100"
        },
        {
            "type": "multiblock",
            "name": "以太传送门",
            "text": "门式框架可以有多种尺寸（所示的框架尺寸是允许的最小尺寸）。使用$(item)其它世界的核心$()激活.",
            "multiblock": {
            "pattern": [
                [ " ", "O", "O", " " ],
                [ "O", "P", "P", "O" ],
                [ "O", "P", "P", "O" ],
                [ "O", "P", "P", "O" ],
                [ " ", "O", "0", " " ],
                [ " ", " ", " ", " " ]
            ],
            "mapping": {
                " ": "ANY",
                "0": "minecraft:glowstone",
                "O": "minecraft:glowstone",
                "P": "AIR"
            },
            "symmetrical": false,
            "offset"     : [0, 0, 0],
            "view_offset": [0, 0, 0]
            }
        }
    ]
}