{
    "name": "迷雾之子",
    "icon": "mist:stone_porous",
    "category": "quests/chap2",
    "sortnum": 14,
    "advancement": "heavens:bookchap2/13raidloot",
    "turnin": "heavens:bookchap2/15misty",
    "pages": [
        {
            "type": "quest",
            "title": "迷雾之子",
            "trigger": "heavens:bookchap2/15misty",
            "text": "现在你的力量进一步增强了，是时候推进到另一个空间了。这一次我们要去$(thing)朦胧的世界$()。我对它知之甚少，只知道它有我们急需的材料——至少可以说这个地方令人不安。你需要用一个$(thing)魔法仪式$()在两块石头上嵌入$(item)其它世界的核心$()，然后用一个$(item)金块$()将它们垂直放置。"
        },
        {
        	"type": "location",
            "icon": "books:templates/mist_preview.png",
            "location": "朦胧的世界",
            "reward1": "minecraft:enchanted_book{StoredEnchantments: [{lvl: 5, id: 16}]}",
            "reward2": "minecraft:gold_ingot#30"
        },
        {
            "type": "ritual",
            "heading": "上层传送门石",
            "item1": "botania:biomestonea:6",
            "item2": "contenttweaker:otherworlds_core",
            "item3": "minecraft:gold_nugget",
            "item4": "arcaneworld:amethyst",
            "item5": "minecraft:glass_bottle",
            "output_item": "mist:portal_base:3"
        },
        {
            "type": "ritual",
            "heading": "下层传送门石",
            "item1": "botania:biomestonea:6",
            "item2": "contenttweaker:otherworlds_core",
            "item3": "minecraft:gold_nugget",
            "item4": "arcaneworld:amethyst",
            "item5": "botania:grassseeds",
            "output_item": "mist:portal_base:2"
        },
        {
            "type": "multiblock",
            "name": "朦胧的世界传送门",
            "text": "警告：若传送门被破坏，$(item)金块$()会消失。如果你的传送门出现在世界中心，你可以召唤一个$(thing)裂缝$()进行传送。",
            "multiblock": {
            "pattern": [
                ["T"],
                ["G"],
                ["0"],
                [" "]
            ],
            "mapping": {
                " ": "ANY",
                "0": "mist:portal_base[isnew=false,isup=false]",
                "T": "mist:portal_base[isnew=false,isup=true]",
                "G": "minecraft:gold_block"
            },
            "symmetrical": false,
            "offset"     : [0, 0, 0],
            "view_offset": [0, 0, 0]
            }
        },
        {
            "type": "ritual",
            "heading": "召唤裂缝",
            "item1": "minecraft:ender_eye",
            "item2": "arcaneworld:amethyst",
            "tip": "召唤裂缝 —— 永久",
            "description": "$(thing)裂缝$()是永久的！建议你穿上$(item)鞘翅$()，以防它把你传送到高空"
        }
    ]
}