{
    "name": "任务提交机",
    "appearance": {
      "idle": {
        "block": "testresourcepack:machine/stone_generator_model"
      },
      "running": {
        "lightlevel": 15
      }
    },
    "components": [
      {
        "capacity": 10000,
        "type": "custommachinery:energy"
      },
      {
        "id": "task_slot",
        "type": "custommachinery:item",
        "filter": ["#quests:task_items"],
        "whitelist": true,
        "config": {
          "default": "none",
          "left": "both",
          "right": "both",
          "front": "both",
          "back": "both"
        }
      },
      {
        "id": "card_slot",
        "type": "custommachinery:item",
        "filter": ["#trade:cards"],
        "whitelist": true,
        "config": {
          "default": "none",
          "left": "both",
          "right": "both",
          "front": "both",
          "back": "both"
        }
      },
      {
        "mode": "input",
        "id": "input1",
        "type": "custommachinery:item",
        "filter": ["#quests:task_items","#trade:cards"],
        "config": {
          "default": "none",
          "top": "input"
        }
      },
      {
        "mode": "input",
        "id": "input2",
        "type": "custommachinery:item",
        "filter": ["#quests:task_items","#trade:cards"],
        "config": {
          "default": "none",
          "top": "input"
        }
      },
      {
        "mode": "input",
        "id": "input3",
        "type": "custommachinery:item",
        "filter": ["#quests:task_items","#trade:cards"],
        "config": {
          "default": "none",
          "top": "input"
        }
      },
      {
        "mode": "input",
        "id": "input4",
        "type": "custommachinery:item",
        "filter": ["#quests:task_items","#trade:cards"],
        "config": {
          "default": "none",
          "top": "input"
        }
      },
      {
        "mode": "input",
        "id": "energy_input",
        "type": "custommachinery:item",
        "variant": "custommachinery:energy"
      },
      {
        "mode": "output",
        "id": "output1",
        "type": "custommachinery:item",
        "config": {
          "default": "none",
          "bottom": "output"
        }
      },
      {
        "mode": "output",
        "id": "output2",
        "type": "custommachinery:item",
        "config": {
          "default": "none",
          "bottom": "output"
        }
      },
      {
        "mode": "output",
        "id": "output3",
        "type": "custommachinery:item",
        "config": {
          "default": "none",
          "bottom": "output"
        }
      },
      {
        "mode": "output",
        "id": "output4",
        "type": "custommachinery:item",
        "config": {
          "default": "none",
          "bottom": "output"
        }
      }
    ],
    "gui": [
      {
        "type": "custommachinery:size",
        "width": "177",
        "height": "174"
      },
      {
        "texture": "quests:textures/gui/trade_station.png",
        "x": 0,
        "y": 0,
        "type": "custommachinery:texture",
        "width": "256",
        "height": "256"
      },
      {
        "x": 7,
        "y": 91,
        "type": "custommachinery:player_inventory"
      },
      { 
        "x": 151,
        "y": 15,
        "type": "custommachinery:energy"
      }, 
      {
        "x": 151,
        "y": 63,
        "type": "custommachinery:slot",
        "id": "energy_input",
        "texture":"quests:textures/gui/energy_slot.png"
      },
      {
        "x": 16,
        "y": 22,
        "type": "custommachinery:slot",
        "id": "input1"
      },
      {
        "x": 16,
        "y": 40,
        "type": "custommachinery:slot",
        "id": "input2"
      },
      {
        "x": 34,
        "y": 22,
        "type": "custommachinery:slot",
        "id": "input3"
      },
      {
        "x": 34,
        "y": 40,
        "type": "custommachinery:slot",
        "id": "input4"
      },
      {
        "id": "output1",
        "x": 105,
        "y": 22,
        "type": "custommachinery:slot"
      },
      {
        "id": "output2",
        "x": 105,
        "y": 40,
        "type": "custommachinery:slot"
      },
      {
        "id": "output3",
        "x": 123,
        "y": 22,
        "type": "custommachinery:slot"
      },
      {
        "id": "output4",
        "x": 123,
        "y": 40,
        "type": "custommachinery:slot"
      },
      {
        "id": "task_slot",
        "x": 61,
        "y": 63,
        "type": "custommachinery:slot",
        "texture":"quests:textures/gui/task_slot_r_open.png"
      },
      {
        "id": "card_slot",
        "x": 79,
        "y": 63,
        "type": "custommachinery:slot",
        "texture":"quests:textures/gui/card_slot_l_open.png"
      },
      {
        "x": 68,
        "y": 32,
        "type": "custommachinery:progress"
      },
      {
        "text": "Quest Station",
        "x": 18,
        "y": 5,
        "type": "custommachinery:text"
      }
    ]
  }