{
    "name": "高级魔杖",
    "icon": "kubejs:advanced_wand",
    "category": "patchouli:wands",
	"sortnum": "2",
    "pages": [
        {
			"type": "spotlight",
            "text": "高级魔杖是地狱城的第二根魔杖。$(br2)后面的页面会显示高级魔杖的合成表。$(br2)右键单击某个方块会发生某些事情。",
			"item": "kubejs:advanced_wand",
			"link_recipe": true
        },
		{
			"type": "image",
			"images": [
			"kubejs:textures/book/advanced_wand.png"
			],
			"title": "高级魔杖",
			"border": false,
			"text": ""
		},
		{
			"type": "spotlight",
			"text": "高级魔杖或更好的魔杖可以把灵魂砂岩转成黑石。",
			"item": "minecraft:blackstone",
			"link_recipe": true
		},
		{
			"type": "spotlight",
			"text": "高级魔杖或更好的魔杖可以把灵浆粘性泥土转成泥土。",
			"item": "minecraft:dirt",
			"link_recipe": true
		},
		{
			"type": "spotlight",
			"text": "高级魔杖或更好的魔杖可以把沙砾转成燧石。",
			"item": "minecraft:flint",
			"link_recipe": true
		},		
		{
			"type": "spotlight",
			"text": "高级魔杖或更好的魔杖可以把岩浆块转成岩浆膏。",
			"item": "minecraft:magma_cream",
			"link_recipe": true
		},
		{
			"type": "spotlight",
			"text": "高级魔杖或更好的魔杖可以把矿石精准采集下来。",
			"item": "minecraft:nether_quartz_ore",
			"link_recipe": true
		}
		
		]
}