{
    "name": "基础魔杖",
    "icon": "kubejs:basic_wand",
    "category": "patchouli:wands",
	"sortnum": "1",
    "pages": [
        {
			"type": "spotlight",
			"text": "基础魔杖是地狱城的第一根魔杖。$(br2)后面的页面会显示基础魔杖的合成表$(br2)右键单击某个方块会发生某些事情。",
			"item": "kubejs:basic_wand",
			"link_recipe": true
        },
		{
			"type": "image",
			"images": [
			"kubejs:textures/book/basic_wand.png"
			],
			"title": "基础魔杖",
			"border": false,
			"text": ""
		},
		{
			"type": "spotlight",
			"text": "基础魔杖或更好的魔杖可以把下界岩转成下界岩粉。",
			"item": "kubejs:netherrack_dust",
			"link_recipe": true
		},
		{
			"type": "spotlight",
			"text": "基础魔杖或更好的魔杖可以把诡异疣块转成诡异菌。",
			"item": "minecraft:warped_fungus",
			"link_recipe": true
		},
		{
			"type": "spotlight",
			"text": "基础魔杖或更好的魔杖可以把下界疣块转成绯红菌。",
			"item": "minecraft:crimson_fungus",
			"link_recipe": true
		},
		{
			"type": "spotlight",
			"text": "基础魔杖或更好的魔杖可以点燃灵魂沙，紧接着你的魔杖可以把灵魂火转成灵魂营火。这会对你造成3颗心的伤害！",
			"item": "minecraft:soul_campfire",
			"link_recipe": true
		},		
		{
			"type": "spotlight",
			"text": "基础魔杖或更好的魔杖可以把骨块转成骨头。",
			"item": "minecraft:bone",
			"link_recipe": true
		},		
		{
			"type": "spotlight",
			"text": "基础魔杖或更好的魔杖可以把工作台转成工作站。",
			"item": "tconstruct:crafting_station",
			"link_recipe": true
		}
		]
}