{
    "name": "石英钴魔杖",
    "icon": "kubejs:quartz_cobalt_wand",
    "category": "patchouli:wands",
	"sortnum": "3",
    "pages": [
		{
			"type": "spotlight",
			"text": "石英钴魔杖是地狱城的第三根魔杖。$(br2)后面的页面会显示石英钴魔杖的合成表。$(br2)右键单击某个方块会发生某些事情。",
			"item": "kubejs:quartz_cobalt_wand",
			"link_recipe": true
		},
		{	
			"type": "image",
			"images": [
			"kubejs:textures/book/quartz_cobalt_wand.png"
			],
			"title": "石英钴魔杖",
			"border": false,
			"text": ""
		},
		{
			"type": "spotlight",
			"text": "石英钴魔杖或更好的魔杖可以把焦黑石头转成石头。",
			"item": "minecraft:stone",
			"link_recipe": true
		},
		{
			"type": "spotlight",
			"text": "石英钴魔杖或更好的魔杖可以把漏斗转成桶。",
			"item": "minecraft:bucket",
			"link_recipe": true
		},
		{
			"type": "spotlight",
			"text": "石英钴魔杖或更好的魔杖可以把石英块转成羊毛。",
			"item": "minecraft:white_wool",
			"link_recipe": true
		}		
		]
}