{
    "name": "召唤师魔杖",
    "icon": "kubejs:summoner_wand",
    "category": "patchouli:wands",
	"sortnum": "4",
    "pages": [
		{
			"type": "spotlight",
			"text": "召唤师魔杖是一种可以创造生命是魔杖。$(br2)后面的页面会显示召唤师魔杖的合成表。$(br2)右键单击某个方块会发生某些事情。",
			"item": "kubejs:summoner_wand",
			"link_recipe": true
		},
		{	
			"type": "image",
			"images": [
			"kubejs:textures/book/summoner_wand.png"
			],
			"title": "召唤师魔杖",
			"border": false,
			"text": ""
		},
		{
			"type": "spotlight",
			"text": "召唤师魔杖可以把生铁块转成猪。",
			"item": "tconstruct:pig_iron_block",
			"link_recipe": true
		},
		{
			"type": "entity",
			"entity": "minecraft:pig",
			"scale": 0.6
		},
		{
			"type": "spotlight",
			"text": "召唤师魔杖可以把打包皮革转成牛。",
			"item": "quark:bonded_leather",
			"link_recipe": true
		},
		{
			"type": "entity",
			"entity": "minecraft:cow",
			"scale": 0.8
		},
		{
			"type": "spotlight",
			"text": "召唤师魔杖可以把黏血块转成村民。",
			"item": "tconstruct:blood_slime",
			"link_recipe": true
		},	
		{
			"type": "entity",
			"entity": "minecraft:villager"
		},		
		{
			"type": "spotlight",
			"text": "召唤师魔杖可以把烈焰灯转成烈焰人。",
			"item": "quark:blaze_lantern",
			"link_recipe": true
		},
		{
			"type": "entity",
			"entity": "minecraft:blaze"
		}
		]
}