{
    "name": "过渡金属",
    "icon": "mist:niobium_ore",
    "category": "quests/chap3",
    "sortnum": 0,
    "advancement": "heavens:bookchap2/15misty",
    "turnin": "heavens:bookchap3/0niobium",
    "pages": [
        {
            "type": "quest",
            "title": "过渡金属",
            "trigger": "heavens:bookchap3/0niobium",
            "text": "在这个地方要小心。$(thing)雾气$()对人的健康有极大的危害。不幸的是，让它更安全的方法需要着冒一定风险。你需要收获一种被称为$(item)铌$()的物质，它可以作为矿石在薄雾周围的悬崖上找到。$(br2)幸运的是，$(thing)薄雾随着时间起起伏伏$()，在夜间达到最低，可以仔细搜寻这些珍贵的矿石，尽管这还不足以说明这"
        },
        {
            "type": "text",
            "text": "一领域的其他危险。$(br2)照顾我的孩子。$(br2)注：与这里的$(item)雾石$()和大多数其他材料不同，$(item)铌矿$()可以用任何镐子开采。"
        },
        {
            "type": "checklist_end",
            "item1": "mist:niobium_ore#1",
            "reward1": "mist:niobium_ore#10"
        }
    ]
}