{
    "name": "熄火",
    "icon": "mist:furnace",
    "category": "quests/chap3",
    "sortnum": 2,
    "advancement": "heavens:bookchap3/1respirator",
    "turnin": "heavens:bookchap3/1amistfurnace",
    "pages": [
        {
            "type": "quest",
            "title": "熄火",
            "trigger": "heavens:bookchap3/1amistfurnace",
            "text": "这里的$(item)碎石$()很适合制造稍微专业一点的$(item)熔炉$()。在这个熔炉里，燃料燃烧不完全，会产生$(item)灰烬$()。在大多数情况下，这几乎没有什么用处，但现在，$(item)灰烬$()是对抗$(thing)雾气$()更多危害的重要成分。"
        },
        {
            "type": "checklist_end",
            "item1": "mist:furnace",
            "item2": "mist:ash",
            "reward1": "mist:ash#5"
        },
        {
            "type": "text",
            "title": "使用熔炉",
            "text": "朦胧世界的熔炉有两种模式-由进气口[1]是打开还是关闭决定。$(br2)当进气口$(l)打开$()时，$(item)熔炉$()将消耗$(thing)燃料$()，加热炉子，并将$(thing)燃料$()燃烧成$(item)灰烬$()。$(br2)在进气口$(l)关闭$()的情况下，燃料不会被消耗，取而代之的是，熔炉会消耗储存的热量熔炼炉内的东西。"
        },
        {
            "type": "image",
            "images": ["books:templates/mist_furnace.png"],
            "border": true,
            "title": "使用熔炉",
            "text": "点火时，在进气口$(l)打开$()（如图所示）时，对其使用$(item)打火石$()，并在其中放入$(thing)燃料$()"
        },
        {
            "type": "crafting",
            "recipe": "mist:furnace",
            "text": "$(item)碎石$()散落在地表，也可以挖$(item)雾石$()获取。"
        }
    ]
}