{
    "name": "Rub-a-dub-dub",
    "icon": "mist:soap",
    "category": "quests/chap3",
    "sortnum": 3,
    "advancement": "heavens:bookchap3/2mist",
    "turnin": "heavens:bookchap3/1bsoap",
    "pages": [
        {
            "type": "quest",
            "title": "Rub-a-dub-dub",
            "trigger": "heavens:bookchap3/1bsoap",
            "text": "在深入雾气之后，你发现你的皮肤有点痒。虽然$(item)口罩$()能保护你的肺，但$(thing)雾气$()对你的皮肤也有危害。幸运的是，洗澡可以解决这个问题。只用水也可以慢慢清除$(thing)化学污染$()，但肥皂能更快地清除它——所以好好洗洗吧！"
        },
        {
            "type": "checklist_end",
            "item1": "mist:soap",
            "reward1": "bewitchment:tallow#5"
        },
        {
            "type": "crafting",
            "recipe": "mist:soap",
            "text": "可以从$(thing)朦胧世界$()的一些动物身上获得油脂，在那里可以开采$(item)硝石$()。"
        },
        {
            "type": "relations",
            "title": "油脂来源",
            "entries": [
                "collected_knowledge/mobs/brachiodon",
                "collected_knowledge/mobs/caravan",
                "collected_knowledge/mobs/monk",
                "collected_knowledge/mobs/sloth",
                "collected_knowledge/mobs/sniff"
            ]
        }
    ]
}