{
    "name": "该排毒了",
    "icon": "mist:tinder_fungus",
    "category": "quests/chap3",
    "sortnum": 3,
    "advancement": "heavens:bookchap3/2mist",
    "turnin": "heavens:bookchap3/1cdetox",
    "pages": [
        {
            "type": "quest",
            "title": "该排毒了",
            "trigger": "heavens:bookchap3/1cdetox",
            "text": "如果你胆敢在没有$(item)口罩$()保护的情况下进入雾中，你可能会感到有点不舒服，这是因为$(thing)雾$()的$(thing)毒性$()。谢天谢地，年轻时的实验让我发现了6种可以对抗这种$(thing)毒性$()的食物。我建议你吃一个。"
        },
        {
            "type": "eat_task",
            "item1": "mist:mushrooms_food:21",
            "item2": "mist:mushrooms_food:23",
            "item3": "mist:tinder_fungus",
            "item4": "mist:tree_seed:9",
            "item5": "mist:nightberry",
            "item6": "mist:swim_bladder",
            "reward1": "mist:tree_seed:9#10"
        },
        {
            "type": "spotlight",
            "item": "mist:tinder_fungus",
            "text": "$(item)木蹄层孔菌$()在森林地带偶尔能发现，生长在$(item)欺诈树$()的附近。" 
        },
        {
            "type": "spotlight",
            "item": "mist:nightberry",
            "text": "在$(thing)沼泽地带$()的水中可以发现$(item)漂浮丛$()，$(item)夜莓$()生长在$(item)漂浮丛$()里。可以在$(item)漂浮丛$()上重新种植，以获取更多。" 
        },
        {
            "type": "spotlight",
            "item": "mist:tree_seed:9",
            "text": "$(item)石木浆果$()可以在$(thing)针叶林地带$()发现，二月到三月之间可以少量从$(item)石木$()的叶子中收获。$(br2)更多信息请参见$(l:dimension_dossier/misty_world/seasons)季节$()。" 
        },
        {
            "type": "spotlight",
            "item": "mist:swim_bladder",
            "text": "$(item)沙漠鱼鱼鳔$()可以通过杀死$(thing)沙漠鱼$()获得，在$(thing)沙漠/热带草原地区$()的干燥或湿润粘土湖床（地下层）遇到。" 
        },
        {
            "type": "spotlight",
            "item": "mist:mushrooms_food:23",
            "text": "$(item)金蘑菇$()生长在海拔较高的$(thing)热带生物群系$()（如丛林丘陵）的地面上。" 
        },
        {
            "type": "spotlight",
            "item": "mist:mushrooms_food:21",
            "text": "$(item)银蘑菇$()生长在$(thing)热带地区$()的地面上。" 
        }
    ]
}