{
    "name": "深呼吸",
    "icon": "mist:respirator_single_open",
    "category": "quests/chap3",
    "sortnum": 1,
    "advancement": "heavens:bookchap3/0niobium",
    "turnin": "heavens:bookchap3/1respirator",
    "pages": [
        {
            "type": "quest",
            "title": "深呼吸",
            "trigger": "heavens:bookchap3/1respirator",
            "text": "既然你有了$(item)铌$()，你就可以用它来保护自己免受雾气的腐蚀。首先，用它做一把镐子，它可以轻易地破开$(item)雾石$()，有利于收集其他迷雾矿石。其中最重要的是$(item)过滤煤$()，当把它放在$(item)口罩$()里时，它可以让人安全地呼吸$(item)雾气$()。"
        },
        {
            "type": "checklist_end",
            "item1": "mist:niobium_pickaxe",
            "item2": "mist:filter_coal",
            "item3": "mist:respirator_single_open",
            "reward1": "mist:filter_coal#20"
        },
        {
            "type": "crafting",
            "recipe": "mist:niobium_pickaxe",
            "recipe2": "crafttweaker:ct_shaped-2010665991"
        },
        {
            "type": "text",
            "title": "口罩",
            "text": "可以作为头盔装备，也可以直接单击背包中头盔插槽上方的专用插槽。$(br2)拿在手中，按Shift右击可添加$(item)过滤煤$()。$(br2)在$(item)开放式口罩$()上加上额外的皮革可以封闭它，增加对$(thing)雾气$()的防护，但代价是不能在佩戴时吃任何东西。"
        }
    ]
}