{
    "name": "雾霾",
    "icon": "mist:acid_grass_0",
    "category": "quests/chap3",
    "sortnum": 2,
    "advancement": "heavens:bookchap3/1respirator",
    "turnin": "heavens:bookchap3/2mist",
    "pages": [
        {
            "type": "quest",
            "title": "雾霾",
            "trigger": "heavens:bookchap3/2mist",
            "text": "戴上你的$(item)口罩$()，它应该能让你安全走进$(thing)雾$()里。不过要注意$(item)过滤煤$()的耐久，以免它用完的时候让你不知所措。携带一个$(item)过滤煤块$()可能比较明智，因为它放置时会过滤一小块区域，给你争取换$(item)过滤煤$()的时间。"
        },
        {
            "type": "location",
            "icon": "books:templates/mist_mist.png",
            "heading": "进入:",
            "location": "朦胧的世界",
            "reward1": "mist:filter_coal#20",
            "reward2": "mist:niobium_ore#15"
        }
    ]
}