{
    "name": "蘑蘑菇",
    "icon": "botania:mushroom:11",
    "category": "quests/chap3",
    "sortnum": 3,
    "advancement": "heavens:bookchap3/2mist",
    "turnin": "heavens:bookchap3/3shrooms",
    "pages": [
        {
            "type": "quest",
            "title": "蘑蘑菇",
            "trigger": "heavens:bookchap3/3shrooms",
            "text": "嗯，在$(thing)薄雾$()深处，似乎有一些植物。特别是$(item)蘑菇$()。那些五颜六色的蘑菇看起来和我以前研究过的花瓣有相似的特性。我建议你收集一些——如果我的理论是正确的，它们将非常有用。$(br)$(#f00)所有颜色都能完成这个任务$()"
        },
        {
            "type": "checklist_end",
            "item1": "botania:mushroom",
            "reward1": "botania:mushroom:0#4",
            "reward2": "botania:lexicon"
        }
    ]
}