{
    "name": "开花",
    "icon": "botania:altar",
    "category": "quests/chap3",
    "sortnum": 4,
    "advancement": "heavens:bookchap3/3shrooms",
    "turnin": "heavens:bookchap3/4puredaisy",
    "pages": [
        {
            "type": "quest",
            "title": "开花",
            "trigger": "heavens:bookchap3/4puredaisy",
            "text": "啊哈！我是对的！那些$(item)神秘的蘑菇$()是$(item)神秘花瓣$()的完美替代品。我担心这样的材料已经不存在了，但是有了这些，我可以开始教你植物魔法了。$(br)你需要做的第一件事就是制作一个特殊的盆，叫做$(item)花药台$()。$(br2)使用它，你可以把四个白蘑菇和一些种子混合，制成一"
        },
        {
            "type": "text",
            "text": "朵$(item)白雏菊$()。"
        },
        {
            "type": "checklist_end",
            "item1": "botania:altar",
            "item2": "botania:specialflower{type:\"puredaisy\"}",
            "reward1": "mist:a_tree_block:4#150",
            "reward2": "botania:mushroom:8#2",
            "reward3": "botania:mushroom:12#2"
        },
        {
            "type": "crafting",
            "recipe": "crafttweaker:ct_shaped-367508463"
        },
        {
            "type": "petal_apothecary",
            "heading": "白雏菊",
            "output": "botania:specialflower{type:\"puredaisy\"}",
            "input1": "botania:mushroom:0",
            "input2": "botania:mushroom:0",
            "input3": "botania:mushroom:0",
            "input4": "botania:mushroom:0",
            "description": "加$(item)水$()，然后放入$(item)蘑菇$()，最后放入任意$(item)种子$()。"
        },
        {
            "type": "pure_daisy",
            "heading": "活木",
            "output": "botania:livingwood",
            "input": "mist:oak_block",
            "heading2": "活石",
            "output2": "botania:livingrock",
            "input2": "mist:cobblestone",
            "description": "适用于$(thing)朦胧世界$()的所有$(item)原木$()和$(item)雾石$()。"
        }
    ]
}