{
    "name": "魔力管理",
    "icon": "botania:pool",
    "category": "quests/chap3",
    "sortnum": 5,
    "advancement": "heavens:bookchap3/4puredaisy",
    "turnin": "heavens:bookchap3/5managen",
    "pages": [
        {
            "type": "quest",
            "title": "魔力管理",
            "trigger": "heavens:bookchap3/5managen",
            "text": "当物品被放置在$(item)白雏菊$()周围时，它会使用周围的$(thing)魔力$()来净化它们，将它们转化成其它东西。如果用从$(thing)朦胧的世界$()中采集的$(item)原木$()和$(item)雾石$()，它们将分别变成$(item)活木$()和$(item)活石$()。这两种材料就其本身而言，与大气中的魔力更合，可用于更多的用途。$(br)最开始，用$(item)蘑菇$()制作一朵$(item)火红莲$()，从燃烧掉在附近的$(thing)熔炉燃料$()中提取$(thing)魔力$()。这将需"
        },
        {
            "type": "text",
            "text": "要链接到一个$(item)魔力发射器$()，它应该指向一个$(item)魔力池$()。$(br)为了更好地控制连接，可能需要一根$(item)森林法杖$()。"
        },
        {
            "type": "checklist_end",
            "item1": "botania:specialflower{type:\"endoflame\"}",
            "item2": "botania:spreader",
            "item3": "botania:pool",
            "item4": "botania:twigwand",
            "reward1": "botania:livingrock#30",
            "reward2": "botania:livingwood#30",
            "reward3": "botania:specialflower#3{type:\"endoflame\"}"
        },
        {
            "type": "petal_apothecary",
            "heading": "火红莲",
            "output": "botania:specialflower{type:\"endoflame\"}",
            "input1": "botania:mushroom:12",
            "input2": "botania:mushroom:12",
            "input3": "botania:mushroom:14",
            "input4": "botania:mushroom:8",
            "description": "加$(item)水$()，然后放入$(item)蘑菇$()，最后放入任意$(item)种子$()。"
        },
        {
            "type": "crafting",
            "recipe": "botania:spreader_0",
            "recipe2": "botania:pool_0"
        },
        {
            "type": "crafting",
            "recipe": "botania:wands/twigwand_yellow_red",
            "recipe2": "botania:manaresource_3"
        },
        {
            "type": "mana_pool",
            "heading": "魔力灌注",
            "input": "mist:niobium_ingot",
            "output": "botania:manaresource:0",
            "input2": "wizardry:nacre_pearl",
            "output2": "botania:manaresource:1"
        }
    ]
}