{
    "name": "Marbellous",
    "icon": "astralsorcery:blockmarble",
    "category": "quests/chap3",
    "sortnum": 6,
    "advancement": "heavens:bookchap2/14aether",
    "turnin": "heavens:bookchap3/6marble",
    "pages": [
        {
            "type": "quest",
            "title": "Marbellous",
            "trigger": "heavens:bookchap3/6marble",
            "text": "乍一看，$(thing)以太$()似乎是天堂，但要小心，以太的许多生物都敌视入侵，一有机会就会把你驱逐到下面的世界。但是你还是要探索，因为我们首先要找的是$(item)大理石$()——你需要从这里的废墟中收集。"
        },
        {
            "type": "checklist_end",
            "item1": "astralsorcery:blockmarble#10",
            "reward1": "astralsorcery:blockmarble#100"
        },
        {
            "type": "image",
            "images": [
                    "books:templates/astral_ruin.png",
                    "books:templates/astral_fountain.png",
                    "books:templates/astral_temple.png"
                ],
            "title": "以太的废墟",
            "border": "true",
            "text": "这里会藏着别的东西吗？"
        },
        {
            "type": "chisel",
            "heading": "大理石变体",
            "item1": "astralsorcery:blockmarble:0",
            "item2": "astralsorcery:blockmarble:1",
            "item3": "astralsorcery:blockmarble:2",
            "item4": "astralsorcery:blockmarble:3",
            "item5": "astralsorcery:blockmarble:4",
            "item6": "astralsorcery:blockmarble:5",
            "item7": "astralsorcery:blockmarble:6",
            "description": "还有更多！这些是星辉魔法会用到的。"
        },
        {
            "type": "relations",
            "entries": [
                "dimension_dossier/aether/astral_ruins"
            ]
        }
    ]
}