{
    "name": "水在哪里？",
    "icon": "astralsorcery:itemcraftingcomponent:0",
    "category": "quests/chap3",
    "sortnum": 7,
    "advancement": "heavens:bookchap3/6marble",
    "turnin": "heavens:bookchap3/7aquamarine",
    "pages": [
        {
            "type": "quest",
            "title": "水在哪里？",
            "trigger": "heavens:bookchap3/7aquamarine",
            "text": "在收集$(item)大理石$()时，你可能注意到一些奇怪的光，甚至可能是一个巨大的闪闪发光的水晶。我们收集$(item)大理石$()的原因是因为它与这些东西有亲和力，因此它更适用于$(theme)星辉魔法$()。$(br)但这并不是唯一的一种材料。另一种存在于$(thing)以太$()的$(item)速沙$()中，但需要通过$(item)白雏菊$()的净化过程来转化。希望我们能想办法做一朵出来。"
        },
        {
            "type": "checklist_end",
            "item1": "astralsorcery:itemcraftingcomponent:0#1",
            "reward1": "astralsorcery:itemcraftingcomponent:0#10"
        },
        {
            "type": "image",
            "images": ["books:templates/quicksoil.png"],
            "title": "以太中的速沙",
            "border": true,
            "text": "采集时要小心"
        },
        {
            "type": "pure_daisy",
            "heading": "海蓝宝石砂岩",
            "output": "astralsorcery:blockcustomsandore",
            "input": "aether_legacy:quicksoil"
        }
    ]
}