{
    "name": "放轻松",
    "icon": "astralsorcery:blockaltar",
    "category": "quests/chap3",
    "sortnum": 8,
    "advancement": "heavens:bookchap3/7aquamarine",
    "turnin": "heavens:bookchap3/8luminous",
    "pages": [
        {
            "type": "quest",
            "title": "放轻松",
            "trigger": "heavens:bookchap3/8luminous",
            "text": "有了$(item)大理石$()、$(item)海蓝宝石$()、$(item)活木$()和$(item)魔力珍珠$()，你可以进行一个$(thing)魔法仪式$()，直接给一个合成台注入$(thing)星能$()（虽然微弱），还要一把$(item)共鸣星杖$()用以操作它。"
        },
        {
            "type": "checklist_end",
            "item1": "astralsorcery:blockaltar#1",
            "item2": "astralsorcery:itemwand#1",
            "reward1": "astralsorcery:blockblackmarble#100"
        },
        {
            "type": "crafting",
            "recipe": "botania:livingwood_1",
            "recipe2": "botania:livingwood_4"
        },
        {
            "type": "crafting",
            "recipe": "astralsorcery:shaped/marble_black_raw"
        },
        {
            "type": "ritual",
            "heading": "星辉合成台",
            "output_item": "astralsorcery:blockaltar",
            "item1": "minecraft:crafting_table",
            "item2": "botania:livingwood:4",
            "item3": "astralsorcery:blockblackmarble",
            "item4": "astralsorcery:blockmarble",
            "item5": "astralsorcery:blockmarble"
        },
        {
            "type": "ritual",
            "heading": "共鸣星杖",
            "output_item": "astralsorcery:itemwand",
            "item1": "contenttweaker:ironwood_wand_one",
            "item2": "astralsorcery:blockmarble",
            "item3": "botania:manaresource:1",
            "item4": "astralsorcery:itemcraftingcomponent:0",
            "item5": "astralsorcery:itemcraftingcomponent:0"
        }
    ]
}