{
    "name": "星图",
    "icon": "astralsorcery:itemconstellationpaper",
    "category": "quests/chap3",
    "sortnum": 7,
    "advancement": "heavens:bookchap3/6marble",
    "turnin": "heavens:bookchap3/9constellation",
    "pages": [
        {
            "type": "quest",
            "title": "星图",
            "trigger": "heavens:bookchap3/9constellation",
            "text": "这些古老的大理石建筑似乎还保留着一些建造者留下的东西。特别有价值的是那些描述夜空星座的笔记。一如既往，知识就是力量，所以收集这些是值得的。按住Shift右击$(item)星芒宝典$()以将这些星图放进去。"
        },
        {
            "type": "checklist_end",
            "item1": "astralsorcery:itemconstellationpaper#1",
            "reward1": "astralsorcery:blockmarble#100",
            "reward2": "astralsorcery:itemjournal#1"
        }
    ]
}