{
    "name": "寻石之旅",
    "icon": "astralsorcery:itemrockcrystalsimple",
    "category": "quests/chap3",
    "sortnum": 10,
    "advancement": "heavens:bookchap3/8luminous",
    "turnin": "heavens:bookchap3/10rockcrystal",
    "pages": [
        {
            "type": "quest",
            "title": "寻石之旅",
            "trigger": "heavens:bookchap3/10rockcrystal",
            "text": "除了用它来制作$(item)星辉合成台$()，这个$(item)共鸣星杖$()还与一种罕见的水晶产生共鸣，这种水晶在$(thing)朦胧世界$()的地下深处可以找到。虽然魔杖可以让你在地表找到水晶矿，但要想采集它，就需要深入$(thing)迷雾$()中挖掘，所以要做好相应的准备。"
        },
        {
            "type": "checklist_end",
            "item1": "astralsorcery:itemrockcrystalsimple#1",
            "reward1": "astralsorcery:itemcraftingcomponent:0#20"
        },
        {
            "type": "image",
            "images": [
                "books:templates/rock_crystal_markers.png",
                "books:templates/rock_crystal_ore.png"
            ],
            "title": "寻找水晶石",
            "border": true,
            "text": "拿着$(item)共鸣星杖$()在夜幕中寻找$(item)水晶石矿石$()"
        },
        {
            "type": "spotlight",
            "item": "astralsorcery:blockcustomore",
            "text": "挖掉可以得到多个$(item)水晶石$()，有三个属性——尺寸、抛光和纯度。这些数据都可以在以后改进。$(br)$(item)铌镐$()不够结实，不能挖它！使用$(item)钻石$()或$(item)魔力钢$()工具。$(br2)$(item)水晶石$()不会堆叠，所以一定要有足够的空间来搬运它们！"
        }
    ]
}