{
    "name": "Don't Rune It",
    "icon": "botania:runealtar",
    "category": "quests/chap3",
    "sortnum": 11,
    "advancement": "heavens:bookchap3/8luminous",
    "turnin": "heavens:bookchap3/11runicaltar",
    "pages": [
        {
            "type": "quest",
            "title": "Don't Rune It",
            "trigger": "heavens:bookchap3/11runicaltar",
            "text": "有了$(item)星辉合成台$()，我们就能用$(thing)星能$()来制作物品了。你可以用$(item)活石$()做另一个祭坛，它可以集中$(thing)魔力$()制作符文——包含世间万物。$(br)当在$(item)符文祭坛$()上制作时，将$(item)活石$()扔在上面，然后用$(item)森林法杖$()右击完成制作。"
        },
        {
            "type": "checklist_end",
            "item1": "botania:runealtar#1",
            "reward1": "botania:livingrock#15"
        },
        {
            "type": "altar_luminous",
            "heading": "符文祭坛",
            "output_item": "botania:runealtar",
            "item4": "botania:livingrock",
            "item5": "botania:livingrock",
            "item6": "botania:livingrock",
            "item7": "astralsorcery:blockmarble:2",
            "item8": "botania:manaresource:1",
            "item9": "astralsorcery:blockmarble:2"
        },
        {
            "type": "runic_altar",
            "heading": "地之符文",
            "output_item": "botania:rune:2",
            "item1": "botania:manaresource:23",
            "item3": "botania:manaresource:0",
            "item4": "mist:cobblestone",
            "item6": "aether_legacy:holystone",
            "item8": "minecraft:red_mushroom",
            "description": "接受任意蘑菇和雾石变种"
        },
        {
            "type": "runic_altar",
            "heading": "风之符文",
            "output_item": "botania:rune:3",
            "item1": "botania:manaresource:23",
            "item3": "botania:manaresource:0",
            "item4": "minecraft:feather",
            "item6": "aether_legacy:aether_leaves",
            "item8": "aether_legacy:aercloud"
        },
        {
            "type": "runic_altar",
            "heading": "火之符文",
            "output_item": "botania:rune:1",
            "item1": "botania:manaresource:23",
            "item3": "botania:manaresource:0",
            "item4": "cuisine:material:4",
            "item6": "embers:crystal_ember",
            "item8": "minecraft:magma"
        },
        {
            "type": "runic_altar",
            "heading": "水之符文",
            "output_item": "botania:rune:0",
            "item1": "botania:manaresource:23",
            "item3": "botania:manaresource:0",
            "item4": "cuisine:jar",
            "item6": "aether_legacy:swetty_ball",
            "item8": "astralsorcery:itemcraftingcomponent:0"
        },
        {
            "type": "runic_altar",
            "heading": "魔力符文",
            "output_item": "botania:rune:8",
            "item1": "botania:manaresource:23",
            "item2": "wizardry:orb:1",
            "item3": "botania:manaresource:1",
            "item4": "botania:manaresource:0",
            "item5": "botania:manaresource:1",
            "item6": "botania:manaresource:0",
            "item7": "botania:manaresource:0",
            "item8": "wizardry:orb:1"
        },
        {
            "type": "runic_altar",
            "advancement": "heavens:bookchap3/18linkingtool",
            "heading": "星光符文",
            "output_item": "contenttweaker:rune_starlight#2",
            "item1": "botania:rune:8",
            "item2": "astralsorcery:itemcraftingcomponent:1",
            "item5": "astralsorcery:itemcraftingcomponent:2",
            "item6": "astralsorcery:itemcraftingcomponent:1",
            "item7": "botania:rune:8",
            "item8": "astralsorcery:itemcraftingcomponent:2"
        }
    ]
}