{
    "name": "涌出",
    "icon": "astralsorcery:blockwell",
    "category": "quests/chap3",
    "sortnum": 12,
    "advancement": "heavens:bookchap3/11runicaltar",
    "turnin": "heavens:bookchap3/12lightwell",
    "pages": [
        {
            "type": "quest",
            "title": "涌出",
            "trigger": "heavens:bookchap3/12lightwell",
            "text": "虽然$(thing)魔力$()和$(thing)星能$()之间的联系很弱，但是在一个装有$(item)海蓝宝石$()和$(item)水晶石$()的$(item)大理石$()盆中插入一个$(item)风之符文$()就足以使它通过放置在其中的东西来主动聚焦$(thing)星能$()，将该物品的精华转化为液体。$(br2)这有两个重要的目的。首先，$(item)海蓝宝石$()和$(item)水晶石$()可以融化为$(item)星能液$()，这将是今后需要的。此外，目前为止的"
        },
        {
            "type": "text",
            "text": "许多液体生产过程都可以使用$(item)聚星缸$()。"
        },
        {
            "type": "checklist_end",
            "item1": "astralsorcery:blockwell#1",
            "reward1": "astralsorcery:itemcraftingcomponent:0#30"
        },
        {
            "type": "altar_luminous",
            "heading": "聚星缸",
            "output_item": "astralsorcery:blockwell",
            "item1": "astralsorcery:blockmarble:6",
            "item2": "astralsorcery:itemrockcrystalsimple",
            "item3": "astralsorcery:blockmarble:6",
            "item4": "astralsorcery:blockmarble:4",
            "item5": "botania:rune:3",
            "item6": "astralsorcery:blockmarble:4",
            "item7": "astralsorcery:itemcraftingcomponent:0",
            "item8": "astralsorcery:blockmarble:6",
            "item9": "astralsorcery:itemcraftingcomponent:0"
        }
    ]
}