{
    "name": "共鸣",
    "icon": "astralsorcery:itemskyresonator",
    "category": "quests/chap3",
    "sortnum": 13,
    "advancement": "heavens:bookchap3/12lightwell",
    "turnin": "heavens:bookchap3/13fosic",
    "pages": [
        {
            "type": "quest",
            "title": "共鸣",
            "trigger": "heavens:bookchap3/13fosic",
            "text": "$(thing)星能$()变化无常。正如你可能已经注意到的，在某些地方，它更弱或更强，而且，当你接近恒星时，高度也会影响到它。使用一些$(item)星能液$()，你可以制作一个装置，它会显示出$(thing)星能$()最强的地方。"
        },
        {
            "type": "checklist_end",
            "item1": "astralsorcery:itemskyresonator#1",
            "reward1": "botania:blacklotus:0#20"
        },
        {
            "type": "altar_luminous",
            "heading": "法斯刻共振器",
            "output_item": "astralsorcery:itemskyresonator",
            "item2": "astralsorcery:itemcraftingcomponent:0",
            "item4": "astralsorcery:blockmarble:0",
            "item5": "forge:bucketfilled{FluidName: \"astralsorcery.liquidstarlight\", Amount: 1000}",
            "item6": "astralsorcery:blockmarble:0",
            "item7": "aether_legacy:zanite_gemstone",
            "item8": "botania:manaresource",
            "item9": "aether_legacy:zanite_gemstone"
        },
        {
            "type": "image",
            "images": ["books:templates/starfield.png"],
            "border": true,
            "title": "星空",
            "text": "当你在夜间拿着一个$(item)法斯刻共振器$()时可以看到。"
        }
    ]
}