{
    "name": "祭坛仪式",
    "icon": "astralsorcery:blockaltar:1",
    "category": "quests/chap3",
    "sortnum": 14,
    "advancement": "heavens:bookchap3/12lightwell",
    "turnin": "heavens:bookchap3/14starlightaltar",
    "pages": [
        {
            "type": "quest",
            "title": "祭坛仪式",
            "trigger": "heavens:bookchap3/14starlightaltar",
            "text": "$(thing)星辉合成台$()本身是有用的，但它吸收和引导$(thing)星能$()的能力是有限的。然而，利用你发掘的其他一些材料，你可以加强它。结合一个$(item)大理石$()和$(item)熏黑大理石$()组成的结构，你就拥有了一个更强大的$(item)星辉祭坛$()。"
        },
        {
            "type": "checklist_end",
            "item1": "astralsorcery:blockaltar:1",
            "reward1": "astralsorcery:itemcraftingcomponent:3#8"
        },
        {
            "type": "altar_luminous",
            "heading": "星辉祭坛",
            "output_item": "astralsorcery:blockaltar:1",
            "item1": "astralsorcery:blockmarble:2",
            "item2": "astralsorcery:itemrockcrystalsimple",
            "item3": "astralsorcery:blockmarble:2",
            "item4": "astralsorcery:blockmarble:4",
            "item5": "forge:bucketfilled{FluidName: \"astralsorcery.liquidstarlight\", Amount: 1000}",
            "item6": "astralsorcery:blockmarble:4",
            "item7": "astralsorcery:blockmarble:2",
            "item8": "botania:rune:8",
            "item9": "astralsorcery:blockmarble:2"
        },
        {
            "type": "multiblock",
            "name": "星辉祭坛",
            "multiblock": {
                "pattern": [
                    [ "         ", " C     C ", "         ", "         ", "         ", "         ", "         ", " C     C ", "         " ],
                    [ "         ", " P     P ", "         ", "         ", "         ", "         ", "         ", " P     P ", "         " ],
                    [ "         ", " P     P ", "         ", "         ", "    0    ", "         ", "         ", " P     P ", "         " ],
                    [ " AAAAAAA ", "ACBBBBBCA", "ABSSBSSBA", "ABSSSSSBA", "ABBSSSBBA", "ABSSSSSBA", "ABSSBSSBA", "ACBBBBBCA", " AAAAAAA " ]
                ],
                "mapping": {
                    " ": "ANY",
                    "0": "astralsorcery:blockaltar[altartype=altar_2]",
                    "S": "astralsorcery:blockblackmarble",
                    "B": "astralsorcery:blockmarble[marbletype=bricks]",
                    "C": "astralsorcery:blockmarble[marbletype=chiseled]",
                    "A": "astralsorcery:blockmarble[marbletype=arch]",
                    "P": "astralsorcery:blockmarble[marbletype=pillar]"
                },
                "symmetrical": true,
                "offset"     : [0, 0, 0],
                "view_offset": [0, 0, 0]
            },
            "text": "用于$(l:useful_things/building_tools/templates)模板管理器$()的$(l:https://pastebin.com/S4bCmc3s)结构代码$(/l)"
        }
    ]
}