{
    "name": "不要舔铅",
    "icon": "embers:ingot_copper",
    "category": "quests/chap3",
    "sortnum": 15,
    "advancement": "heavens:bookchap3/5managen",
    "turnin": "heavens:bookchap3/15metals",
    "pages": [
        {
            "type": "quest",
            "title": "不要舔铅",
            "trigger": "heavens:bookchap3/15metals",
            "text": "铁……金……两者本身都是有用的金属，但缺乏用于更强魔法的许多必要的属性。其它材料大多数找不到了，但是使用$(thing)魔力尘$()，应该可以重现少许。让我们优先考虑$(item)铜$()和$(item)铅$()。"
        },
        {
            "type": "checklist_end",
            "item1": "embers:nugget_copper#1",
            "item2": "embers:nugget_lead#1",
            "reward1": "embers:ingot_copper#10",
            "reward2": "embers:ingot_lead#10"
        },
        {
            "type": "mana_world",
            "heading": "铜嬗变",
            "input": "minecraft:magma",
            "input3": "botania:manaresource:23",
            "input2": "mysticalworld:iron_dust",
            "output": "embers:nugget_copper#3",
            "description": "需要至少$(thing)6桶$()$(item)液态魔力$()"
        },
        {
            "type": "mana_world",
            "heading": "铅嬗变",
            "input": "aether_legacy:aechor_petal",
            "input3": "botania:manaresource:23",
            "input2": "mysticalworld:iron_dust",
            "output": "embers:nugget_lead#3",
            "description": "需要至少$(thing)6桶$()$(item)液态魔力$()"
        },
        {
            "type": "mana_world",
            "heading": "锡嬗变",
            "input": "aether_legacy:icestone",
            "input3": "botania:manaresource:23",
            "input2": "mysticalworld:iron_dust",
            "output": "embers:nugget_tin#3",
            "description": "需要至少$(thing)6桶$()$(item)液态魔力$()$(br2)（完成此任务不需要锡）"
        }
    ]
}