{
    "name": "啊，真无聊",
    "icon": "embers:ember_bore",
    "category": "quests/chap3",
    "sortnum": 16,
    "advancement": "heavens:bookchap3/15metals",
    "turnin": "heavens:bookchap3/16emberbore",
    "pages": [
        {
            "type": "quest",
            "title": "啊，真无聊",
            "trigger": "heavens:bookchap3/16emberbore",
            "text": "在很久以前，深山里的人们，不懂魔法，只会人力，他们想出了使用金属材料来利用地核原始能源的方法。虽然我们的世界已经不复存在，我们现在应该能够利用这个$(thing)朦胧世界$()的地核。困难在于你需要挖到多深才能接触到地核。$(thing)朦胧世界$()的岩层深处有着比$(item)黑曜石$()更坚固的石头。然而，你需要挖到足够深的地方才能找到$(item)基岩$()。"
        },
        {
        	"type": "text",
        	"text": "一旦你到达$(item)基岩$()，你需要放置$(item)灰烬晶体开采机$()开始生产$(item)灰烬晶体碎片$()。"
        },
        {
            "type": "checklist_end",
            "item1": "embers:ember_bore#1",
            "item2": "embers:shard_ember#1",
            "reward1": "embers:shard_ember#30"
        },
        {
        	"type": "image",
        	"images": ["books:templates/ember_bore.png"],
        	"text": "摆法示例。使用$(item)机械核心$()同时输入$(thing)燃料$()并输出$(item)灰烬晶体碎片$()"
        },
        {
            "type": "altar_luminous",
            "heading": "灰烬晶体开采机",
            "item1": "embers:stairs_caminite_brick",
            "item2": "embers:ingot_copper",
            "item3": "embers:stairs_caminite_brick",
            "item4": "embers:block_caminite_brick",
            "item5": "embers:mech_core",
            "item6": "embers:block_caminite_brick",
            "item7": "mist:niobium_ingot",
            "item8": "mist:niobium_ingot",
            "item9": "mist:niobium_ingot",
            "output_item": "embers:ember_bore"
        },
        {
            "type": "altar_luminous",
            "heading": "机械核心",
            "item1": "minecraft:iron_ingot",
            "item2": "astralsorcery:itemrockcrystalsimple",
            "item3": "minecraft:iron_ingot",
            "item4": "mist:cobblestone",
            "item5": "embers:plate_lead",
            "item6": "mist:cobblestone",
            "item7": "minecraft:iron_ingot",
            "item8": "mist:cobblestone",
            "item9": "minecraft:iron_ingot",
            "output_item": "embers:mech_core",
            "description": "接受$(item)雾石$()的任意变体"
        },
        {
            "type": "crafting",
            "anchor": "hammer",
            "recipe": "embers:ingotlead_plate",
            "recipe2": "crafttweaker:ct_shaped1373077595"
        },
        {
        	"type": "crafting",
        	"recipe": "embers:stairs_caminite_brick",
        	"recipe2": "crafttweaker:ct_shaped-1419575871"
        },
        {
        	"type": "crafting",
        	"recipe": "crafttweaker:ct_shapeless184845769",
        	"text": "$(item)碎石$()可以在$(thing)朦胧世界$()的地表找到，也可以通过挖破$(item)雾石$()获得。"
        },
        {
        	"type": "smelting",
        	"recipe": "embers:blend_caminite",
        	"recipe2": "embers:plate_caminite_raw"
        },
        {
        	"type": "crafting",
        	"recipe": "embers:item_pipe",
        	"recipe2": "embers:item_pump"
        },
        {
        	"type": "crafting",
        	"recipe": "soot:caminite_plate"
        },
        {
            "type": "relations",
            "entries": [
                "useful_things/tinker_lens"
            ],
            "text": "为了便于所有与余烬有关的设备的使用，建议使用$(item)工匠单片眼镜$()。"
        }
    ]
}