{
    "name": "再开花",
    "icon": "contenttweaker:ironwood_wand_two",
    "category": "quests/chap3",
    "sortnum": 17,
    "advancement": "heavens:bookchap3/16emberbore",
    "turnin": "heavens:bookchap3/17wandtwo",
    "pages": [
        {
            "type": "quest",
            "title": "再开花",
            "trigger": "heavens:bookchap3/17wandtwo",
            "text": "虽然$(item)神秘蘑菇$()对于现在来说已经够用了，但是它们是不可再生的。如果你使用新获得的$(item)灰烬晶体碎片$()升级你的$(item)铁木杖$()，它可以引导一些魔力将$(item)神秘蘑菇$()变成$(item)神秘花$()。$(br)$(#f00)所有颜色的花都能完成这个任务$()"
        },
        {
            "type": "checklist_end",
            "item1": "contenttweaker:ironwood_wand_two#1",
            "item2": "botania:flower#1",
            "reward1": "botania:fertilizer#20"
        },
        {
            "type": "ritual",
            "heading": "升级铁木杖",
            "output_item": "contenttweaker:ironwood_wand_two",
            "item1": "contenttweaker:ironwood_wand_one",
            "item2": "botania:manaresource:3",
            "item3": "embers:shard_ember",
            "item4": "wizardry:nacre_pearl",
            "item5": "arcaneworld:sapphire"
        },
        {
        	"type": "wand_use_two",
            "heading": "神秘花",
        	"interact": "botania:mushroom:2",
            "receive": "botania:flower:2",
            "description": "将$(item)神秘蘑菇$()转化为同色的$(item)花$()。将$(item)花瓣$()放在地上，然后用骨粉来催生它们，可以生产无限的$(item)花瓣$()。"
        }
    ]
}