{
    "name": "与星星的链接",
    "icon": "astralsorcery:itemlinkingtool",
    "category": "quests/chap3",
    "sortnum": 21,
    "advancement": "heavens:bookchap3/14starlightaltar",
    "turnin": "heavens:bookchap3/18linkingtool",
    "pages": [
        {
            "type": "quest",
            "title": "与星星的链接",
            "trigger": "heavens:bookchap3/18linkingtool",
            "text": "你见过那些大的大理石神殿里的水晶吧？它们实际上会收集$(thing)星光$()，并能将其聚焦光束重新定向到其它地方。要控制它，你需要一个$(item)链接器$()。一旦你有了一些从$(thing)迷雾世界$()中取得的$(item)铁矿石$()，用水晶把它变成$(item)星辉矿石$()。"
        },
        {
            "type": "checklist_end",
            "item1": "astralsorcery:itemlinkingtool#1",
            "item2": "astralsorcery:blockcustomore:1#1",
            "reward1": "astralsorcery:itemcraftingcomponent:2#10"
        },
        {
            "type": "altar_starlight",
            "heading": "链接器",
            "output_item": "astralsorcery:itemlinkingtool",
            "item1": "botania:manaresource:3",
            "item2": "astralsorcery:itemcraftingcomponent:0",
            "item3": "botania:manaresource:1",
            "item4": "botania:manaresource:3",
            "item5": "astralsorcery:itemrockcrystalsimple",
            "item6": "astralsorcery:itemcraftingcomponent:0",
            "item7": "wizardry:wisdom_wood_log",
            "item8": "botania:manaresource:3",
            "item9": "botania:manaresource:3",
            "item12": "botania:livingwood"
        },
        {
        	"type": "starlight_trans",
            "heading": "星辉矿石",
            "output_item": "astralsorcery:blockcustomore:1",
            "input": "mist:iron_ore",
            "description": "$(l)链接工具的使用：$()右击水晶将其选中，然后右击要链接到它的所有方块。要取消选择并停止链接，只需切换到其它物品。$(l)水晶一定能看到天空！$()"
        },
        {
            "type": "grindstone",
            "heading": "Stardust",
            "output_item": "astralsorcery:itemcraftingcomponent:2",
            "input": "astralsorcery:blockcustomore:1",
            "description": "85%的几率双倍产出"
        },
        {
            "type": "smelting",
            "recipe": "astralsorcery:blockcustomore:1"
        },
        {
            "type": "relations",
            "entries": [
                "dimension_dossier/aether/astral_ruins"
            ]
        }
    ]
}