{
    "name": "能量激发器",
    "icon": "embers:ember_activator",
    "category": "quests/chap3",
    "sortnum": 18,
    "advancement": "heavens:bookchap3/16emberbore",
    "turnin": "heavens:bookchap3/19activator",
    "pages": [
        {
            "type": "quest",
            "title": "能量激发器",
            "trigger": "heavens:bookchap3/19activator",
            "text": "虽然$(item)灰烬晶体碎片$()是核心魔法的关键，但它们的现有形态作用很少。要想开发更多用途，你需要使用一个$(item)能量激发器$()来将它们转化为原始的$(thing)灰烬能量$()。"
        },
        {
            "type": "checklist_end",
            "item1": "embers:ember_activator#1",
            "reward1": "embers:shard_ember#120",
            "reward2": "embers:ember_receiver#3",
            "reward3": "embers:ember_emitter#3"
        },
        {
            "type": "altar_luminous",
            "anchor": "activator",
            "heading": "灰烬能量激发器",
            "output_item": "embers:ember_activator",
            "item1": "embers:ingot_copper",
            "item2": "embers:ingot_copper",
            "item3": "embers:ingot_copper",
            "item4": "embers:ingot_copper",
            "item5": "embers:ingot_copper",
            "item6": "embers:ingot_copper",
            "item7": "embers:plate_iron",
            "item8": "arcaneworld:molten_core",
            "item9": "embers:plate_iron"
        },
        {
            "type": "crafting",
            "recipe": "crafttweaker:ct_shaped737845474",
            "recipe2": "embers:plate_iron"
        },
        {
            "type": "relations",
            "entries": [
                "useful_things/tinker_lens"
            ],
            "text": "为了便于使用所有与余烬有关的设备，建议使用$(item)工匠单片眼镜$()。"
        }
    ]
}