{
    "name": "提取它！",
    "icon": "mist:furnace",
    "category": "quests/chap3",
    "sortnum": 21,
    "advancement": "heavens:bookchap3/20melter",
    "turnin": "heavens:bookchap3/20alatex",
    "pages": [
        {
            "type": "quest",
            "title": "提取它！",
            "trigger": "heavens:bookchap3/20alatex",
            "text": "随着融化和浇铸的进行，是时候制作一些更好的防$(thing)雾$()设施了。第一步是在$(thing)朦胧世界$()的热带生物群系中找到一棵橡胶树，用乳胶罐提取它，生产出乳胶，然后再加工成橡胶。"
        },
        {
            "type": "checklist_end",
            "item1": "mist:latex_pot",
            "item2": "mist:latex",
            "item3": "thebetweenlands:items_misc:23",
            "reward1": "mist:latex_pot#2",
            "reward2": "mist:latex#8"
        },
        {
            "type": "crafting",
            "recipe": "crafttweaker:ct_shapeless593815534",
            "recipe2": "minecraft:flower_pot"
        },
        {
            "type": "stamping",
            "heading": "用乳胶产橡胶",
            "item1": "mist:latex",
            "item2": "mist:sulfur",
            "stamp": "embers:stamp_bar",
            "output_item": "thebetweenlands:items_misc:23",
            "description": "用液态乳胶和锭模具压印硫磺（在朦胧世界开采）。"
        },
        {
            "type": "image",
            "images": ["books:templates/mist_rubber.png"],
            "border": true,
            "title": "乳胶罐使用方式",
            "text": "把一个乳胶罐放在橡胶树上，等它装满（如图）收集乳胶。"
        }
    ]
}