{
    "name": "个人防护装备",
    "icon": "mist:rubber_chestplate",
    "category": "quests/chap3",
    "sortnum": 21,
    "advancement": "heavens:bookchap3/20alatex",
    "turnin": "heavens:bookchap3/20bppe",
    "pages": [
        {
            "type": "quest",
            "title": "个人防护装备",
            "trigger": "heavens:bookchap3/20bppe",
            "text": "$(item)橡胶$()是一套全身防护服的关键原料。这可以防止你受到$(thing)化学污染$()的影响，也可以让你免于因$(thing)雾$()而变酸的雨水带来的痛苦。此外，这套衣服非常修身，可以作为任何其它盔甲的衬里，只需用配套的$(item)防护服$()一起合成就可以了！"
        },
        {
            "type": "checklist_end",
            "item1": "mist:rubber_helmet",
            "item2": "mist:rubber_chestplate",
            "item3": "mist:rubber_leggings",
            "item4": "mist:rubber_boots",
            "reward1": "mist:niobium_ingot#30"
        },
        {
            "type": "crafting",
            "recipe": "crafttweaker:ct_shaped-1553199086",
            "recipe2": "crafttweaker:ct_shaped-1118242295"
        },
        {
            "type": "crafting",
            "recipe": "crafttweaker:ct_shaped856662922",
            "recipe2": "crafttweaker:ct_shaped-1566100314"
        },
        {
            "type": "crafting",
            "recipe": "crafttweaker:ct_shaped-220570815",
            "text": "你也可以做一个防护性能更好的$(item)口罩$()。"
        }
    ]
}