{
    "name": "熔化",
    "icon": "embers:block_furnace",
    "category": "quests/chap3",
    "sortnum": 19,
    "advancement": "heavens:bookchap3/19activator",
    "turnin": "heavens:bookchap3/20melter",
    "pages": [
        {
            "type": "quest",
            "title": "熔化",
            "trigger": "heavens:bookchap3/20melter",
            "text": "在大多数情况下，使用金属锭是可以的，但是山民想出了一种方法，利用$(thing)余烬能量$()将金属熔化成熔融状态，然后再铸造成不同的形状。在某些情况下，例如板材，这使得材料利用率更高。"
        },
        {
            "type": "checklist_end",
            "item1": "embers:block_furnace#1",
            "item2": "embers:stamper#1",
            "item3": "embers:stamper_base#1",
            "item4": "embers:stamp_bar#1",
            "reward1": "embers:brick_caminite#250",
            "reward2": "embers:copper_cell#1"
        },
        {
            "type": "altar_luminous",
            "heading": "熔炼炉",
            "output_item": "embers:block_furnace",
            "item1": "embers:brick_caminite",
            "item2": "embers:plate_caminite",
            "item3": "embers:brick_caminite",
            "item4": "embers:brick_caminite",
            "item5": "embers:ingot_copper",
            "item6": "embers:brick_caminite",
            "item7": "mist:niobium_ingot",
            "item8": "arcaneworld:molten_core",
            "item9": "mist:niobium_ingot",
            "description": "从上半部分输入$(thing)物品$()并输出$(thing)流体$()。将$(thing)余烬能量$()输入下半部分。"
        },
        {
            "type": "altar_luminous",
            "heading": "压印锤",
            "output_item": "embers:stamper",
            "item1": "embers:brick_caminite",
            "item2": "embers:ingot_copper",
            "item3": "embers:brick_caminite",
            "item4": "embers:brick_caminite",
            "item5": "minecraft:piston",
            "item6": "embers:brick_caminite",
            "item7": "embers:brick_caminite",
            "item9": "embers:brick_caminite",
            "description": "需要$(thing)余烬能量$()和$(item)模具$()。有摆放方式说明页。"
        },
        {
            "type": "altar_luminous",
            "heading": "压印基座",
            "output_item": "embers:stamper_base",
            "item4": "mist:niobium_ingot",
            "item6": "mist:niobium_ingot",
            "item7": "embers:block_caminite_brick",
            "item8": "minecraft:cauldron",
            "item9": "embers:block_caminite_brick",
            "description": "输入$(thing)物品$()和/或$(thing)流体$()进行压印。在下面放置$(item)垃圾桶$()来收集产物。"
        },
        {
            "type": "multiblock",
            "name": "压印锤摆法",
            "multiblock": {
                "pattern": [
                    [ "S" ],
                    [ " " ],
                    [ "0" ],
                    [ " " ]
                ],
                "mapping": {
                    " ": "ANY",
                    "0": "embers:stamper_base",
                    "S": "embers:stamper"
                },
                "symmetrical": true,
                "offset"     : [0, 0, 0],
                "view_offset": [0, 0, 0]
            },
            "text": "请参阅$(l:collected_knowledge/moving_ember)余烬能量传输$()有关信息来设置$(item)压印锤$()和$(item)熔炼炉$()的$(thing)余烬能量$()输入输出。"
        },
        {
            "type": "crafting",
            "recipe": "crafttweaker:ct_shaped-1458504776",
            "text": "冶炼得到一个可用的$(item)模具$()，然后用$(l:useful_things/building_tools/chisel)凿子$()改变图案"
        },
        {
            "type": "chisel",
            "heading": "模具",
            "item1": "embers:stamp_flat",
            "item2": "embers:stamp_bar",
            "item3": "embers:stamp_plate",
            "item4": "embers:stamp_gear",
            "item5": "soot:stamp_nugget",
            "item6": "soot:stamp_text"
        },
        {
            "type": "relations",
            "entries": [
                "collected_knowledge/moving_ember"
            ]
        },
        {
            "type": "relations",
            "entries": [
                "useful_things/tinker_lens"
            ],
            "text": "建议制作$(item)工匠单片眼镜$()以便于使用余烬的相关设备。"
        }
    ]
}