{
    "name": "混合",
    "icon": "embers:mixer",
    "category": "quests/chap3",
    "sortnum": 20,
    "advancement": "heavens:bookchap3/20melter",
    "turnin": "heavens:bookchap3/21mixercentrifuge",
    "pages": [
        {
            "type": "quest",
            "title": "混合",
            "trigger": "heavens:bookchap3/21mixercentrifuge",
            "text": "熔化金属不仅能提高材料利用率，还为混合金属提供了可能，可以获得具有更特殊性能的新金属。为此，你需要一个$(item)搅拌机$()。将要混合的熔融金属送入搅拌机的下半部分，在上半部分提供$(thing)余烬能量$()并提取产物。"
        },
        {
            "type": "checklist_end",
            "item1": "embers:mixer#1",
            "reward1": "embers:beam_splitter#1"
        },
        {
            "type": "altar_starlight",
            "heading": "搅拌机",
            "output_item": "embers:mixer",
            "item1": "embers:plate_iron",
            "item2": "embers:ingot_copper",
            "item3": "embers:plate_iron",
            "item4": "embers:plate_iron",
            "item5": "minecraft:cauldron",
            "item6": "embers:plate_iron",
            "item7": "botania:manaresource:0",
            "item8": "embers:mech_core",
            "item9": "botania:manaresource:0",
            "item12": "embers:brick_caminite",
            "item13": "embers:brick_caminite",
            "description": "下半部分的每个面都是一个单独的液体输入槽"
        },
        {
            "type": "mixer",
            "heading": "青铜",
            "output_item": "embers:ingot_bronze#4",
            "item1": "embers:ingot_copper#3",
            "item2": "embers:ingot_tin#1",
            "stamp": "embers:stamp_bar"
        },
        {
            "type": "mixer",
            "heading": "黎明石",
            "output_item": "embers:ingot_dawnstone#2",
            "item1": "embers:ingot_copper#1",
            "item2": "minecraft:gold_ingot#1",
            "stamp": "embers:stamp_bar"
        },
        {
            "type": "relations",
            "entries": [
                "collected_knowledge/moving_ember",
                "useful_things/tinker_lens"
            ],
            "text": "建议制作$(item)工匠单片眼镜$()以便于使用余烬的相关设备。"
        }
    ]
}