{
    "name": "共鸣",
    "icon": "astralsorcery:blockattunementaltar",
    "category": "quests/chap3",
    "sortnum": 23,
    "advancement": "heavens:bookchap3/18linkingtool",
    "turnin": "heavens:bookchap3/22attunementaltar",
    "pages": [
        {
            "type": "quest",
            "title": "共鸣",
            "trigger": "heavens:bookchap3/22attunementaltar",
            "text": "有了$(item)星辉矿石$()并掌握了更多$(thing)星座的知识$()之后，是时候将知识变为力量了。在你发现的$(item)星图$()上潦草写下的笔记表明你可以将自己调谐到一个$(thing)星座$()上，让自己从它的光中汲取能量。这需要一个带有$(item)光波增幅器$()的$(item)共鸣祭坛$()。"
        },
        {
            "type": "checklist_end",
            "item1": "astralsorcery:blockattunementaltar#1",
            "reward1": "astralsorcery:blockblackmarble:0#200"
        },
        {
            "type": "altar_starlight",
            "heading": "共鸣祭坛",
            "output_item": "astralsorcery:blockattunementaltar",
            "item2": "astralsorcery:itemrockcrystalsimple",
            "item4": "astralsorcery:itemcraftingcomponent:1",
            "item5": "contenttweaker:rune_starlight",
            "item6": "astralsorcery:itemcraftingcomponent:1",
            "item7": "astralsorcery:blockmarble:6",
            "item8": "astralsorcery:blockattunementrelay",
            "item9": "astralsorcery:blockmarble:6",
            "item10": "astralsorcery:itemcraftingcomponent:0",
            "item11": "astralsorcery:itemcraftingcomponent:0",
            "item12": "astralsorcery:blockmarble:6",
            "item13": "astralsorcery:blockmarble:6"
        },
        {
            "type": "multiblock",
            "name": "共鸣祭坛",
            "multiblock": {
                "pattern": [
                    [ "                   ", " C               C ", "                   ", "                   ", "                   ", "                   ", "                   ", "                   ", "                   ", "                   ", "                   ", "                   ", "                   ", "                   ", "                   ", "                   ", "                   ", " C               C ", "                   " ], 
                    [ "                   ", " M               M ", "                   ", "                   ", "                   ", "                   ", "                   ", "                   ", "                   ", "                   ", "                   ", "                   ", "                   ", "                   ", "                   ", "                   ", "                   ", " M               M ", "                   " ], 
                    [ "                   ", " M               M ", "                   ", "                   ", "                   ", "                   ", "                   ", "                   ", "                   ", "                   ", "                   ", "                   ", "                   ", "                   ", "                   ", "                   ", "                   ", " M               M ", "                   " ], 
                    [ "                   ", " M               M ", "                   ", "                   ", "                   ", "                   ", "                   ", "                   ", "                   ", "                   ", "                   ", "                   ", "                   ", "                   ", "                   ", "                   ", "                   ", " M               M ", "                   " ], 
                    [ "                   ", " R               R ", "                   ", "                   ", "                   ", "                   ", "                   ", "                   ", "                   ", "         0         ", "                   ", "                   ", "                   ", "                   ", "                   ", "                   ", "                   ", " R               R ", "                   " ], 
                    [ "AAA             AAA", "A AAAAAAAAAAAAAAA A", "AASSSSSSSSSSSSSSSAA", " ASSSSSSSSSSSSSSSA ", " ASSSSSSSSSSSSSSSA ", " ASSSSSSSSSSSSSSSA ", " ASSSSSSSSSSSSSSSA ", " ASSSSSSSSSSSSSSSA ", " ASSSSSSSSSSSSSSSA ", " ASSSSSSSSSSSSSSSA ", " ASSSSSSSSSSSSSSSA ", " ASSSSSSSSSSSSSSSA ", " ASSSSSSSSSSSSSSSA ", " ASSSSSSSSSSSSSSSA ", " ASSSSSSSSSSSSSSSA ", " ASSSSSSSSSSSSSSSA ", "AASSSSSSSSSSSSSSSAA", "A AAAAAAAAAAAAAAA A", "AAA             AAA" ]
                ],
                "mapping": {
                    " ": "ANY",
                    "0": "astralsorcery:blockattunementaltar",
                    "S": "astralsorcery:blockblackmarble",
                    "C": "astralsorcery:blockmarble[marbletype=chiseled]",
                    "A": "astralsorcery:blockmarble[marbletype=arch]",
                    "M": "astralsorcery:blockmarble[marbletype=pillar]",
                    "R": "astralsorcery:blockmarble[marbletype=runed]"
                },
                "symmetrical": true,
                "offset"     : [0, 0, 0],
                "view_offset": [0, 0, 0]
            },
            "text": "用于$(l:useful_things/building_tools/templates)模板管理器$()的$(l:https://pastebin.com/aRLNGJES)结构代码$(/l)"
        },
        {
            "type": "altar_luminous",
            "heading": "光波增幅器",
            "output_item": "astralsorcery:blockattunementrelay",
            "item4": "minecraft:gold_nugget",
            "item5": "astralsorcery:itemcraftingcomponent:3",
            "item6": "minecraft:gold_nugget",
            "item7": "astralsorcery:blockinfusedwood:0",
            "item8": "astralsorcery:blockmarble",
            "item9": "astralsorcery:blockinfusedwood:0"
        }
    ]
}