{
    "name": "放大和强化",
    "icon": "astralsorcery:blockmachine:0",
    "category": "quests/chap3",
    "sortnum": 22,
    "advancement": "heavens:bookchap3/14starlightaltar",
    "turnin": "heavens:bookchap3/23telescope",
    "pages": [
        {
            "type": "quest",
            "title": "放大和强化",
            "trigger": "heavens:bookchap3/23telescope",
            "text": "你在那些古老神庙里发现的$(l:quests/chap3/09constellation)星图$()详细说明了星座在天空中的位置和形状。也许是时候试着辨认它们了。一个简单的$(item)望远镜$()就足够了，但是一个固定的$(item)天文望远镜$()会更有感觉，你不觉得吗？"
        },
        {
            "type": "checklist_end",
            "item1": "astralsorcery:blockmachine:0#1",
            "reward1": "astralsorcery:blockmarble#200"
        },
        {
            "type": "altar_luminous",
            "heading": "望远镜",
            "output_item": "astralsorcery:itemhandtelescope",
            "item2": "botania:manaresource:3",
            "item3": "astralsorcery:itemcraftingcomponent:3",
            "item4": "botania:manaresource:3",
            "item5": "minecraft:gold_ingot",
            "item6": "botania:manaresource:3",
            "item7": "botania:livingwood",
            "item8": "botania:manaresource:3",
            "description": "按住Shift键释放光标并绘制$(thing)星座$()。"
        },
        {
            "type": "altar_starlight",
            "heading": "天文望远镜",
            "output_item": "astralsorcery:blockmachine:0",
            "item2": "astralsorcery:itemhandtelescope",
            "item4": "minecraft:gold_ingot",
            "item5": "botania:livingwood",
            "item6": "minecraft:gold_ingot",
            "item7": "botania:manaresource:3",
            "item8": "botania:manaresource:3",
            "item9": "botania:manaresource:3",
            "description": "不同的$(thing)星座$()出现在月球的不同阶段，所以每晚都要检查。"
        }
    ]
}