{
    "name": "来自天堂",
    "icon": "astralsorcery:blockaltar:2",
    "category": "quests/chap3",
    "sortnum": 24,
    "advancement": "heavens:bookchap3/22attunementaltar",
    "turnin": "heavens:bookchap3/24celestialaltar",
    "pages": [
        {
            "type": "quest",
            "title": "来自天堂",
            "trigger": "heavens:bookchap3/24celestialaltar",
            "text": "似乎你不仅可以在$(item)共鸣祭坛$()上使自己共鸣，而且你也可以使$(item)水晶石$()共鸣。有了这些$(item)共鸣水晶石$()，你可以进一步增强祭坛收集的$(thing)星能$()，并再次升级祭坛。"
        },
        {
            "type": "checklist_end",
            "item1": "astralsorcery:blockaltar:2#1",
            "reward1": "astralsorcery:itemcraftingcomponent:2#10"
        },
        {
            "type": "altar_starlight",
            "heading": "天辉祭坛",
            "output_item": "astralsorcery:blockaltar:2",
            "item1": "embers:ingot_bronze",
            "item3": "embers:ingot_bronze",
            "item4": "astralsorcery:blockmarble:4",
            "item5": "astralsorcery:itemtunedrockcrystal",
            "item6": "astralsorcery:blockmarble:4",
            "item7": "astralsorcery:blockmarble:2",
            "item8": "astralsorcery:itemcraftingcomponent:1",
            "item9": "astralsorcery:blockmarble:2",
            "item10": "contenttweaker:rune_starlight",
            "item11": "contenttweaker:rune_starlight",
            "item12": "astralsorcery:itemcraftingcomponent:0",
            "item13": "astralsorcery:itemcraftingcomponent:0"
        },
        {
            "type": "multiblock",
            "name": "天辉祭坛",
            "multiblock": {
                "pattern": [
                    [ "           ", " C       C ", "           ", "           ", "           ", "           ", "           ", "           ", "           ", " C       C ", "           " ],
                    [ "           ", " P       P ", "           ", "           ", "           ", "           ", "           ", "           ", "           ", " P       P ", "           " ],
                    [ "           ", " P       P ", "           ", "           ", "           ", "           ", "           ", "           ", "           ", " P       P ", "           " ],
                    [ "           ", " R       R ", "           ", "           ", "           ", "     0     ", "           ", "           ", "           ", " R       R ", "           " ],
                    [ "BBB     BBB", "BMMBBBBBMMB", "BMSSSSSSSMB", " BSSSSSSSB ", " BSSSSSSSB ", " BSSSSSSSB ", " BSSSSSSSB ", " BSSSSSSSB ", "BMSSSSSSSMB", "BMMBBBBBMMB", "BBB     BBB" ]
                ],
                "mapping": {
                    " ": "ANY",
                    "0": "astralsorcery:blockaltar[altartype=altar_3]",
                    "M": "astralsorcery:blockmarble[marbletype=raw]",
                    "C": "astralsorcery:blockmarble[marbletype=chiseled]",
                    "B": "astralsorcery:blockmarble[marbletype=bricks]",
                    "P": "astralsorcery:blockmarble[marbletype=pillar]",
                    "R": "astralsorcery:blockmarble[marbletype=runed]",
                    "S": "astralsorcery:blockblackmarble[marbletype=raw]"
                },
                "symmetrical": true,
                "offset"     : [0, 0, 0],
                "view_offset": [0, 0, 0]
            },
            "text": "用于$(l:useful_things/building_tools/templates)模板管理器$()的$(l:https://pastebin.com/crqsTbJp)结构代码$(/l)"
        }
    ]
}