{
    "name": "星能灌注",
    "icon": "astralsorcery:blockstarlightinfuser",
    "category": "quests/chap3",
    "sortnum": 25,
    "advancement": "heavens:bookchap3/24celestialaltar",
    "turnin": "heavens:bookchap3/25starlightinfuser",
    "pages": [
        {
            "type": "quest",
            "title": "星能灌注",
            "trigger": "heavens:bookchap3/25starlightinfuser",
            "text": "现在的$(item)天辉祭坛$()已经强大到可以制造$(item)星能聚合器$()了。这个设备利用周围池子里的$(item)星能液$()给物品灌注$(thing)星能$()，使它们能够更有效地引导星能。"
        },
        {
            "type": "checklist_end",
            "item1": "astralsorcery:blockstarlightinfuser#1",
            "reward1": "astralsorcery:itemcraftingcomponent:4#2",
            "reward2": "astralsorcery:itemcraftingcomponent:0#20"
        },
        {
            "type": "altar_celestial",
            "heading": "星能聚合器",
            "output_item": "astralsorcery:blockstarlightinfuser",
            "item1": "contenttweaker:rune_starlight",
            "item2": "astralsorcery:itemcraftingcomponent:1",
            "item3": "contenttweaker:rune_starlight",
            "item4": "astralsorcery:itemcraftingcomponent:0",
            "item5": "forge:bucketfilled{FluidName: \"astralsorcery.liquidstarlight\", Amount: 1000}",
            "item6": "astralsorcery:itemcraftingcomponent:0",
            "item7": "embers:ingot_bronze",
            "item8": "astralsorcery:blockmarble:6",
            "item9": "embers:ingot_bronze",
            "item12": "astralsorcery:blockmarble:4",
            "item13": "astralsorcery:blockmarble:4",
            "item16": "astralsorcery:blockmarble:5",
            "item17": "astralsorcery:blockmarble:5",
            "item18": "astralsorcery:blockmarble:2",
            "item19": "astralsorcery:blockmarble:2",
            "item20": "astralsorcery:blockmarble:2",
            "item21": "astralsorcery:blockmarble:2"
        },
        {
            "type": "multiblock",
            "name": "星能聚合器",
            "multiblock": {
                "pattern": [
                    [ "  AAA  ", "       ", "A     A", "A     A", "A     A", "       ", "  AAA  " ],
                    [ " A   A ", "A     A", "       ", "       ", "       ", "A     A", " A   A " ],
                    [ "C     C", "       ", "       ", "       ", "       ", "       ", "C     C" ],
                    [ "P     P", "       ", "       ", "       ", "       ", "       ", "P     P" ],
                    [ "P     P", "       ", "       ", "   0   ", "       ", "       ", "P     P" ],
                    [ " AAAAA ", "ARLLLRA", "ALRRRLA", "ALRBRLA", "ALRRRLA", "ARLLLRA", " AAAAA " ],
                    [ "       ", "  MMM  ", " M   M ", " M   M ", " M   M ", "  MMM  ", "       " ]
                ],
                "mapping": {
                    " ": "ANY",
                    "0": "astralsorcery:blockstarlightinfuser",
                    "M": "astralsorcery:blockmarble[marbletype=raw]",
                    "C": "astralsorcery:blockmarble[marbletype=chiseled]",
                    "B": "minecraft:lapis_block",
                    "P": "astralsorcery:blockmarble[marbletype=pillar]",
                    "R": "astralsorcery:blockmarble[marbletype=runed]",
                    "S": "astralsorcery:blockblackmarble[marbletype=raw]",
                    "A": "astralsorcery:blockmarble[marbletype=arch]",
                    "L": "astralsorcery:fluidblockliquidstarlight"
                },
                "symmetrical": true,
                "offset"     : [0, 0, 0],
                "view_offset": [0, 0, 0]
            },
            "text": "用于$(l:useful_things/building_tools/templates)模板管理器$()的$(l:https://pastebin.com/M2TqpqnE)结构代码$(/l)"
        },
        {
            "type": "starlight_infuser",
            "heading": "共振宝石",
            "output_item": "astralsorcery:itemcraftingcomponent:4",
            "input": "astralsorcery:itemcraftingcomponent:0"
        }
    ]
}