{
    "name": "铸造",
    "icon": "aether_legacy:enchanter",
    "category": "quests/chap3",
    "sortnum": 26,
    "advancement": "heavens:bookchap3/25starlightinfuser",
    "turnin": "heavens:bookchap3/26enchanter",
    "pages": [
        {
            "type": "quest",
            "title": "铸造",
            "trigger": "heavens:bookchap3/26enchanter",
            "text": "有了$(item)共振宝石$()，你应该拥有了制作一个$(item)铸造祭坛$()所需的一切。这可以用来修复许多物品，但更重要的是，可以增强一些项目，赋予它们新的属性。我们可以利用这一点制作$(item)热烈点火器$()，打开更多维度。"
        },
        {
            "type": "checklist_end",
            "item1": "aether_legacy:enchanter#1",
            "item2": "blue_skies:zeal_lighter#1",
            "reward1": "aether_legacy:ambrosium_shard#15"
        },
        {
            "type": "altar_celestial",
            "heading": "铸造祭坛",
            "output_item": "aether_legacy:enchanter",
            "item2": "astralsorcery:itemcraftingcomponent:4",
            "item4": "aether_legacy:zanite_gemstone",
            "item5": "minecraft:enchanting_table",
            "item6": "aether_legacy:zanite_gemstone",
            "item7": "contenttweaker:rune_starlight",
            "item8": "botania:rune:4",
            "item9": "contenttweaker:rune_starlight",
            "item10": "aether_legacy:skyroot_plank",
            "item11": "aether_legacy:skyroot_plank",
            "item12": "aether_legacy:holystone",
            "item13": "aether_legacy:holystone",
            "item14": "aether_legacy:skyroot_plank",
            "item15": "aether_legacy:skyroot_plank",
            "item16": "aether_legacy:skyroot_plank",
            "item17": "aether_legacy:skyroot_plank",
            "item18": "aether_legacy:holystone",
            "item19": "aether_legacy:holystone",
            "item20": "aether_legacy:holystone",
            "item21": "aether_legacy:holystone",
            "description": "用$(item)神能晶$()供能"
        },
        {
            "type": "enchanter",
            "heading": "热烈点火器",
            "output": "blue_skies:zeal_lighter",
            "input": "mist:flint_and_stone",
            "description": "用$(item)神能晶$()为铸造祭坛供能。热烈点火器用于激活$(thing)永昼之地$()和$(thing)永夜之地$()的传送门。"
        },
        {
            "type": "crafting",
            "recipe": "mist:flint_and_stone"
        }
    ]
}