{
    "name": "冻结",
    "icon": "aether_legacy:freezer",
    "category": "quests/chap3",
    "sortnum": 27,
    "advancement": "heavens:bookchap3/25starlightinfuser",
    "turnin": "heavens:bookchap3/27freezer",
    "pages": [
        {
            "type": "quest",
            "title": "冻结",
            "trigger": "heavens:bookchap3/27freezer",
            "text": "有了$(item)共振宝石$()，制作$(item)冰冻器$()需要的材料就齐了。这可以用于冷却许多物品，包括你接下来需要构建的两个传送门所需的材料。"
        },
        {
            "type": "checklist_end",
            "item1": "aether_legacy:freezer#1",
            "item2": "blue_skies:turquoise_stone#1",
            "item3": "blue_skies:lunar_stone#1",
            "reward1": "aether_legacy:icestone#15",
            "reward2": "blue_skies:lunar_stone#5",
            "reward3": "blue_skies:turquoise_stone#5"
        },
        {
            "type": "altar_celestial",
            "heading": "冰冻器",
            "output_item": "aether_legacy:freezer",
            "item2": "astralsorcery:itemcraftingcomponent:4",
            "item4": "aether_legacy:icestone",
            "item5": "minecraft:cauldron",
            "item6": "aether_legacy:icestone",
            "item7": "contenttweaker:rune_starlight",
            "item8": "botania:rune:7",
            "item9": "contenttweaker:rune_starlight",
            "item10": "aether_legacy:holystone",
            "item11": "aether_legacy:holystone",
            "item12": "aether_legacy:skyroot_plank",
            "item13": "aether_legacy:skyroot_plank",
            "item14": "aether_legacy:holystone",
            "item15": "aether_legacy:holystone",
            "item16": "aether_legacy:holystone",
            "item17": "aether_legacy:holystone",
            "item18": "aether_legacy:skyroot_plank",
            "item19": "aether_legacy:skyroot_plank",
            "item20": "aether_legacy:skyroot_plank",
            "item21": "aether_legacy:skyroot_plank",
            "description": "用$(item)冰石$()供能"
        },
        {
            "type": "freezer",
            "heading": "天蓝石头",
            "output": "blue_skies:turquoise_stone",
            "input": "mist:stone_basic"
        },
        {
            "type": "freezer",
            "heading": "紫月石头",
            "output": "blue_skies:lunar_stone",
            "input": "rustic:slate"
        },
        {
            "type": "freezer",
            "heading": "硬雾石",
            "output": "mist:stone_basic",
            "input": "mist:stone_porous"
        },
        {
            "type": "pure_daisy",
            "heading": "板岩",
            "output": "rustic:slate",
            "input": "quark:basalt"
        }
    ]
}