{
    "name": "最亮的白天",
    "icon": "blue_skies:everbright_portal",
    "category": "quests/chap3",
    "sortnum": 28,
    "advancement": "heavens:bookchap3/27freezer",
    "turnin": "heavens:bookchap3/28everbright",
    "pages": [
        {
            "type": "quest",
            "title": "最亮的白天",
            "trigger": "heavens:bookchap3/28everbright",
            "text": "随着你的力量和知识的进一步扩展，让我们来寻找一些新的维度。第一个是$(thing)永昼$()，一个夜晚永远不会到来的地方。但这并不是说它没有任何危险。"
        },
        {
        	"type": "location",
            "icon": "books:templates/everbright_preview.png",
            "location": "永昼之地",
            "reward1": "minecraft:enchanted_book{StoredEnchantments: [{lvl: 1, id: 70s}]}",
            "reward2": "blue_skies:turquoise_stone#200"
        },
        {
            "type": "multiblock",
            "name": "永昼之地传送门",
            "text": "用$(item)热烈点火器$()激活",
            "multiblock": {
            "pattern": [
                [ " ", "O", "O", " " ],
                [ "O", "P", "P", "O" ],
                [ "O", "P", "P", "O" ],
                [ "O", "P", "P", "O" ],
                [ " ", "O", "0", " " ],
                [ " ", " ", " ", " " ]
            ],
            "mapping": {
                " ": "ANY",
                "0": "blue_skies:turquoise_stonebrick",
                "O": "blue_skies:turquoise_stonebrick",
                "P": "AIR"
            },
            "symmetrical": false,
            "offset"     : [0, 0, 0],
            "view_offset": [0, 0, 0]
            }
        }
    ]
}