{
    "name": "最黑的夜晚",
    "icon": "blue_skies:everdawn_portal",
    "category": "quests/chap3",
    "sortnum": 29,
    "advancement": "heavens:bookchap3/27freezer",
    "turnin": "heavens:bookchap3/29everdawn",
    "pages": [
        {
            "type": "quest",
            "title": "最黑的夜晚",
            "trigger": "heavens:bookchap3/29everdawn",
            "text": "随着你的力量和知识的进一步扩展，让我们来寻找一些新的维度。第二个是$(thing)永夜$()，一个黎明永远不会到来的地方。小心那些潜伏在暗处的东西。"
        },
        {
        	"type": "location",
            "icon": "books:templates/everdawn_preview.png",
            "location": "永夜之地",
            "reward1": "minecraft:enchanted_book{StoredEnchantments: [{lvl: 1, id: 70}]}",
            "reward2": "blue_skies:lunar_stone#200"
        },
        {
            "type": "multiblock",
            "name": "永夜之地传送门",
            "text": "用$(item)热烈点火器$()激活",
            "multiblock": {
            "pattern": [
                [ " ", "O", "O", " " ],
                [ "O", "P", "P", "O" ],
                [ "O", "P", "P", "O" ],
                [ "O", "P", "P", "O" ],
                [ " ", "O", "0", " " ],
                [ " ", " ", " ", " " ]
            ],
            "mapping": {
                " ": "ANY",
                "0": "blue_skies:lunar_stonebrick",
                "O": "blue_skies:lunar_stonebrick",
                "P": "AIR"
            },
            "symmetrical": false,
            "offset"     : [0, 0, 0],
            "view_offset": [0, 0, 0]
            }
        }
    ]
}