{
    "machine": "ager",
    "registryName": "bigblackdiamond",
    "recipeTime": 2400,
    "requirements": [
        {
            "type": "modularmachinery:energy",
            "io-type": "input",
            "energyPerTick": 5
        },
        {
            "type": "modularmachinery:item",
            "io-type": "output",
            "item": "contenttweaker:info_gem@0",
            "amount": 1
        },
        {
            "type": "modularmachinery:item",
            "io-type": "input",
            "item": "contenttweaker:quantum_starlight@0",
            "amount": 1
        }
    ]
}