{
    "machine": "ager",
    "registryName": "5647831c78enwsy7adsbga769bdxs7*AB(Y&XD(AYS*()DZ8sa0D&*ASTOP_LOOKING_IN_THE_CODE_BASTARD",
    "recipeTime": 18000,
    "requirements": [
        {
            "type": "modularmachinery:energy",
            "io-type": "input",
            "energyPerTick": 5
        },
        {
            "type": "modularmachinery:item",
            "io-type": "input",
            "item": "thaumcraft:primordial_pearl@0",
            "amount": 1
        },
        {
            "type": "modularmachinery:item",
            "io-type": "output",
            "item": "thaumcraft:primordial_pearl@0",
            "amount": 1
        },
        {
            "type": "modularmachinery:item",
            "io-type": "output",
            "item": "thaumcraft:primordial_pearl@0",
            "amount": 1
        }
    ]
}