{
    "machine": "cern",
    "registryName": "cern_nuggets",
    "recipeTime": 1,
    "requirements": [
        {
            "type": "modularmachinery:energy",
            "io-type": "input",
            "energyPerTick": 131071
        },
        {
            "type": "modularmachinery:item",
            "io-type": "input",
            "item": "minecraft:gold_nugget@0",
            "amount": 1
        },
        {
            "type": "modularmachinery:item",
            "io-type": "input",
            "item": "thermalfoundation:material@192",
            "amount": 1
        },
        {
            "type": "modularmachinery:item",
            "io-type": "input",
            "item": "contenttweaker:instability_agent@0",
            "amount": 1
        },
        {
            "type": "modularmachinery:item",
            "io-type": "output",
            "item": "contenttweaker:strange_quark@0",
            "amount": 64
        }
    ]
}