{
    "machine": "cern",
    "registryName": "cern_heavy",
    "recipeTime": 1,
    "requirements": [
        {
            "type": "modularmachinery:energy",
            "io-type": "input",
            "energyPerTick": 131071
        },
        {
            "type": "modularmachinery:item",
            "io-type": "input",
            "item": "contenttweaker:charm_quark@0",
            "amount": 64
        },
        {
            "type": "modularmachinery:item",
            "io-type": "input",
            "item": "contenttweaker:strange_quark@0",
            "amount": 32
        },
        {
            "type": "modularmachinery:item",
            "io-type": "input",
            "item": "contenttweaker:muon@0",
            "amount": 32
        },
        {
            "type": "modularmachinery:item",
            "io-type": "input",
            "item": "contenttweaker:stability_agent@0",
            "amount": 1
        },
        {
            "type": "modularmachinery:item",
            "io-type": "output",
            "item": "contenttweaker:heavy_hydrogen@0",
            "amount": 32
        }
    ]
}