{
    "machine": "cern",
    "registryName": "cern_protons",
    "recipeTime": 1,
    "requirements": [
        {
            "type": "modularmachinery:energy",
            "io-type": "input",
            "energyPerTick": 131071
        },
        {
            "type": "modularmachinery:item",
            "io-type": "input",
            "item": "contenttweaker:proton@0",
            "amount": 64
        },
        {
            "type": "modularmachinery:item",
            "io-type": "input",
            "item": "contenttweaker:mixed_lithium_ingot@0",
            "amount": 1
        },
        {
            "type": "modularmachinery:item",
            "io-type": "input",
            "item": "contenttweaker:instability_agent@0",
            "amount": 1
        },
        {
            "type": "modularmachinery:item",
            "io-type": "output",
            "item": "contenttweaker:pion@0",
            "amount": 48
        },
        {
            "type": "modularmachinery:item",
            "io-type": "output",
            "item": "contenttweaker:quantum_starlight@0",
            "amount": 2
        }
    ]
}