{
    "machine": "cern",
    "registryName": "cern_fries",
    "recipeTime": 1,
    "requirements": [
        {
            "type": "modularmachinery:energy",
            "io-type": "input",
            "energyPerTick": 131071
        },
        {
            "type": "modularmachinery:item",
            "io-type": "input",
            "item": "minecraft:baked_potato@0",
            "amount": 16
        },
        {
            "type": "modularmachinery:item",
            "io-type": "input",
            "item": "contenttweaker:instability_agent@0",
            "amount": 1
        },
        {
            "type": "modularmachinery:item",
            "io-type": "output",
            "item": "actuallyadditions:item_food:5",
            "amount": 1
        }
    ]
}