{
    "machine": "cern",
    "registryName": "cern_hydrogen",
    "recipeTime": 1,
    "requirements": [
        {
            "type": "modularmachinery:energy",
            "io-type": "input",
            "energyPerTick": 131071
        },
        {
            "type": "modularmachinery:item",
            "io-type": "input",
            "item": "contenttweaker:hydrogen@0",
            "amount": 64
        },
        {
            "type": "modularmachinery:item",
            "io-type": "input",
            "item": "contenttweaker:instability_agent@0",
            "amount": 1
        },
        {
            "type": "modularmachinery:item",
            "io-type": "output",
            "item": "contenttweaker:proton@0",
            "amount": 48
        },
        {
            "type": "modularmachinery:item",
            "io-type": "output",
            "item": "contenttweaker:electron@0",
            "amount": 48
        }
    ]
}