{
    "machine": "electrolytic_cell",
    "registryName": "hhc_aluminum",
    "recipeTime": 20,
    "requirements": [
        {
            "type": "modularmachinery:energy",
            "io-type": "input",
            "energyPerTick": 250
        },
        {
            "type": "modularmachinery:fluid",
            "io-type": "output",
            "fluid": "aluminum",
            "amount": 144
        },
        {
            "type": "modularmachinery:item",
            "io-type": "input",
            "item": "contenttweaker:alumina",
            "amount": 1
        },
        {
            "type": "modularmachinery:fluid",
            "io-type": "input",
            "fluid": "cryolite",
            "amount": 100
        }
    ]
}