{
    "machine": "skyminer",
    "registryName": "meta",
    "recipeTime": 60,
    "requirements": [
        {
            "type": "modularmachinery:energy",
            "io-type": "input",
            "energyPerTick": 200
        },
        {
            "type": "modularmachinery:item",
            "io-type": "output",
            "item": "contenttweaker:meta_singularity@0",
            "amount": 1
        },
        {
            "type": "modularmachinery:item",
            "io-type": "output",
            "item": "contenttweaker:meta_ore@0",
            "amount": 1
        },
        {
            "type": "modularmachinery:item",
            "io-type": "input",
            "item": "contenttweaker:meta_singularity@0",
            "amount": 1
        },
        {
            "type": "modularmachinery:item",
            "io-type": "input",
            "item": "minecraft:stone@0",
            "amount": 1
        }
    ]
}