{
    "machine": "pressure_vessel",
    "registryName": "pressure_vessel_sodium_aluminate",
    "recipeTime": 20,
    "requirements": [
        {
            "type": "modularmachinery:energy",
            "io-type": "input",
            "energyPerTick": 250
        },
        {
            "type": "modularmachinery:item",
            "io-type": "output",
            "item": "contenttweaker:sodium_aluminate",
            "amount": 1
        },
        {
            "type": "modularmachinery:item",
            "io-type": "input",
            "item": "contenttweaker:bauxite_dust",
            "amount": 1
        },
        {
            "type": "modularmachinery:fluid",
            "io-type": "input",
            "fluid": "sodium_hydroxide_solution",
            "amount": 500
        }
    ]
}