{
    "machine": "rfc",
    "registryName": "rfc_unstable",
    "recipeTime": 1,
    "requirements": [
        {
            "type": "modularmachinery:energy",
            "io-type": "input",
            "energyPerTick": 8388607
        },
        {
            "type": "modularmachinery:fluid",
            "io-type": "input",
            "fluid": "liquidfusionfuel",
            "amount": 250
        },
        {
            "type": "modularmachinery:item",
            "io-type": "input",
            "item": "contenttweaker:molybdenum@0",
            "amount": 1
        },
        {
            "type": "modularmachinery:item",
            "io-type": "output",
            "item": "contenttweaker:instability_agent@0",
            "amount": 25
        }
    ]
}