{
    "machine": "rfc",
    "registryName": "rfc_clay",
    "recipeTime": 1,
    "requirements": [
        {
            "type": "modularmachinery:energy",
            "io-type": "input",
            "energyPerTick": 8388607
        },
        {
            "type": "modularmachinery:item",
            "io-type": "input",
            "item": "contenttweaker:sticky_clay_disk",
            "amount": 1
        },
        {
            "type": "modularmachinery:fluid",
            "io-type": "input",
            "fluid": "liquidfusionfuel",
            "amount": 50
        },
        {
            "type": "modularmachinery:item",
            "io-type": "output",
            "item": "contenttweaker:dry_clay_disk",
            "amount": 1
        }
    ]
}