{
    "machine": "rfc",
    "registryName": "rfc_smore",
    "recipeTime": 10,
    "requirements": [
        {
            "type": "modularmachinery:energy",
            "io-type": "input",
            "energyPerTick": 8388607
        },
        {
            "type": "modularmachinery:item",
            "io-type": "input",
            "item": "nuclearcraft:marshmallow@0",
            "amount": 1
        },
        {
            "type": "modularmachinery:item",
            "io-type": "input",
            "item": "nuclearcraft:milk_chocolate@0",
            "amount": 1
        },
        {
            "type": "modularmachinery:item",
            "io-type": "input",
            "item": "nuclearcraft:graham_cracker@0",
            "amount": 2
        },
        {
            "type": "modularmachinery:item",
            "io-type": "input",
            "item": "avaritia:resource@2",
            "amount": 1
        },
        {
            "type": "modularmachinery:fluid",
            "io-type": "input",
            "fluid": "primordial_soup",
            "amount": 2
        },
        {
            "type": "modularmachinery:item",
            "io-type": "output",
            "item": "contenttweaker:cosmic_smores@0",
            "amount": 1
        }
    ]
}