{
    "machine": "rfc",
    "registryName": "rfc_einsteinium",
    "recipeTime": 10,
    "requirements": [
        {
            "type": "modularmachinery:energy",
            "io-type": "input",
            "energyPerTick": 8388607
        },
        {
            "type": "modularmachinery:item",
            "io-type": "input",
            "item": "contenttweaker:curium_pellet@0",
            "amount": 1
        },
        {
            "type": "modularmachinery:item",
            "io-type": "input",
            "item": "contenttweaker:mixed_lithium_ingot@0",
            "amount": 1
        },
        {
            "type": "modularmachinery:item",
            "io-type": "output",
            "item": "contenttweaker:einsteinium@0",
            "amount": 4
        }
    ]
}