{
    "machine": "rfc",
    "registryName": "rfc_if_you_are_reading_this_then_you_should_get_a_life_and_not_spending_it_reading_the_configs_of_random_modpacks_in_hope_of_finding_something_interesting_nerd",
    "recipeTime": 2,
    "requirements": [
        {
            "type": "modularmachinery:energy",
            "io-type": "input",
            "energyPerTick": 8388607
        },
        {
            "type": "modularmachinery:item",
            "io-type": "input",
            "item": "contenttweaker:heavy_hydrogen@0",
            "amount": 24
        },
        {
            "type": "modularmachinery:item",
            "io-type": "output",
            "item": "contenttweaker:heavy_iron_atom@0",
            "amount": 1
        }
    ]
}