{
    "machine": "rfc",
    "registryName": "rfc_iron",
    "recipeTime": 1,
    "requirements": [
        {
            "type": "modularmachinery:energy",
            "io-type": "input",
            "energyPerTick": 8388607
        },
        {
            "type": "modularmachinery:fluid",
            "io-type": "input",
            "fluid": "liquidfusionfuel",
            "amount": 1000
        },
        {
            "type": "modularmachinery:item",
            "io-type": "input",
            "item": "enderio:block_alloy@6",
            "amount": 2
        },
        {
            "type": "modularmachinery:item",
            "io-type": "input",
            "item": "contenttweaker:iron_catalyst@0",
            "amount": 1
        },
        {
            "type": "modularmachinery:item",
            "io-type": "output",
            "item": "extendedcrafting:storage@0",
            "amount": 2
        }
    ]
}