{
    "machine": "rfc",
    "registryName": "rfc_esilver",
    "recipeTime": 1,
    "requirements": [
        {
            "type": "modularmachinery:energy",
            "io-type": "input",
            "energyPerTick": 8388607
        },
        {
            "type": "modularmachinery:fluid",
            "io-type": "input",
            "fluid": "biodiesel",
            "amount": 1000
        },
        {
            "type": "modularmachinery:item",
            "io-type": "input",
            "item": "enderio:item_alloy_endergy_ingot@5",
            "amount": 8
        },
        {
            "type": "modularmachinery:item",
            "io-type": "output",
            "item": "contenttweaker:extremely_energetic_silver@0",
            "amount": 8
        }
    ]
}