{
    "machine": "rfc",
    "registryName": "rfc_phantomgoo",
    "recipeTime": 10,
    "requirements": [
        {
            "type": "modularmachinery:energy",
            "io-type": "input",
            "energyPerTick": 8388607
        },
        {
            "type": "modularmachinery:fluid",
            "io-type": "input",
            "fluid": "liquidfusionfuel",
            "amount": 50
        },
        {
            "type": "modularmachinery:item",
            "io-type": "input",
            "item": "thermalfoundation:material@71",
            "amount": 1
        },
        {
            "type": "modularmachinery:item",
            "io-type": "output",
            "item": "contenttweaker:phantom_glue@0",
            "amount": 2
        }
    ]
}