{
    "machine": "rfc",
    "registryName": "rfc_primesheet",
    "recipeTime": 1,
    "requirements": [
        {
            "type": "modularmachinery:energy",
            "io-type": "input",
            "energyPerTick": 8388607
        },
        {
            "type": "modularmachinery:item",
            "io-type": "input",
            "item": "thaumcraft:primordial_pearl@0",
            "amount": 1
        },
        {
            "type": "modularmachinery:item",
            "io-type": "input",
            "item": "thaumcraft:primordial_pearl@0",
            "amount": 1
        },
        {
            "type": "modularmachinery:item",
            "io-type": "output",
            "item": "contenttweaker:primordial_sheet@0",
            "amount": 1
        }
    ]
}