{
    "machine": "rfc",
    "registryName": "rfc_token",
    "recipeTime": 1,
    "requirements": [
        {
            "type": "modularmachinery:energy",
            "io-type": "input",
            "energyPerTick": 8388607
        },
        {
            "type": "modularmachinery:item",
            "io-type": "input",
            "item": "obsidatweaks:new_planks",
            "amount": 32
        },
        {
            "type": "modularmachinery:item",
            "io-type": "input",
            "item": "obsidatweaks:new_cobblestone",
            "amount": 32
        },
        {
            "type": "modularmachinery:item",
            "io-type": "input",
            "item": "obsidatweaks:new_iron_ingot",
            "amount": 32
        },
        {
            "type": "modularmachinery:item",
            "io-type": "input",
            "item": "obsidatweaks:new_gold_ingot",
            "amount": 32
        },
        {
            "type": "modularmachinery:item",
            "io-type": "input",
            "item": "obsidatweaks:new_diamond",
            "amount": 32
        },
        {
            "type": "modularmachinery:item",
            "io-type": "output",
            "item": "contenttweaker:resource_token",
            "amount": 1
        }
    ]
}