{
    "machine": "trace_metal_transmutator",
    "registryName": "tmc_cryolite",
    "recipeTime": 20,
    "requirements": [
        {
            "type": "modularmachinery:energy",
            "io-type": "input",
            "energyPerTick": 300
        },
        {
            "type": "modularmachinery:item",
            "io-type": "output",
            "item": "contenttweaker:cryolite_shard",
            "amount": 4
        },
        {
            "type": "modularmachinery:item",
            "io-type": "input",
            "item": "mekanism:shard@6",
            "amount": 4
        },
        {
            "type": "modularmachinery:item",
            "io-type": "input",
            "item": "mekanism:shard@5",
            "amount": 1
        }
    ]
}