{
    "machine": "trace_metal_transmutator",
    "registryName": "tmc_salis",
    "recipeTime": 20,
    "requirements": [
        {
            "type": "modularmachinery:energy",
            "io-type": "input",
            "energyPerTick": 300
        },
        {
            "type": "modularmachinery:item",
            "io-type": "output",
            "item": "thaumcraft:salis_mundus@0",
            "amount": 2
        },
        {
            "type": "modularmachinery:item",
            "io-type": "input",
            "item": "thaumcraft:salis_mundus@0",
            "amount": 1
        }
    ]
}