{
    "machine": "trace_metal_transmutator",
    "registryName": "tmc_molybdenum",
    "recipeTime": 20,
    "requirements": [
        {
            "type": "modularmachinery:energy",
            "io-type": "input",
            "energyPerTick": 300
        },
        {
            "type": "modularmachinery:item",
            "io-type": "output",
            "item": "contenttweaker:molybdenum@0",
            "amount": 1
        },
        {
            "type": "modularmachinery:item",
            "io-type": "input",
            "item": "thermalfoundation:material@64",
            "amount": 1
        }
    ]
}