{
    "machine": "trace_metal_transmutator",
    "registryName": "tmc_graham",
    "recipeTime": 10,
    "requirements": [
        {
            "type": "modularmachinery:energy",
            "io-type": "input",
            "energyPerTick": 131071
        },
        {
            "type": "modularmachinery:item",
            "io-type": "input",
            "item": "appliedenergistics2:material@4",
            "amount": 32
        },
        {
            "type": "modularmachinery:item",
            "io-type": "output",
            "item": "nuclearcraft:graham_cracker@0",
            "amount": 1
        }
    ]
}