{
    "machine": "trace_metal_transmutator",
    "registryName": "tmc_platinum",
    "recipeTime": 20,
    "requirements": [
        {
            "type": "modularmachinery:energy",
            "io-type": "input",
            "energyPerTick": 300
        },
        {
            "type": "modularmachinery:item",
            "io-type": "output",
            "item": "thermalfoundation:material@70",
            "amount": 1
        },
        {
            "type": "modularmachinery:item",
            "io-type": "input",
            "item": "thermalfoundation:material@69",
            "amount": 3
        },
        {
            "type": "modularmachinery:item",
            "io-type": "input",
            "item": "thermalfoundation:material@1",
            "amount": 3
        }
    ]
}