{
    "machine": "trace_metal_transmutator",
    "registryName": "tmc_gelatin",
    "recipeTime": 10,
    "requirements": [
        {
            "type": "modularmachinery:energy",
            "io-type": "input",
            "energyPerTick": 131071
        },
        {
            "type": "modularmachinery:item",
            "io-type": "input",
            "item": "minecraft:porkchop@0",
            "amount": 8
        },
        {
            "type": "modularmachinery:item",
            "io-type": "output",
            "item": "nuclearcraft:gelatin@0",
            "amount": 1
        }
    ]
}