{
    "machine": "trace_metal_transmutator",
    "registryName": "tmc_osmium",
    "recipeTime": 20,
    "requirements": [
        {
            "type": "modularmachinery:energy",
            "io-type": "input",
            "energyPerTick": 300
        },
        {
            "type": "modularmachinery:item",
            "io-type": "output",
            "item": "contenttweaker:pulsating_osmium_ingot@0",
            "amount": 1
        },
        {
            "type": "modularmachinery:item",
            "io-type": "input",
            "item": "mekanism:ingot@1",
            "amount": 1
        }
    ]
}