{
    "machine": "turbine",
    "registryName": "turbine_marsh",
    "recipeTime": 1,
    "requirements": [
        {
            "type": "modularmachinery:energy",
            "io-type": "input",
            "energyPerTick": 131071
        },
        {
            "type": "modularmachinery:fluid",
            "io-type": "input",
            "fluid": "marshmallow_hot",
            "amount": 144
        },
        {
            "type": "modularmachinery:fluid",
            "io-type": "output",
            "fluid": "marshmallow",
            "amount": 144
        }
    ]
}