{
    "machine": "turbine",
    "registryName": "turbine_steam",
    "recipeTime": 1,
    "requirements": [
        {
            "type": "modularmachinery:energy",
            "io-type": "output",
            "energyPerTick": 131072
        },
        {
            "type": "modularmachinery:fluid",
            "io-type": "input",
            "fluid": "steam",
            "amount": 750
        },
        {
            "type": "modularmachinery:fluid",
            "io-type": "output",
            "fluid": "water",
            "amount": 500
        }
    ]
}