{
    "machine": "turbine",
    "registryName": "turbine_borolith",
    "recipeTime": 1,
    "requirements": [
        {
            "type": "modularmachinery:energy",
            "io-type": "input",
            "energyPerTick": 5000
        },
        {
            "type": "modularmachinery:fluid",
            "io-type": "input",
            "fluid": "borolith",
            "amount": 10
        },
        {
            "type": "modularmachinery:fluid",
            "io-type": "output",
            "fluid": "borolith_cool",
            "amount": 10
        }
    ]
}