{
    "name": "翻开新的一叶",
    "icon": "naturesaura:gold_leaf",
    "category": "quests/chap4",
    "sortnum": 0,
    "advancement": "heavens:bookchap4/root",
    "turnin": "heavens:bookchap4/00goldleaf",
    "pages": [
        {
            "type": "quest",
            "title": "翻开新的一叶",
            "trigger": "heavens:bookchap4/00goldleaf",
            "text": "在这些新的维度你需要的第一件物品就是那里的草（一种植物）。$(thing)永昼之地$()和$(thing)永夜之地$()中不变的光意味着这些植物具有相当独特的特性。将其与$(thing)以太$()中的物质混合制成$(item)闪耀纤维$()，然后在一些树叶上使用它，使其转化，并收获最终的$(item)金叶$()。"
        },
        {
            "type": "checklist_end",
            "item1": "naturesaura:gold_fiber",
            "item2": "naturesaura:gold_leaf",
            "reward1": "naturesaura:gold_leaf#20",
            "reward2": "patchouli:guide_book{\"patchouli:book\":\"patchouli:natures_aura\"}"
        },
        {
            "type": "crafting",
            "recipe": "crafttweaker:gold_fiber"
        },
        {
            "type": "gold_fiber",
            "heading": "转化树叶",
            "input": "ore:treeLeaves",
            "output": "naturesaura:golden_leaves",
            "description": "随着时间慢慢转变。一旦完全转化，你可以看到表明叶子准备好被收割的粒子效果。"
        }
    ]
}