{
    "name": "Moss We Really Do This?",
    "icon": "roots:terra_moss",
    "category": "quests/chap4",
    "sortnum": 1,
    "advancement": "heavens:bookchap4/root",
    "turnin": "heavens:bookchap4/01moss",
    "pages": [
        {
            "type": "quest",
            "title": "Moss We Really Do This?",
            "trigger": "heavens:bookchap4/01moss",
            "text": "在$(thing)永昼之地$()和$(thing)永夜之地$()打草，可以获得一些$(item)大地孢子$()。有了这些，你可以让靠近$(item)水$()的方块上生长$(item)大地菌丝$()。然后，用$(item)匕首$()右击可以收获$(item)大地菌丝$()。"
        },
        {
            "type": "checklist_end",
            "item1": "roots:terra_spores",
            "item2": "roots:terra_moss",
            "reward1": "roots:terra_moss#5",
            "reward2": "patchouli:guide_book{\"patchouli:book\":\"roots:roots_guide\"}"
        },
        {
            "type": "multiblock_bill_many",
            "heading": "将孢子涂在：",
            "item1": "minecraft:cobblestone",
            "item2": "minecraft:stonebrick",
            "item3": "blue_skies:turquoise_cobblestone",
            "item4": "blue_skies:turquoise_stonebrick",
            "item5": "blue_skies:lunar_cobblestone",
            "item6": "blue_skies:lunar_stonebrick",
            "item7": "aether_legacy:holystone"
        },
        {
            "type": "multiblock_bill_many",
            "heading": "从以下方块采集菌丝：",
            "item1": "minecraft:mossy_cobblestone",
            "item2": "minecraft:stonebrick:1",
            "item3": "blue_skies:mossy_turquoise_cobblestone",
            "item4": "blue_skies:mossy_turquoise_stonebrick",
            "item5": "blue_skies:mossy_lunar_cobblestone",
            "item6": "blue_skies:mossy_lunar_stonebrick",
            "item7": "aether_legacy:mossy_holystone"
        },
        {
            "type": "crafting",
            "anchor": "knife",
            "recipe": "mysticalworld:amethyst_knife",
            "text": "$(item)紫水晶$()可以换成你想用来做匕首的其它材料。"
        },
        {
            "type": "multiblock_bill_many",
            "heading": "所有匕首材料：",
            "item1": "roots:wood_knife",
            "item2": "roots:stone_knife",
            "item3": "roots:iron_knife",
            "item4": "roots:gold_knife",
            "item5": "mysticalworld:copper_knife",
            "item6": "mysticalworld:silver_knife",
            "item7": "roots:diamond_knife",
            "item8": "mysticalworld:amethyst_knife"
        }
    ]
}
