{
    "name": "拜访森林",
    "icon": "naturesaura:wood_stand",
    "category": "quests/chap4",
    "sortnum": 2,
    "advancement": "heavens:bookchap4/00goldleaf",
    "turnin": "heavens:bookchap4/02forestritual",
    "pages": [
        {
            "type": "quest",
            "title": "拜访森林",
            "trigger": "heavens:bookchap4/02forestritual",
            "text": "有了金叶，你可以准备一个仪式场地，激发来自永昼之地和永夜之地的树木的潜在力量。$(br2)为此，你需要8个木墩和16个金叶粉围在树苗周围。$(br)在树苗没长大前开始仪式。"
        },
        {
            "type": "checklist_end",
            "item1": "naturesaura:wood_stand#8",
            "item2": "naturesaura:gold_powder#16",
            "reward1": "naturesaura:gold_powder#50"
        },
        {
            "type": "ritual",
            "heading": "木墩",
            "description": "制作$(item)木墩$()",
            "output_item": "naturesaura:wood_stand",
            "item1": "blue_skies:starlit_log",
            "item2": "naturesaura:gold_leaf",
            "item3": "arcaneworld:sapphire"
        },
        {
            "type": "grindstone",
            "input": "naturesaura:gold_leaf",
            "output_item": "naturesaura:gold_powder"
        },
        {
            "type": "multiblock",
            "name": "森林仪式",
            "multiblock": {
                "pattern": [
                    [ "    S    ", " S     S ", "   PPP   ", "  PP PP  ", "S P 0 P S", "  PP PP  ", "   PPP   ", " S     S ", "    S    " ]
                ],
                "mapping": {
                    " ": "ANY",
                    "0": "blue_skies:bluebright_sapling",
                    "S": "naturesaura:wood_stand",
                    "P": "naturesaura:gold_powder"
                },
                "symmetrical": true,
                "offset"     : [0, 0, 0],
                "view_offset": [0, 0, 0]
            },
            "text": "无需摆上所有$(item)木墩$()。制作时将消耗$(item)金叶粉$()。"
        },
        {
            "type": "tree_ritual",
            "recipe": "token_joy"
        },
        {
            "type": "tree_ritual",
            "recipe": "token_fear"
        },
        {
            "type": "tree_ritual",
            "recipe": "token_anger"
        },
        {
            "type": "tree_ritual",
            "recipe": "token_sorrow"
        }
    ]
}