{
    "name": "T-E-R-R-E-S-T-R-I-A-L",
    "icon": "botania:terraplate",
    "category": "quests/chap4",
    "sortnum": 3,
    "advancement": "heavens:bookchap4/00goldleaf",
    "turnin": "heavens:bookchap4/03terrestrialagglomeration",
    "pages": [
        {
            "type": "quest",
            "title": "T-E-R-R-E-S-T-R-I-A-L",
            "trigger": "heavens:bookchap4/03terrestrialagglomeration",
            "text": "金叶以及来自永昼之地和永夜之地的紫龙晶宝石是制作泰拉凝聚板最后缺少的材料。$(br)在其默认配置下，该设备允许制作最强大的魔力共鸣材料-泰拉钢。"
        },
        {
            "type": "checklist_end",
            "item1": "botania:terraplate",
            "item2": "botania:manaresource:4",
            "reward1": "contenttweaker:metallia_mundane#25",
            "reward2": "contenttweaker:precia_mundane#25"
        },
        {
            "type": "altar_celestial",
            "description": "制作$(item)泰拉凝聚板$()",
            "output_item": "botania:terraplate",
            "item4": "blue_skies:charoite",
            "item5": "blue_skies:charoite",
            "item6": "blue_skies:charoite",
            "item7": "naturesaura:gold_leaf",
            "item8": "botania:storage",
            "item9": "naturesaura:gold_leaf",
            "item12": "botania:rune:2",
            "item13": "botania:rune:3",
            "item18": "botania:rune:1",
            "item19": "botania:rune:0",
            "item20": "botania:rune:8",
            "item21": "contenttweaker:rune_starlight"
        },
        {
            "type": "multiblock",
            "name": "Agglomeration Plate",
            "multiblock": {
                "pattern": [
                    [ "   ", " 0 ", "   " ],
                    [ "RLR", "LRL", "RLR" ]
                ],
                "mapping": {
                    " ": "ANY",
                    "0": "botania:terraplate",
                    "L": "minecraft:lapis_block",
                    "R": "botania:livingrock"
                },
                "symmetrical": true,
                "offset"     : [0, 0, 0],
                "view_offset": [0, 0, 0]
            },
            "text": "5 $(item)活石$(), 4 $(item)青金石块$()"
        },
        {
            "type": "agglomeration",
            "heading": "泰拉钢",
            "output_item": "botania:manaresource:4",
            "item1": "botania:manaresource:0",
            "item2": "botania:manaresource:1",
            "item3": "botania:manaresource:2"
        },
        {
            "type": "crafting",
            "recipe": "botania:manaresource_18",
            "recipe2": "botania:storage_1"
        }
    ]
}