{
    "name": "这是很自然的",
    "icon": "naturesaura:nature_altar",
    "category": "quests/chap4",
    "sortnum": 4,
    "advancement": "heavens:bookchap4/02forestritual",
    "turnin": "heavens:bookchap4/04naturalaltar",
    "pages": [
        {
            "type": "quest",
            "title": "这是很自然的",
            "trigger": "heavens:bookchap4/04naturalaltar",
            "text": "自然魔法的另一个重要工具是自然祭坛。与森林仪式不同，它直接利用当地的灵气给物体注入强大的自然能量。现在，让我们用它来将红石根转化为野根"
        },
        {
            "type": "checklist_end",
            "item1": "naturesaura:nature_altar",
            "item2": "roots:wildroot",
            "reward1": "roots:wildroot#5"
        },
        {
            "type": "tree_ritual",
            "text": "使用$(l:quests/chap4/02forestritual)森林仪式$()制作$(item)自然祭坛核心$()。",
            "recipe": "naturesaura:nature_altar"
        },
        {
            "type": "multiblock",
            "name": "自然祭坛",
            "multiblock_id": "naturesaura:altar",
            "text": "如何搭建$(item)自然祭坛$()。注意祭坛下的方块是空的，因此可以用于自动化。"
        },
        {
            "type": "nature_altar",
            "recipe": "crafttweaker:wildroot"
        },
        {
            "type": "crafting",
            "recipe": "naturesaura:gold_brick"
        },
        {
            "type": "nature_altar",
            "recipe": "infused_stone"
        },
        {
            "type": "nature_altar",
            "recipe": "infused_iron"
        }
    ]
}