{
    "name": "共鸣",
    "icon": "arcanearchives:radiant_resonator",
    "category": "quests/chap4",
    "sortnum": 5,
    "advancement": "heavens:bookchap4/02forestritual",
    "turnin": "heavens:bookchap4/05radiantresonator",
    "pages": [
        {
            "type": "quest",
            "title": "共鸣",
            "trigger": "heavens:bookchap4/05radiantresonator",
            "text": "有了这些新材料，就有可能制造出一种与你的灵魂共鸣的装置。虽然这听起来不太实际，但它利用共鸣产生的能量来凝聚一种惊人的纯粹石英——辉耀石英。$(br2)这种材料可以用来制作许多东西，所有这些东西都会与放置它们的人的灵魂产生共鸣。"
        },
        {
            "type": "text",
            "text": "不幸的是，这些谐振台不是没有限制的，只能放置3个，以免它们对你的灵魂造成永久的伤害。"
        },
        {
            "type": "checklist_end",
            "item1": "arcanearchives:radiant_resonator",
            "reward1": "arcanearchives:radiant_resonator#1",
            "reward2": "arcanearchives:raw_quartz#5",
            "reward3": "arcanearchives:tome_arcana{Book:\"arcanearchives:xml/tome.xml\"}"
        },
        {
            "type": "tree_ritual",
            "text": "使用$(l:quests/chap4/02forestritual)森林仪式$()制作$(item)辉耀谐振台$()。",
            "recipe": "contenttweaker:resonator"
        }
    ]
}