{
    "name": "漂亮的花",
    "icon": "ebwizardry:magic_crystal",
    "category": "quests/chap4",
    "sortnum": 7,
    "advancement": "heavens:bookchap4/04naturalaltar",
    "turnin": "heavens:bookchap4/07magiccrystal",
    "pages": [
        {
            "type": "quest",
            "title": "漂亮的花",
            "trigger": "heavens:bookchap4/07magiccrystal",
            "text": "在永昼之地里盛开着一种罕见的花——水晶花，它的花瓣像水晶一样美丽，晶莹剔透。几百年前，一位大师无意中把水晶花放在了他的自然祭坛上，在这样做的过程中，发现它可以变成一个真正的水晶，充满了强大的魔力。"
        },
        {
            "type": "checklist_end",
            "item1": "ebwizardry:magic_crystal",
            "reward1": "ebwizardry:magic_crystal#10"
        },
        {
            "type": "nature_altar",
            "recipe": "crafttweaker:magic_crystal",
            "text": "记住，使用$(item)自然祭坛$()会耗尽当地的灵气——注意不要消耗太多。"
        },
        {
            "type": "nature_altar",
            "recipe": "crafttweaker:magic_crystal_alt",
            "text": "虽然它的光泽不如永昼之地的水晶花，但在永夜之地的水晶沙漠里也发现了类似的花。"
        },
        {
            "type": "wand_use_two",
            "heading": "转化花",
            "interact": "blue_skies:hot_pink_flower",
            "receive": "ebwizardry:crystal_flower",
            "description": "虽然水晶花是罕见的，但你的魔杖可以将任何来自永昼之地或永夜之地的花转化成它。 "
        },
        {
            "type": "wand_use_two",
            "interact": "blue_skies:moonlit_flower",
            "receive": "ebwizardry:crystal_flower"
        },
        {
            "type": "wand_use_two",
            "interact": "blue_skies:snowbloom",
            "receive": "ebwizardry:crystal_flower"
        },
        {
            "type": "wand_use_two",
            "interact": "blue_skies:crystal_flower",
            "receive": "ebwizardry:crystal_flower"
        }
    ]
}