{
    "name": "更好的魔法",
    "icon": "ebwizardry:arcane_workbench",
    "category": "quests/chap4",
    "sortnum": 8,
    "advancement": "heavens:bookchap4/07magiccrystal",
    "turnin": "heavens:bookchap4/08arcaneworkbench",
    "pages": [
        {
            "type": "quest",
            "title": "更好的魔法",
            "trigger": "heavens:bookchap4/08arcaneworkbench",
            "text": "以前，我教过你我知道的施咒方法，但我不是一个专家。然而，似乎有些巫师在永昼之地幸存了下来。虽然他们不会分享如何写他们的咒语，他们会交换预先写好的法术书。但是要想使用法术书，你需要一个特殊的奥术工作台。 "
        },
        {
            "type": "checklist_end",
            "item1": "ebwizardry:arcane_workbench",
            "reward1": "ebwizardry:magic_crystal#10",
            "reward2": "ebwizardry:wizard_handbook"
        },
        {
            "type": "altar_celestial",
            "description": "奥术$(item)奥术工作台$()",
            "output_item": "ebwizardry:arcane_workbench",
            "item1": "arcanearchives:raw_quartz",
            "item2": "naturesaura:gold_powder",
            "item3": "arcanearchives:raw_quartz",
            "item4": "naturesaura:gold_powder",
            "item5": "arcaneworld:block_amethyst",
            "item6": "naturesaura:gold_powder",
            "item7": "arcanearchives:raw_quartz",
            "item8": "naturesaura:gold_powder",
            "item9": "arcanearchives:raw_quartz",
            "item10": "ebwizardry:magic_crystal",
            "item11": "ebwizardry:magic_crystal",
            "item12": "ebwizardry:magic_crystal",
            "item13": "ebwizardry:magic_crystal",
            "item14": "blue_skies:smooth_crystal_sandstone",
            "item15": "blue_skies:smooth_crystal_sandstone",
            "item16": "minecraft:dye:4",
            "item17": "minecraft:dye:4",
            "item18": "minecraft:dye:4",
            "item19": "minecraft:dye:4",
            "item20": "blue_skies:smooth_crystal_sandstone",
            "item21": "blue_skies:smooth_crystal_sandstone"
        }
    ]
}