{
    "name": "你是个巫师史蒂夫",
    "icon": "ebwizardry:spell_book:1",
    "category": "quests/chap4",
    "sortnum": 9,
    "advancement": "heavens:bookchap4/08arcaneworkbench",
    "turnin": "heavens:bookchap4/09spellbook",
    "pages": [
        {
            "type": "quest",
            "title": "你是个巫师史蒂夫",
            "trigger": "heavens:bookchap4/09spellbook",
            "text": "现在你有了奥术工作台，你需要拿到一本法术书。如前所述，这些可以从友好的巫师那里购买，但也可以在古老的遗迹和方尖塔中找到，所有这些都在永昼之地和永夜之地内。一旦你有了一本咒语书，你就需要鉴定它。"
        },
        {
            "type": "text",
            "title": "鉴定咒语",
            "text": "当你第一次获得一个咒语本时，它是未鉴定的——也就是说，你不知道它是哪个咒语。$(br2)要鉴定它，你需要做其中一件事：装备到魔杖上使用。使用一卷鉴定卷轴。"
        },
        {
            "type": "checklist_end",
            "item1": "ebwizardry:spell_book{display: {Name: \"已知的法术书\"}}",
            "reward1": "ebwizardry:magic_crystal#15",
            "reward2": "ebwizardry:arcane_tome:1"
        },
        {
            "type": "crafting",
            "recipe": "ebwizardry:magic_wand",
            "text": "魔杖在奥术工作台上装备法术，把它和法术书放在中间。魔法水晶可以用来填充魔力值，也可以在奥术工作台中使用。当你使用魔杖时，它会逐渐获得经验，直到可以升级。 "
        },
        {
            "type": "spotlight",
            "item": "ebwizardry:identification_scroll",
            "text": "从巫师处购买或在遗迹和方尖塔中发现。$(br2)右击使用，并从你的背包中鉴定一个未知的咒语。"
        },
        {
            "type": "relations",
            "entries": [
                "quests/chap4/08arcaneworkbench"
            ]
        }
    ]
}