{
    "name": "真正的彩虹光芒",
    "icon": "astralsorcery:blockaltar:3",
    "category": "quests/chap4",
    "sortnum": 10,
    "advancement": "heavens:bookchap4/07magiccrystal",
    "turnin": "heavens:bookchap4/10iridescentaltar",
    "pages": [
        {
            "type": "quest",
            "title": "真正的彩虹光芒",
            "trigger": "heavens:bookchap4/10iridescentaltar",
            "text": "有了魔法水晶和辉耀石英，你现在拥有了将你的星辉祭坛升级到最终版本——五彩祭坛的所需的一切。除了扩大合成格子，这个新的祭坛可以制作与特定星座共鸣的配方，并从附近的光波增幅器中吸收更多的原料。 "
        },
        {
            "type": "checklist_end",
            "item1": "astralsorcery:blockaltar:3",
            "reward1": "astralsorcery:blockattunementrelay#5",
            "reward2": "ebwizardry:magic_crystal#15"
        },
        {
            "type": "altar_celestial",
            "description": "升级到$(item)五彩祭坛$()",
            "output_item": "astralsorcery:blockaltar:3",
            "item1": "astralsorcery:blockmarble:6",
            "item2": "astralsorcery:itemcraftingcomponent:3",
            "item3": "astralsorcery:blockmarble:6",
            "item4": "ebwizardry:magic_crystal",
            "item5": "astralsorcery:itemcelestialcrystal",
            "item6": "ebwizardry:magic_crystal",
            "item7": "astralsorcery:blockmarble:6",
            "item8": "contenttweaker:rune_starlight",
            "item9": "astralsorcery:blockmarble:6",
            "item10": "astralsorcery:blockmarble:6",
            "item11": "astralsorcery:blockmarble:6",
            "item12": "astralsorcery:blockmarble:6",
            "item13": "astralsorcery:blockmarble:6",
            "item14": "astralsorcery:blockblackmarble",
            "item15": "astralsorcery:blockblackmarble",
            "item16": "astralsorcery:itemcraftingcomponent:4",
            "item17": "arcanearchives:shaped_quartz",
            "item18": "arcanearchives:shaped_quartz",
            "item19": "astralsorcery:itemcraftingcomponent:4",
            "item20": "astralsorcery:blockblackmarble",
            "item21": "astralsorcery:blockblackmarble"
        },
        {
            "type": "multiblock",
            "name": "五彩祭坛",
            "multiblock": {
                "pattern": [
                    [ "           ", "           ", "  BBB BBB  ", "  B     B  ", "  B     B  ", "           ", "  B     B  ", "  B     B  ", "  BBB BBB  ", "           ", "           " ],
                    [ "           ", " CB     BC ", " B       B ", "           ", "           ", "           ", "           ", "           ", " B       B ", " CB     BC ", "           " ],
                    [ "           ", " P       P ", "           ", "           ", "           ", "           ", "           ", "           ", "           ", " P       P ", "           " ],
                    [ "           ", " P       P ", "           ", "           ", "           ", "           ", "           ", "           ", "           ", " P       P ", "           " ],
                    [ "           ", " R       R ", "           ", "           ", "           ", "     0     ", "           ", "           ", "           ", " R       R ", "           " ],
                    [ "BBB     BBB", "BMMBBBBBMMB", "BMSSSSSSSMB", " BSSSSSSSB ", " BSSSSSSSB ", " BSSSSSSSB ", " BSSSSSSSB ", " BSSSSSSSB ", "BMSSSSSSSMB", "BMMBBBBBMMB", "BBB     BBB" ]
                ],
                "mapping": {
                    " ": "ANY",
                    "0": "astralsorcery:blockaltar[altartype=altar_4]",
                    "M": "astralsorcery:blockmarble[marbletype=raw]",
                    "C": "astralsorcery:blockmarble[marbletype=chiseled]",
                    "B": "astralsorcery:blockmarble[marbletype=bricks]",
                    "P": "astralsorcery:blockmarble[marbletype=pillar]",
                    "R": "astralsorcery:blockmarble[marbletype=runed]",
                    "S": "astralsorcery:blockblackmarble[marbletype=raw]"
                },
                "symmetrical": true,
                "offset"     : [0, 0, 0],
                "view_offset": [0, 0, 0]
            },
            "text": "用于$(l:useful_things/building_tools/templates)模板管理器$()的$(l:https://pastebin.com/xNG1yZzS)结构代码$(/l)"
        }
    ]
}