{
    "name": "聚集到火堆边上",
    "icon": "roots:bonfire",
    "category": "quests/chap4",
    "sortnum": 11,
    "advancement": "heavens:bookchap4/04naturalaltar",
    "turnin": "heavens:bookchap4/11pyre",
    "pages": [
        {
            "type": "quest",
            "title": "聚集到火堆边上",
            "trigger": "heavens:bookchap4/11pyre",
            "text": "有了自然祭坛，我们就有办法准备一些对世界有更直接影响的自然魔法装置。这有两个东西。首先是柴堆，它可以用来复活许多稀有的药草和进行各种仪式。第二是注造器，可以修改咒术尘或将其应用到杖上。 "
        },
        {
            "type": "checklist_end",
            "item1": "roots:bonfire",
            "item2": "roots:imbuer",
            "reward1": "roots:spell_dust{spell_holder:{spell_0:\"spell_growth_infusion\",selectedSlot:0,lastCooldown:0,cooldown:0}}",
            "reward2": "minecraft:dragon_breath",
            "reward3": "roots:component_pouch"
        },
        {
            "type": "tree_ritual",
            "recipe": "pyre",
            "text": "制作$(item)柴堆$()"
        },
        {
            "type": "tree_ritual",
            "recipe": "imbuer",
            "text": "制作$(item)注造器$()"
        },
        {
            "type": "crafting",
            "recipe": "roots:staff"
        },
        {
            "type": "pyre_crafting",
            "recipe": "cloud_berry"
        },
        {
            "type": "pyre_crafting",
            "recipe": "stalicripe"
        },
        {
            "type": "pyre_crafting",
            "recipe": "infernal_bulb"
        },
        {
            "type": "pyre_crafting",
            "recipe": "dewgonia"
        },
        {
            "type": "pyre_crafting",
            "recipe": "baffle_cap"
        },
        {
            "type": "pyre_crafting",
            "recipe": "pereskia"
        },
        {
            "type": "pyre_crafting",
            "recipe": "moonglow_leaf"
        }
    ]
}