{
    "name": "像树木一样古老",
    "icon": "naturesaura:ancient_sapling",
    "category": "quests/chap4",
    "sortnum": 12,
    "advancement": "heavens:bookchap4/11pyre",
    "turnin": "heavens:bookchap4/12ancientsapling",
    "pages": [
        {
            "type": "quest",
            "title": "像树木一样古老",
            "trigger": "heavens:bookchap4/12ancientsapling",
            "text": "到现在为止，你一直在滥用当地的灵气，用你的自然祭坛榨干它。我们该改变了。有了柴堆，你可以创造出草药木麒麟。将一棵黄昏树苗暴露在这种环境下，加上一些水晶花和其他成分，会使树苗变成一个荒古树橡子，当它生长时，它的叶子会散发出灵气。"
        },
        {
            "type": "checklist_end",
            "item1": "dynamictreesnaturesaura:ancientseed",
            "reward1": "dynamictreesnaturesaura:ancientseed#3",
            "reward2": "roots:wildroot#10"
        },
        {
            "type": "tree_ritual",
            "recipe": "ancient_sapling",
            "text": "制作$(item)荒古树橡子$()"
        },
        {
            "type": "relations",
            "entries": [],
            "text": "不幸的是，$(item)荒古树$()只能将$(thing)灵气$()恢复到中等水平。我在这里草草记下了一些提高$(thing)灵气$()的方法。（作者没写跳转，不是我的锅）"
        }
    ]
}