{
    "name": "精灵与距离",
    "icon": "roots:fey_crafter",
    "category": "quests/chap4",
    "sortnum": 13,
    "advancement": "heavens:bookchap4/12ancientsapling",
    "turnin": "heavens:bookchap4/13feygrove",
    "pages": [
        {
            "type": "quest",
            "title": "精灵与距离",
            "trigger": "heavens:bookchap4/13feygrove",
            "text": "那些$(item)荒古树苗$()有其它用途。但现在最重要的是制作$(thing)森流祈祷$(item)咒术尘$()。$(br2)用$(item)注造器$()注入到$(item)守门者之杖$()上，这个法术可以让你激活$(item)森林之石$()，给它们注入自然能量，使它们周围的植物生长。"
        },
        {
            "type": "text",
            "text": "这种能量可以被$(item)精灵工匠台$()吸收，用于需要这种能量的合成。因此，$(item)精灵工匠台$()必须放在靠近激活的$(item)森林之石$()的地方。$(br2)注意：当用法杖施法时，施法原料必须储存在$(item)药草口袋$()中。"
        },
        {
            "type": "checklist_end",
            "item1": "roots:fey_crafter",
            "item2": "roots:spell_dust{display: {Name: \"咒术尘 - 森流祈祷\"}, spell_holder: {spell_0: \"spell_supplication\", selectedSlot: 0, lastCooldown: 0, cooldown: 0}}",
            "item3": "roots:grove_stone{display: {Name: \"森林之石 (激活)\"}}",
            "reward1": "roots:spell_dust{spell_holder: {spell_0: \"spell_dandelion_winds\", selectedSlot: 0, lastCooldown: 0, cooldown: 0}}"
        },
        {
            "type": "altar_celestial",
            "description": "当使用$(item)精灵工匠台$()时，用$(l:quests/chap4/01moss#knife)匕首$()右击合成。",
            "output_item": "roots:fey_crafter",
            "item1": "naturesaura:infused_iron",
            "item2": "roots:terra_moss",
            "item3": "naturesaura:infused_iron",
            "item5": "roots:wildroot",
            "item8": "naturesaura:wood_stand",
            "item20": "botania:livingwood",
            "item21": "botania:livingwood"
        },
        {
            "type": "altar_celestial",
            "description": "制作$(item)森林之石$()之后，在世界上放置，用$(thing)森流祈祷$()激活。",
            "output_item": "roots:grove_stone",
            "item2": "naturesaura:infused_stone",
            "item4": "naturesaura:infused_stone",
            "item5": "roots:terra_moss",
            "item6": "naturesaura:infused_stone",
            "item7": "naturesaura:infused_stone",
            "item8": "roots:wildroot",
            "item9": "naturesaura:infused_stone",
            "item12": "naturesaura:infused_slab",
            "item13": "naturesaura:infused_slab",
            "item20": "naturesaura:infused_stone",
            "item21": "naturesaura:infused_stone"
        },
        {
            "type": "spell_dust",
            "spell": "spell_supplication"
        },
        {
            "type": "fey_crafting",
            "recipe": "runestone"
        }
    ]
}