{
    "name": "另一边的朋友",
    "icon": "botania:pylon:1",
    "category": "quests/chap4",
    "sortnum": 14,
    "advancement": "heavens:bookchap4/13feygrove",
    "turnin": "heavens:bookchap4/14alfheimportal",
    "pages": [
        {
            "type": "quest",
            "title": "另一边的朋友",
            "trigger": "heavens:bookchap4/14alfheimportal",
            "text": "另一个新维度的资源在等着我们。不幸的是，这一维度在很久以前就被封印了。然而，我们可以利用$(item)精灵工匠台$()的自然能量来制作一个传送门，让你可以与该维度的居民——$(thing)精灵$()交换材料。"
        },
        {
            "type": "checklist_end",
            "item1": "botania:alfheimportal",
            "item2": "botania:livingwood#8",
            "item3": "botania:livingwood:5#3",
            "item4": "botania:pylon:1#2",
            "reward1": "botania:manaresource:4#5"
        },
        {
            "type": "multiblock",
            "name": "精灵传送门",
            "multiblock": {
                "pattern": [
                    [ " ", "L", "G", "L", " " ],
                    [ "L", " ", " ", " ", "L" ],
                    [ "G", " ", " ", " ", "G" ],
                    [ "L", " ", " ", " ", "L" ],
                    [ " ", "L", "0", "L", " " ],
                    [ " ", " ", " ", " ", " " ]
                ],
                "mapping": {
                    " ": "ANY",
                    "0": "botania:alfheimportal",
                    "G": "botania:livingwood[variant=glimmering]",
                    "L": "botania:livingwood"
                },
                "symmetrical": false,
                "offset"     : [0, 0, 0],
                "view_offset": [0, 0, 0]
            },
            "text": "在附近放置2个$(item)魔力池$()，并放上$(item)自然水晶$()。$(br)用于$(l:useful_things/building_tools/templates)模板管理器$()的$(l:https://pastebin.com/rqvkSSXT)结构代码$(/l)"
        },
        {
            "type": "fey_crafting",
            "recipe": "elven_gateway"
        },
        {
            "type": "fey_crafting",
            "recipe": "nature_pylon"
        },
        {
            "type": "starlight_infuser",
            "output_item": "botania:livingwood:5",
            "input": "botania:livingwood"
        }

    ]
}