{
    "name": "地之守护者",
    "icon": "botania:pylon:2",
    "category": "quests/chap4",
    "sortnum": 15,
    "advancement": "heavens:bookchap4/14alfheimportal",
    "turnin": "heavens:bookchap4/15gaiaguardian",
    "pages": [
        {
            "type": "quest",
            "title": "地之守护者",
            "trigger": "heavens:bookchap4/15gaiaguardian",
            "text": "我仍然很困惑，我对这次$(thing)世界毁灭$()知之甚少。我们需要调查一下。幸运的是，$(thing)亚尔夫海姆$()的精灵有一个简单的仪式，可以用来召唤大地之神$(thing)盖亚$()的化身。希望她能对具体情况有所了解。"
        },
        {
            "type": "text",
            "text": "你需要建造一个竞技场，然后用$(item)泰拉钢锭$()Shift点击中心$(item)信标$()来召唤它。$(br2)希望$(thing)盖亚$()不要太介意大地的缺失。也许你应该武装自己，以防万一……"
        },
        {
            "type": "checklist_end",
            "item1": "botania:pylon:2#4",
            "item2": "botania:manaresource:5",
            "reward1": "botania:dice"
        },
        {
            "type": "multiblock",
            "name": "盖亚守护竞技场",
            "multiblock": {
                "pattern": [
                    [ "P       P", "         ", "         ", "         ", "         ", "         ", "         ", "         ", "P       P" ],
                    [ "         ", "         ", "         ", "         ", "    0    ", "         ", "         ", "         ", "         " ],
                    [ "         ", "         ", "         ", "   BBB   ", "   BBB   ", "   BBB   ", "         ", "         ", "         " ]
                ],
                "mapping": {
                    " ": "ANY",
                    "0": "minecraft:beacon",
                    "P": "botania:pylon[variant=gaia]",
                    "B": "minecraft:iron_block"
                },
                "symmetrical": false,
                "offset"     : [0, 0, 0],
                "view_offset": [0, 0, 0]
            },
            "text": "$(item)信标$()周围的区域必须是平整的。可视化显示的魔法水晶是$(item)盖亚水晶$()"
        },
        {
            "type": "fey_crafting",
            "recipe": "gaia_pylon"
        }

    ]
}