{
    "name": "高级修剪",
    "icon": "roots:runic_shears",
    "category": "quests/chap4",
    "sortnum": 16,
    "advancement": "heavens:bookchap4/13feygrove",
    "turnin": "heavens:bookchap4/16runicshears",
    "pages": [
        {
            "type": "quest",
            "title": "高级修剪",
            "trigger": "heavens:bookchap4/16runicshears",
            "text": "将$(item)精灵工匠台$()的自然能量通过$(item)符文石$()注入普通的$(item)剪刀$()中，你就得到了一把神奇的剪刀，它可以在收获的时候改变一些材料。这可以让你获得一些新的草药。现在，最重要的是$(item)灵魂草$()。"
        },
        {
            "type": "checklist_end",
            "item1": "roots:runic_shears",
            "item2": "roots:spirit_herb",
            "reward1": "roots:spell_dust{spell_holder:{spell_0:\"spell_rampant_growth\",selectedSlot:0,lastCooldown:0,cooldown:0}}"
        },
        {
            "type": "fey_crafting",
            "recipe": "runic_shears"
        },
        {
            "type": "runic_shears",
            "recipe": "spirit_herb"
        }

    ]
}