{
    "name": "祭祀众神",
    "icon": "naturesaura:offering_table",
    "category": "quests/chap4",
    "sortnum": 17,
    "advancement": "heavens:bookchap4/16runicshears",
    "turnin": "heavens:bookchap4/17offeringtable",
    "pages": [
        {
            "type": "quest",
            "title": "祭祀众神",
            "trigger": "heavens:bookchap4/17offeringtable",
            "text": "有了$(item)灵魂草$()，你就拥有了$(thing)仪式：野性涌动$()所需的所有原料。这个仪式使附近的$(item)野根$()生长成为一棵大树。这种树的木头是制作$(item)供桌$()的材料，我们可以用这个供奉神祗以换取更神圣的材料。"
        },
        {
            "type": "checklist_end",
            "item1": "naturesaura:offering_table",
            "item2": "naturesaura:calling_spirit",
            "item3": "naturesaura:sky_ingot",
            "reward1": "naturesaura:calling_spirit#5",
            "reward2": "naturesaura:infused_iron#10"
        },
        {
            "type": "pyre_ritual",
            "ritual": "ritual_wild_growth",
            "text": "$(item)野根$()必须在附近种植并完全成熟。"
        },
        {
            "type": "fey_crafting",
            "recipe": "calling_spirit"
        },
        {
            "type": "altar_celestial",
            "description": "制作$(item)供桌$()",
            "output_item": "naturesaura:offering_table",
            "item1": "roots:cloud_berry",
            "item2": "naturesaura:infused_iron",
            "item3": "naturesaura:token_fear",
            "item4": "naturesaura:infused_stone",
            "item5": "roots:wildwood_log",
            "item6": "naturesaura:infused_stone",
            "item8": "roots:wildwood_log",
            "item10": "roots:runestone",
            "item11": "roots:runestone",
            "item16": "naturesaura:infused_stone",
            "item17": "naturesaura:infused_stone",
            "item20": "roots:wildwood_log",
            "item21": "roots:wildwood_log"
        },
        {
            "type": "multiblock",
            "multiblock_id": "naturesaura:offering_table",
            "text": "准备$(item)祭祀众神$()。可以使用任意类型的花。"
        },
        {
            "type": "offering",
            "recipe": "naturesaura:sky_ingot",
            "text": "将所需物品放在$(item)供桌$()上，并在附近扔出$(item)呼唤之魂$()。可以同时完成多次合成，只需要一个$(item)呼唤之魂$()。"
        },
        {
            "type": "offering",
            "recipe": "naturesaura:token_euphoria"
        },
        {
            "type": "offering",
            "recipe": "naturesaura:token_terror"
        },
        {
            "type": "offering",
            "recipe": "naturesaura:token_rage"
        },
        {
            "type": "offering",
            "recipe": "naturesaura:token_grief"
        }
    ]
}