{
    "name": "Darkosto的生日",
    "icon": "naturesaura:animal_spawner",
    "category": "quests/chap4",
    "sortnum": 18,
    "advancement": "heavens:bookchap4/17offeringtable",
    "turnin": "heavens:bookchap4/18birthing",
    "pages": [
        {
            "type": "quest",
            "title": "Darkosto的生日",
            "trigger": "heavens:bookchap4/18birthing",
            "text": "虽然古老的$(item)仪式台$()可以召唤多种生物，但还有一些更为奇特的动物，比如我们需要的$(thing)青蛙$()，是它无法召唤的。因此你需要一个$(item)生育祭坛$()。每一个用这个祭坛创造的生物都需要一个$(item)生育之魂$()——通过繁殖$(thing)灵气$()丰富之地的动物获得。"
        },
        {
            "type": "checklist_end",
            "item1": "naturesaura:animal_spawner",
            "item2": "naturesaura:birth_spirit",
            "reward1": "naturesaura:birth_spirit#5"
        },
        {
            "type": "altar_iridescent",
            "constellation": "Bootes",
            "output_item": "naturesaura:animal_spawner",
            "item2": "minecraft:hay_block",
            "item4": "naturesaura:token_euphoria",
            "item5": "inspirations:edibles",
            "item6": "naturesaura:token_euphoria",
            "item8": "minecraft:bed:4",
            "item10": "naturesaura:sky_ingot",
            "item11": "naturesaura:sky_ingot",
            "item12": "naturesaura:sky_ingot",
            "item13": "naturesaura:sky_ingot",
            "item14": "arcaneworld:amethyst",
            "item15": "arcaneworld:amethyst",
            "item16": "arcaneworld:sapphire",
            "item17": "arcaneworld:sapphire",
            "item18": "arcaneworld:sapphire",
            "item19": "arcaneworld:sapphire",
            "item20": "arcaneworld:amethyst",
            "item21": "arcaneworld:amethyst"
        },
        {
            "type": "multiblock",
            "multiblock_id": "naturesaura:animal_spawner",
            "text": "要激活它，只需把原料放在附近的地面上即可。"
        }
    ]
}