{
    "name": "转换边路",
    "icon": "naturesaura:conversion_catalyst",
    "category": "quests/chap4",
    "sortnum": 19,
    "advancement": "heavens:bookchap4/17offeringtable",
    "turnin": "heavens:bookchap4/19transmutationcatalyst",
    "pages": [
        {
            "type": "quest",
            "title": "转换边路",
            "trigger": "heavens:bookchap4/19transmutationcatalyst",
            "text": "我想是时候给$(item)自然祭坛$()做一点升级了。制造一个嬗变催化器，并把它放在祭坛结构中的一根短柱子上，这将允许它进行一些简单的嬗变。"
        },
        {
            "type": "checklist_end",
            "item1": "naturesaura:conversion_catalyst",
            "reward1": "minecraft:prismarine:1#150"
        },
        {
            "type": "tree_ritual",
            "recipe": "crafttweaker:conversion_catalyst"
        }
    ]
}