{
    "name": "蹦蹦跳跳",
    "icon": "minecraft:spawn_egg{EntityTag:{id:\"mysticalworld:entity_frog\"}}",
    "category": "quests/chap4",
    "sortnum": 20,
    "advancement": "heavens:bookchap4/18birthing",
    "turnin": "heavens:bookchap4/20frog",
    "pages": [
        {
            "type": "quest",
            "title": "蹦蹦跳跳",
            "trigger": "heavens:bookchap4/20frog",
            "text": "为了进入下一个维度，我们需要$(thing)青蛙$()的腿。所以你需要用$(item)生育祭坛$()召唤一只。而且，是的，你得杀了它。别那样看着我，这是为了，呃，更远大的目标。我发誓。"
        },
        {
            "type": "checklist_end",
            "item1": "quark:frog_leg",
            "reward1": "minecraft:spawn_egg#2{EntityTag:{id:\"mysticalworld:entity_frog\"}}"
        },
        {
            "type": "birthing_altar",
            "recipe": "crafttweaker:frog"
        },
        {
            "type": "nature_altar",
            "recipe": "crafttweaker:lilypad"
        }
    ]
}