{
    "name": "腐朽的黑暗",
    "icon": "naturesaura:aura_bottle{stored_type: \"naturesaura:end\"}",
    "category": "quests/chap4",
    "sortnum": 21,
    "advancement": "heavens:bookchap4/18birthing",
    "turnin": "heavens:bookchap4/21darkness",
    "pages": [
        {
            "type": "quest",
            "title": "腐朽的黑暗",
            "trigger": "heavens:bookchap4/21darkness",
            "text": "我们下一步要去的地方需要召唤一些真正邪恶的东西，但要想做到这一点，我们首先需要去拜访一个黑暗的地方。就像你从一些维度收集了$(item)瓶装阳光$()，从$(thing)地狱$()收集了$(item)瓶装鬼魂$()一样，现在你必须用$(item)瓶子木塞$()收集$(item)瓶装黑暗$()。"
        },
        {
            "type": "text",
            "text": "不巧的是，我只知道一个地方可以收集这个东西——穿过古代石门的一系列裂缝。第一次，也是唯一一次，议会派了一个老法师去调查那个地方，她消失了，再也没有音讯。"
        },
        {
            "type": "checklist_end",
            "item1": "naturesaura:aura_bottle{stored_type: \"naturesaura:end\"}",
            "reward1": "naturesaura:aura_bottle#10{stored_type: \"naturesaura:end\"}"
        },
        {
            "type": "location",
            "icon": "books:templates/dimdoors_preview.png",
            "location": "裂缝迷宫",
            "description": "要收集$(item)瓶装黑暗$()，你只要进去就行了。但也许这里还有更值得一看的？"
        },
        {
            "type": "image",
            "images": [
                    "books:templates/dimdoors_gateway.png"
                ],
            "title": "古代传送门",
            "border": "true",
            "text": "$(thing)传送门$()存在于大多数维度中，包括$(thing)以太$()、$(thing)朦胧世界$()、$(thing)永昼之地$()和$(thing)永夜之地"
        }
    ]
}