{
    "name": "堕落之人",
    "icon": "minecraft:spawn_egg{EntityTag: {id: \"thebetweenlands:dark_druid\"}}",
    "category": "quests/chap4",
    "sortnum": 22,
    "advancement": "heavens:bookchap4/21darkness",
    "turnin": "heavens:bookchap4/22darkdruid",
    "pages": [
        {
            "type": "quest",
            "title": "堕落之人",
            "trigger": "heavens:bookchap4/22darkdruid",
            "text": "有了$(item)瓶装黑暗$()，你现在可以召唤被称为$(thing)黑暗德鲁伊$()的黑暗生物。这些肮脏的生物携带着$(item)沼泽护身符$()的碎片，这是打开我希望你们访问的下一个维度所需要的，但它们肯定不会主动献上碎片的。"
        },
        {
            "type": "kill_task",
            "entity": "thebetweenlands:dark_druid",
            "entity_name": "黑暗德鲁伊",
            "reward1": "ebwizardry:amulet_potential"
        },
        {
            "type": "checklist",
            "item1": "thebetweenlands:swamp_talisman:1",
            "item2": "thebetweenlands:swamp_talisman:2",
            "item3": "thebetweenlands:swamp_talisman:3",
            "item4": "thebetweenlands:swamp_talisman:4"
        },
        {
            "type": "birthing_altar",
            "recipe": "crafttweaker:dark_druid"
        }
    ]
}