{
    "name": "在沼泽深处……",
    "icon": "thebetweenlands:druid_altar",
    "category": "quests/chap4",
    "sortnum": 23,
    "advancement": "heavens:bookchap4/15gaiaguardian",
    "turnin": "heavens:bookchap4/23druidaltar",
    "pages": [
        {
            "type": "quest",
            "title": "在沼泽深处……",
            "trigger": "heavens:bookchap4/23druidaltar",
            "text": "是我搞错了，还是盖亚的化身在发狂之前只会问“它在哪里？”？那可能意味着什么……？我想这里有些事情需要调查，因此你需要去$(thing)交错次元$()。你需要一个特殊的祭坛来把破碎的$(item)沼泽护身符$()复原。"
        },
        {
            "type": "checklist_end",
            "item1": "thebetweenlands:druid_altar",
            "reward1": "minecraft:golden_apple:1#3"
        },
        {
            "type": "altar_iridescent",
            "output_item": "thebetweenlands:druid_altar",
            "item2": "arcanearchives:shaped_quartz",
            "item4": "arcanearchives:radiant_dust",
            "item5": "botania:manaresource:5",
            "item6": "arcanearchives:radiant_dust",
            "item7": "roots:runestone",
            "item8": "roots:runestone",
            "item9": "roots:runestone",
            "item12": "botania:manaresource:4",
            "item13": "botania:manaresource:4",
            "item18": "quark:frog_leg",
            "item19": "quark:frog_leg",
            "item20": "roots:runestone",
            "item21": "roots:runestone",
            "item25": "roots:runestone"
        }
    ]
}