{
    "name": "请慎重：制造大树",
    "icon": "thebetweenlands:swamp_talisman",
    "category": "quests/chap4",
    "sortnum": 24,
    "advancement": "heavens:bookchap4/22darkdruid",
    "turnin": "heavens:bookchap4/24swamptalisman",
    "pages": [
        {
            "type": "quest",
            "title": "请慎重：制造大树",
            "trigger": "heavens:bookchap4/24swamptalisman",
            "text": "有了从$(thing)黑暗德鲁伊$()身上找到的碎片，是时候修复关键的$(item)沼泽护身符$()了，这是打开通往$(thing)交错次元$()的钥匙。一旦你到了那里，就有可能对发生的事情展开更彻底的调查。"
        },
        {
            "type": "checklist_end",
            "item1": "thebetweenlands:swamp_talisman",
            "reward1": "minecraft:golden_apple:1#3"
        },
        {
            "type": "druid_altar",
            "heading": "沼泽护身符",
            "output_item": "thebetweenlands:swamp_talisman",
            "item1": "thebetweenlands:swamp_talisman:1",
            "item2": "thebetweenlands:swamp_talisman:2",
            "item3": "thebetweenlands:swamp_talisman:3",
            "item4": "thebetweenlands:swamp_talisman:4"
        }
    ]
}