{
    "name": "进入沼泽",
    "icon": "thebetweenlands:sapling_weedwood",
    "category": "quests/chap4",
    "sortnum": 25,
    "advancement": "heavens:bookchap4/24swamptalisman",
    "turnin": "heavens:bookchap4/25betweenlands",
    "pages": [
        {
            "type": "quest",
            "title": "进入沼泽",
            "trigger": "heavens:bookchap4/25betweenlands",
            "text": "终于，你到达了$(thing)交错次元$()。这个维度位于所有其它维度之间，因此更接近$(thing)神性$()维度，众神居住在那里。我希望这将使我们能够直接与他们交流。要进入这个维度，只需使用$(item)沼泽护身符$()在任意主世界的树苗上生成$(thing)传送树$()"
        },
        {
            "type": "location",
            "icon": "books:templates/betweenlands_preview.png",
            "location": "交错次元",
            "reward1": "minecraft:enchanted_book#2{StoredEnchantments:[{lvl:1s,id:70s}]}"
        }
    ]
}