{
    "name": "空白通行证",
    "icon": "skyopolis_additions:blank_token",
    "category": "patchouli:blanks",
	"sortnum": "7",
    "pages": [
        {
			"type": "spotlight",
			"item": "skyopolis_additions:blank_token",
            "text": "资源需求：$(li)$(l:create/mixer)[动力搅拌器]$(/l)$(li2)x1 骨头$(li2)x3 燧石$(br2)用于制作$(li)其它维度通行证$(li2)$(l:portals/undergarden_token)[深园通行证]$(li2)$(l:portals/nether_token)[下界通行证]$(li2)$(l:portals/end_token)[末地通行证]$(/l)"
        }
		]
}