{
    "name": "下界矿产",
    "icon": "minecraft:quartz",
    "category": "dimension_dossier/nether",
    "advancement": "heavens:bookchap1/18stone",
    "pages": [
        {
            "type": "text",
            "text": "这里详细介绍了在$(thing)下界$()中发现的矿石，包括它们是否受到时运或精准采集的影响。"
        },
        {
            "type": "spotlight",
            "title": "下界石英",
            "item": "minecraft:quartz",
            "text": "一种白色的晶体物质。常用于$(item)红石$()旁边的机械装置中。发现时嵌在$(item)地狱岩$()中。$(br2)精准采集：支持$(br2)时运：支持"
        },
        {
            "type": "spotlight",
            "title": "紫水晶",
            "item": "arcaneworld:amethyst",
            "text": "一种罕见的紫色宝石，象征着混乱。发现时嵌在$(item)地狱岩$()中。$(br2)精准采集：支持$(br2)时运：支持"
        }
    ]
}