{
    "name": "下界",
    "icon": "minecraft:netherrack",
    "category": "dimension_dossier",
    "advancement": "heavens:bookchap1/18stone",
    "sortnum": 1,
    "pages": [
        {
            "type": "text",
            "text": "下界是一个地狱维度，充满了火和死亡。但它似乎比我记忆中要温和。它包含了对我们有用的各种资源，甚至有可能从高耸的$(thing)下界要塞$()中得到战利品。"
        },
        {
            "type": "location",
            "icon": "books:templates/nether_preview.png",
            "heading": "下界"
        },
        {
            "type": "multiblock",
            "name": "传送门摆放",
            "text": "点火激活。",
            "multiblock": {
                "pattern": [
                    [ " ", "O", "O", " " ],
                    [ "O", "P", "P", "O" ],
                    [ "O", "P", "P", "O" ],
                    [ "O", "P", "P", "O" ],
                    [ " ", "O", "0", " " ],
                    [ " ", " ", " ", " " ]
                ],
                "mapping": {
                    " ": "ANY",
                    "0": "minecraft:obsidian",
                    "O": "minecraft:obsidian",
                    "P": "AIR"
                },
                "symmetrical": false,
                "offset"     : [0, 0, 0],
                "view_offset": [0, 0, 0]
            }
        },
        {
            "type": "chisel",
            "heading": "传送门的有效方块",
            "item1": "minecraft:obsidian",
            "item2": "chisel:obsidian:0",
            "item3": "chisel:obsidian:1",
            "item4": "chisel:obsidian:2",
            "item5": "chisel:obsidian:3",
            "item6": "chisel:obsidian:4",
            "item7": "chisel:obsidian:5",
            "item8": "chisel:obsidian:6",
            "item9": "chisel:obsidian:7",
            "item10": "chisel:obsidian:8",
            "item11": "chisel:obsidian:9",
            "item12": "chisel:obsidian:10",
            "item13": "chisel:obsidian:11",
            "item14": "chisel:obsidian:12",
            "item15": "chisel:obsidian:13",
            "item16": "chisel:obsidian:14",
            "description": "门式框架可以有各种尺寸（所示的框架尺寸是允许的最小尺寸）。"
        },
        {
            "type": "relations",
            "title": "生物图鉴",
            "entries": [
                "collected_knowledge/mobs/blaze",
                "collected_knowledge/mobs/pigmen",
                "collected_knowledge/mobs/foxhound",
                "collected_knowledge/mobs/lava_cat",
                "collected_knowledge/mobs/skeleton",
                "collected_knowledge/mobs/wither_skeleton",
                "collected_knowledge/mobs/ghast",
                "collected_knowledge/mobs/firebat",
                "collected_knowledge/mobs/feuerwurm",
                "collected_knowledge/mobs/wraith",
                "collected_knowledge/mobs/enderman",
                "collected_knowledge/mobs/hell_sprout"
            ]
        },
        {
            "type": "relations",
            "title": "值得注意的结构",
            "entries": [
                "dimension_dossier/nether/fortress"
            ]
        },
        {
            "type": "relations",
            "title": "关键材料",
            "entries": [
                "dimension_dossier/nether/ores"
            ]
        }
    ]
}