{
    "name": "主世界遗迹",
    "icon": "botania:altgrass:4",
    "category": "dimension_dossier",
    "sortnum": 0,
    "pages": [
        {
            "type": "text",
            "text": "旧世界剩下的一切，这些残余物将不得不帮助你成长，直到我们能让你进入另一个世界位面。这里的基础资源包括$(item)注魔草地$()、$(item)变质雪原石头$()和$(item)铁树$()。"
        },
        {
            "type": "location",
            "icon": "books:templates/overworld_preview.png",
            "heading": "主世界"
        }
    ]
}