{
    "name": "焦黑熔化炉",
    "icon": "tconstruct:seared_melter",
    "category": "patchouli:tinkers",
	"sortnum": "1",
    "pages": [
        {
			"type": "spotlight",
			"item": "tconstruct:seared_melter",
            "text": "焦黑熔化炉在这个整合包中有多种功能。$(br2)要熔炼物品或方块，您需要一个焦黑加热器，他需要燃烧燃料。"
        },
        {
			"type": "multiblock",
			"name": "焦黑熔化炉",
			"enable_visualize": true,
			"multiblock": {
			"pattern":[
            [
                "FM"
            ],
			[
                "B0"
            ]
            		
        ],
			"mapping":{
			"0": "tconstruct:seared_heater",
            "T": "tconstruct:seared_table",
            "B": "tconstruct:seared_basin",
            "M": "tconstruct:seared_melter",
            "F": "tconstruct:seared_faucet"
        }
		},
		"text": "$(br)匠魂的熔化炉多方块结构"
		}
		]
}