{
    "name": "冶炼炉",
    "icon": "tconstruct:smeltery_controller",
    "category": "patchouli:tinkers",
    "sortnum": "2",
    "pages": [
        {
            "type": "spotlight",
            "item": "tconstruct:smeltery_controller",
            "text": "匠魂的冶炼炉可以用熔岩或烈焰血制作合金或熔化。$(br2)无论是熔化物品或方块还是制作合金，在这个多方块结构中都需要一个焦黑储罐，里面装着熔岩或烈焰血。"
        },
        {
            "type": "multiblock",
            "name": "冶炼炉",
            "enable_visualize": true,
            "multiblock": {
                "pattern": [
                    [
                        "  SSS ",
                        "FD   S",
                        " L   S",
                        "FD   S",
                        "  SSS "
                    ],
                    [
                        "  SSS ",
                        "BS   S",
                        " C   S",
                        "TS   S",
                        "  SSS "
                    ],
                    [
                        "      ",
                        "  SSS ",
                        "  S0S ",
                        "  SSS ",
                        "      "
                    ]
                ],
                "mapping": {
                    "0": "tconstruct:seared_bricks",
                    "C": "tconstruct:smeltery_controller",
                    "T": "tconstruct:seared_table",
                    "B": "tconstruct:seared_basin",
                    "L": "tconstruct:seared_fuel_tank",
                    "F": "tconstruct:seared_faucet",
                    "D": "tconstruct:seared_drain",
                    "S": "tconstruct:seared_bricks"
                }
            },
            "text": "匠魂的冶炼炉多方块结构$(br)$(n)$(6)这个多方块结构大小可变(最大15x64x15)"
        }
    ]
}