{
    "name": "烈焰人",
    "icon": "minecraft:blaze_rod",
    "category": "patchouli:trading",
	"sortnum": "1",
    "pages": [
        {
			"type": "spotlight",
            "text": "交易中的烈焰人不会攻击你。$(br2)后面的页面会显示可用的交易。$(br2)要进行交易，手持需要交易的物品右键单击烈焰人。",
			"item": "kubejs:summoner_wand",
			"link_recipe": true
        },
		{
			"type": "entity",
			"entity": "minecraft:blaze"
		},
		{
			"type": "spotlight",
			"text": "对烈焰人用钻石进行交易会给你一个Psi宝石。",
			"item": "psi:psigem",
			"link_recipe": true
		},
		{
			"type": "spotlight",
			"text": "对烈焰人用金锭进行交易会给你一个Psi金属锭。",
			"item": "psi:psimetal",
			"link_recipe": true
		},			
		{
			"type": "spotlight",
			"text": "对烈焰人用血之祭坛进行交易会给你一个术式编写台。",
			"item": "psi:programmer",
			"link_recipe": true
		},			
		{
			"type": "spotlight",
			"text": "对烈焰人用工作站进行交易会给你一个CAD装配器。",
			"item": "psi:cad_assembler",
			"link_recipe": true
		}	
		]
}