{
    "name": "猪灵",
    "icon": "minecraft:gold_ingot",
    "category": "patchouli:trading",
	"sortnum": "2",
    "pages": [
        {
			"type": "spotlight",
            "text": "如果你至少穿着一件金盔甲，猪灵不会攻击你。$(br2)后面的页面会显示一些可用的交易。$(br2)要进行交易，手持金锭右键单击猪灵。",
			"item": "kubejs:summoner_wand",
			"link_recipe": true
        },
		{
			"type": "entity",
			"entity": "minecraft:piglin"
		},
		{
			"type": "spotlight",
			"text": "对猪灵用金锭进行交易有时会退还末影珍珠。",
			"item": "minecraft:ender_pearl",
			"link_recipe": true
		},
		{
			"type": "spotlight",
			"text": "对猪灵用金锭进行交易有时会退还黑曜石。",
			"item": "minecraft:obsidian",
			"link_recipe": true
		},			
		{
			"type": "spotlight",
			"text": "对猪灵用金锭进行交易有时会退还哭泣的黑曜石。",
			"item": "minecraft:crying_obsidian",
			"link_recipe": true
		},			
		{
			"type": "spotlight",
			"text": "对猪灵用金锭进行交易有时会退还一些下界石英。",
			"item": "minecraft:quartz",
			"link_recipe": true
		},
		{
			"type": "text",
			"text": "还可以获得各种其它物品，包括铁粒、皮革、火焰弹、灵魂沙、黑石、下界砖块。"
		}
		]
}