{
  "name": "阿图姆传送门",
  "icon": "atum:scarab",
  "category": "patchouli:multiblock_structures",
  "pages": [
    {
      "type": "patchouli:spotlight",
      "item": "atum:scarab",
      "title": "阿图姆传送门",
      "link_recipe": true,
      "text": "你需要一个来自阿图姆模组的圣金甲虫，用来解锁和打开入口。你需要把水放入这个3x3的坑中，一旦装满了水，你就可以把圣金甲虫丢进去，这时会有声音响起，然后水会变成橙色/棕色，就可以跳进去了。"
    },
    {
      "type": "patchouli:multiblock",
      "multiblock_id": "atum_portal",
      "multiblock": {
        "pattern": [
          [
            "1   1",
            "     ",
            "     ",
            "     ",
            "1   1"
          ],
          [
            "1   1",
            "     ",
            "     ",
            "     ",
            "1   1"
          ],
          [
            "11111",
            "12221",
            "12221",
            "12221",
            "11011"
          ],
          [
            "11111",
            "11111",
            "11111",
            "11111",
            "11111"
          ]
        ],
        "mapping": {
          " ": "ANY",
          "0": "minecraft:sandstone",
          "1": "minecraft:sandstone",
          "2": "minecraft:water"
        },
        "symmetrical": true,
        "offset": [
          -2,
          -1,
          2
        ]
      }
    }
  ]
}