{
  "name": "植物学家的冶炼厂",
  "icon": "masterfulmachinery:livingrock_controller",
  "category": "patchouli:multiblock_structures",
  "pages": [
    {
      "type": "patchouli:spotlight",
      "item": "masterfulmachinery:livingrock_controller",
      "title": "植物学家的冶炼厂",
      "link_recipe": true,
      "text": "这是植物学家的冶炼厂，它可以让你冶炼特殊物品。$(br2)指南和实际的结构之间有一些差异，这些差异将在接下来的几页中描述。"
    },
    {
      "type": "patchouli:multiblock",
      "multiblock_id": "botanists_smelter",
      "multiblock": {
        "pattern": [
          [
            "____",
            "36bc",
            ")785",
            "36ad",
            "____"
          ],
          [
            "3ebb",
            ")  1",
            ")  1",
            ")  1",
            "34aa"
          ],
          [
            "))2*",
            ")A 1",
            ")A 1",
            ")A 1",
            "))/0"
          ],
          [
            "))*.",
            ")+,-",
            ")+ *",
            ")+,*",
            "))**"
          ]
        ],
        "mapping": {
          ")": "immersiveengineering:sheetmetal_copper",
          "*": "botania:livingrock",
          "+": "minecraft:redstone_block",
          ",": "create:shaft[axis=z]",
          "-": "create:gearbox[axis=y]",
          ".": "masterfulmachinery:livingrock_default_port_create_rotation_input",
          "/": "masterfulmachinery:livingrock_default_port_items_output",
          "A": "minecraft:campfire",
          "1": "#forge:glass",
          "2": "masterfulmachinery:livingrock_default_port_items_input",
          "3": "immersiveengineering:slab_sheetmetal_copper",
          "4": "minecraft:jack_o_lantern[facing=east]",
          "e": "minecraft:jack_o_lantern[facing=west]",
          "5": "botania:livingrock_stairs",
          "a": "botania:livingrock_stairs[facing=west]",
          "b": "botania:livingrock_stairs[facing=east]",
          "c": "botania:livingrock_stairs[facing=east,shape=outer_left]",
          "d": "botania:livingrock_stairs[facing=west,shape=outer_right]",
          "6": "immersiveengineering:chute_copper",
          "7": "botania:mana_spreader",
          "8": "masterfulmachinery:livingrock_default_port_botania_mana_input",
          "0": "masterfulmachinery:livingrock_controller[facing=south]"
        },
        "symmetrical": false,
        "offset": [
          -2,
          -1,
          0
        ]
      }
    },
    {
      "type": "patchouli:image",
      "images": [
        "proletaria:textures/gui/patchouli_book/mm_structures/botanists_smelter_belt.png",
        "proletaria:textures/gui/patchouli_book/mm_structures/botanists_smelter_spreader.png"
      ],
      "title": "附加图片",
      "border": true
    },
    {
      "type": "patchouli:text",
      "title": "附加事项",
      "text": "第一点，通过传送带连接两根传动杆。$(br)另外，在魔力接口旁边的空隙中有一个魔力发射器。"
    }
  ]
}