{
  "name": "机械师的引擎",
  "icon": "masterfulmachinery:mechanists_controller",
  "category": "patchouli:multiblock_structures",
  "pages": [
    {
      "type": "patchouli:spotlight",
      "item": "masterfulmachinery:mechanists_controller",
      "title": "机械师的引擎",
      "link_recipe": true,
      "text": "这是机械师的引擎，建造这个多方块结构可以让你产生机械动力模组所需的应力。$(br)红石灯必须激活，机器才能工作。"
    },
    {
      "type": "patchouli:multiblock",
      "multiblock_id": "mechanists_generator",
      "multiblock": {
        "pattern": [
          [
            " ) ",
            " 1 ",
            " ) "
          ],
          [
            ")*)",
            "2+0",
            "),)"
          ],
          [
            " ) ",
            " ) ",
            " ) "
          ]
        ],
        "mapping": {
          " ": "ANY",
          ")": "create:andesite_casing",
          "*": "masterfulmachinery:mechanists_default_port_botania_mana_input",
          "+": "create:shaft[axis=x]",
          ",": "masterfulmachinery:mechanists_default_port_create_rotation_output",
          "0": "masterfulmachinery:mechanists_controller[facing=south]",
          "1": "#forge:glass",
          "2": "minecraft:redstone_lamp"
        },
        "symmetrical": false,
        "offset": [
          0,
          -1,
          0
        ]
      }
    }
  ]
}