{
  "name": "下界传送门",
  "icon": "tconstruct:flint_and_bronze",
  "category": "patchouli:multiblock_structures",
  "pages": [
    {
      "type": "patchouli:spotlight",
      "item": "tconstruct:flint_and_bronze",
      "title": "下界传送门",
      "link_recipe": true,
      "text": "标准的下界传送门，你需在整合包中发展到一定阶段才能进入下界。"
    },
    {
      "type": "patchouli:multiblock",
      "multiblock_id": "nether_portal",
      "multiblock": {
        "pattern": [
          [
            "1",
            "1",
            "1",
            "1",
            "1"
          ],
          [
            "1",
            " ",
            " ",
            " ",
            "1"
          ],
          [
            "1",
            " ",
            " ",
            " ",
            "1"
          ],
          [
            "1",
            " ",
            " ",
            " ",
            "1"
          ],
          [
            "1",
            "1",
            "0",
            "1",
            "1"
          ]
        ],
        "mapping": {
          " ": "ANY",
          "0": "minecraft:obsidian",
          "1": "minecraft:obsidian"
        },
        "symmetrical": false
      }
    }
  ]
}