{
	"type": "custommachinery:custom_machine",
	"machine": "custommachinery:infuser",
	"time": 100,
	"requirements": [
		{
			"type": "custommachinery:item",
			"item": "quark:bonded_leather",
			"amount": 1,
			"mode": "input",
			"slot": "input1"
		},		
		{
			"type": "custommachinery:item",
			"item": "astralsorcery:starmetal",
			"amount": 1,
			"mode": "input",
			"slot": "input2"
		},		
		{
			"type": "custommachinery:item",
			"item": "astralsorcery:starmetal",
			"amount": 1,
			"mode": "input",
			"slot": "input3"
		},		
		{
			"type": "custommachinery:item",
			"item": "quark:bonded_leather",
			"amount": 1,
			"mode": "input",
			"slot": "input4"
		},			
		{
			"type": "custommachinery:item",
			"item": "minecraft:leather_chestplate",
			"amount": 1,
			"mode": "input",
			"slot": "input5"
		},
		{
			"type": "custommachinery:item",
			"item":"minecraft:leather_chestplate",
			"nbt":"{AS_Amulet_Holder:[I;1109753370,2103592887,-2023103023,62750564],Damage:0,AttributeModifiers:[{Slot:\"chest\",AttributeName:\"generic.max_health\",UUID:[-121530.0d,35539.0d,16285.0d,-71078.0d],Amount:-18,Name:\"generic.max_health\"},{Slot:\"chest\",AttributeName:\"generic.movement_speed\",UUID:[-121530.0d,35639.0d,16285.0d,-71278.0d],Amount:0.1d,Name:\"generic.movement_speed\"}],display:{Lore:[[{italic:0b,text:\"穿戴时会降低最大生命值，穿戴时会提供夜视和提高移动速度\"}]],Name:'[{\"text\":\"符文外套\",\"italic\":false}]'},Enchantments:[{lvl:1,id:\"protection\"}]}",
			"amount":1,
			"mode": "output",
			"chance": 1
		}
	]
}