{
    "name": "Mechanical Mixer",
    "icon": "create:mechanical_mixer",
    "category": "patchouli:create",
	"sortnum": "2",
    "pages": [
        {
			"type": "text",
			"text": "The mechanical mixer can be used to mix Items and fluids together."
        },
		{
			"type": "multiblock",
			"name": "Mechanical Mixer",
			"enable_visualize": true,
			"multiblock": {
			"pattern":[
			["m"],
			[" "],
			["0"]		
        ],
			"mapping":{
			"0": "create:basin",
			"m": "create:mechanical_mixer"
			}
		},
		"text": "$(br)The Mechanical Mixer is used to mix items and fluids in the Basin to get new different items"
		}
	]
}