{
    "name": "Mechanical Press",
    "icon": "create:mechanical_press",
    "category": "patchouli:create",
	"sortnum": "3",
    "pages": [
        {
			"type": "text",
			"text": "The mechanical press can be used to press and compact Items "
        },
		{
			"type": "multiblock",
			"name": "Mechanical Press",
			"enable_visualize": true,
			"multiblock": {
			"pattern":[
			["m"],
			[" "],
			["0"]		
        ],
			"mapping":{
			"0": "create:depot",
			"m": "create:mechanical_press"
			}
		},
		"text": "$(br)The Mechanical Press is used to press items on the depot to get new different pressed items"
		}
	]
}