{
    "name": "Blank Token",
    "icon": "skyopolis_additions:blank_token",
    "category": "patchouli:blanks",
	"sortnum": "7",
    "pages": [
        {
			"type": "spotlight",
			"item": "skyopolis_additions:blank_token",
            "text": "Resources needed:$(li)$(l:create/mixer)[Mechanical Mixer]$(/l)$(li2)x1 Bone$(li2)x3 Flint$(br2)Used to craft $(li)Tokens for other dimensions$(li2)$(l:portals/undergarden_token)[Undergarden Token]$(li2)$(l:portals/nether_token)[Nether Token]$(li2)$(l:portals/end_token)[End Token]$(/l)"
        }
		]
}