{
    "registryname": "growth_tower",
    "localizedname": "生长塔",
    "requires-blueprint": true,
    "color": "642E08",
    "parts": [
        {
            "x": 0,
            "y": 0,
            "z": 0,
            "elements": [ "modularmachinery:blockcontroller@1" ]
        },
        {
            "x": -1,
            "y": 0,
            "z": 1,
            "elements": [ "modularmachinery:blockoutputbus@0" ]
        },
        {
            "x": 0,
            "y": 2,
            "z": 2,
            "elements": [ "botania:livingwood@0" ]
        },
        {
            "x": 0,
            "y": 1,
            "z": 1,
            "elements": [ "minecraft:iron_bars@0" ]
        },
        {
            "x": 1,
            "y": 2,
            "z": 1,
            "elements": [ "botania:livingwood@0" ]
        },
        {
            "x": 0,
            "y": 0,
            "z": 1,
            "elements": [ "tconstruct:clear_glass@0" ]
        },
        {
            "x": 0,
            "y": 1,
            "z": 2,
            "elements": [ "botania:livingrock@0" ]
        },
        {
            "x": 1,
            "y": 1,
            "z": 1,
            "elements": [ "botania:livingrock@0" ]
        },
        {
            "x": 1,
            "y": 0,
            "z": 1,
            "elements": [ "modularmachinery:blockinputbus@0" ]
        },
        {
            "x": 0,
            "y": 0,
            "z": 2,
            "elements": [ "botania:livingwood@0" ]
        },
        {
            "x": -1,
            "y": 4,
            "z": 1,
            "elements": [ "botania:livingwood@0" ]
        },
        {
            "x": 0,
            "y": 4,
            "z": 0,
            "elements": [ "botania:livingwood@0" ]
        },
        {
            "x": -1,
            "y": 3,
            "z": 1,
            "elements": [ "botania:livingrock@0" ]
        },
        {
            "x": 0,
            "y": 3,
            "z": 0,
            "elements": [ "botania:livingrock@0" ]
        },
        {
            "x": -1,
            "y": 2,
            "z": 1,
            "elements": [ "botania:livingwood@0" ]
        },
        {
            "x": 0,
            "y": 4,
            "z": 2,
            "elements": [ "botania:livingwood@0" ]
        },
        {
            "x": 0,
            "y": 3,
            "z": 1,
            "elements": [ "minecraft:iron_bars@0" ]
        },
        {
            "x": 1,
            "y": 4,
            "z": 1,

            "elements": [ "modularmachinery:blockfluidinputhatch@0" ]
        },
        {
            "x": 0,
            "y": 2,
            "z": 0,
            "elements": [ "botania:livingwood@0" ]
        },
        {
            "x": -1,
            "y": 1,
            "z": 1,
            "elements": [ "botania:livingrock@0" ]
        },
        {
            "x": 0,
            "y": 3,
            "z": 2,
            "elements": [ "botania:livingrock@0" ]
        },
        {
            "x": 0,
            "y": 2,
            "z": 1,
            "elements": [ "minecraft:iron_bars@0" ]
        },
        {
            "x": 1,
            "y": 3,
            "z": 1,
            "elements": [ "botania:livingrock@0" ]
        },
        {
            "x": 0,
            "y": 1,
            "z": 0,
            "elements": [ "botania:livingrock@0" ]
        }
    ]
}
