{
	"df8uxy51thkphd51": {
		"definition": "root_mining_speed+5%",
		"x": 0,
		"y": -256,
		"root": true
	},
	"orr6tvzz41ens5hi": {
		"definition": "mining_speed+2.5%",
		"x": 128,
		"y": -96,
		"root": false
	},
	"cftp1bagik8ceuzu": {
		"definition": "mining_speed+2.5%",
		"x": 256,
		"y": -96,
		"root": false
	},
	"dris929a6pyx1fnt": {
		"definition": "mining_speed+2.5%",
		"x": 192,
		"y": -160,
		"root": false
	},
	"t28wwdkw0nrejr12": {
		"definition": "fortune+0.1",
		"x": -128,
		"y": -96,
		"root": false
	},
	"2mzhqu6bxqq7raza": {
		"definition": "fortune+0.1",
		"x": -256,
		"y": -96,
		"root": false
	},
	"r0md6cccdvdq8yrk": {
		"definition": "fortune+0.1",
		"x": -192,
		"y": -160,
		"root": false
	},
	"5677aag7t9ic8i9f": {
		"definition": "luck+0.05",
		"x": 0,
		"y": -160,
		"root": false
	},
	"bolukg411n6o60ju": {
		"definition": "luck+0.05",
		"x": -64,
		"y": -96,
		"root": false
	},
	"tsefjzcejnu5mb1j": {
		"definition": "luck+0.05",
		"x": 64,
		"y": -96,
		"root": false
	},
	"0pihegrikrrb6goj": {
		"definition": "mining_speed+2.5%",
		"x": 256,
		"y": -32,
		"root": false
	},
	"mb9hryfh6phqhd21": {
		"definition": "mining_speed+2.5%",
		"x": 256,
		"y": 32,
		"root": false
	},
	"7an2ere9zq7ae360": {
		"definition": "mining_speed+2.5%",
		"x": 128,
		"y": -32,
		"root": false
	},
	"w2uaj4x85tn0mqio": {
		"definition": "mining_speed+2.5%",
		"x": 128,
		"y": 32,
		"root": false
	},
	"1qda2e1nbabvbfsq": {
		"definition": "mining_speed+2.5%",
		"x": 192,
		"y": -96,
		"root": false
	},
	"ykfgy5cw2mfjbcjm": {
		"definition": "mining_speed+2.5%",
		"x": 128,
		"y": 96,
		"root": false
	},
	"5it8398tfrlad1o8": {
		"definition": "mining_speed+2.5%",
		"x": 256,
		"y": 96,
		"root": false
	},
	"495iui1pyyw0pdkd": {
		"definition": "mining_speed+5%",
		"x": 256,
		"y": 160,
		"root": false
	},
	"nv88j2pcg23t8hsb": {
		"definition": "mining_speed+5%",
		"x": 192,
		"y": -32,
		"root": false
	},
	"7hitt0k4wywvzcza": {
		"definition": "mining_speed+5%",
		"x": 128,
		"y": 224,
		"root": false
	},
	"mozytzwbtofnzeza": {
		"definition": "mining_speed+5%",
		"x": 256,
		"y": 224,
		"root": false
	},
	"0ay3uag4pe9nc52g": {
		"definition": "fortune+0.1",
		"x": -256,
		"y": -32,
		"root": false
	},
	"umu22lbgy54fx65x": {
		"definition": "fortune+0.1",
		"x": -256,
		"y": 32,
		"root": false
	},
	"2xv8zjf8ngsgyxh3": {
		"definition": "fortune+0.1",
		"x": -128,
		"y": 32,
		"root": false
	},
	"xt2mebglqwzqlzt3": {
		"definition": "fortune+0.1",
		"x": -256,
		"y": 96,
		"root": false
	},
	"vj9jou3d7zr6cpsi": {
		"definition": "fortune+0.1",
		"x": -192,
		"y": -96,
		"root": false
	},
	"nebn2fsghynumy4s": {
		"definition": "fortune+0.1",
		"x": -128,
		"y": -32,
		"root": false
	},
	"h4phvflxwnn4ztgq": {
		"definition": "fortune+0.1",
		"x": -128,
		"y": 96,
		"root": false
	},
	"ckstojn5scyxkliq": {
		"definition": "fortune+0.25",
		"x": -192,
		"y": -32,
		"root": false
	},
	"4bxqwfrhz0c8u8q4": {
		"definition": "fortune+0.25",
		"x": -256,
		"y": 160,
		"root": false
	},
	"920mywqi1s0zhyzp": {
		"definition": "fortune+0.25",
		"x": -128,
		"y": 160,
		"root": false
	},
	"9fq0ql8exiz9fk7f": {
		"definition": "luck+0.05",
		"x": -64,
		"y": -32,
		"root": false
	},
	"feo4ec4p7c18sr3t": {
		"definition": "luck+0.05",
		"x": -64,
		"y": 96,
		"root": false
	},
	"a6ucnqpv92a4v24a": {
		"definition": "luck+0.05",
		"x": -64,
		"y": 32,
		"root": false
	},
	"molzi9ps8kh8j3jj": {
		"definition": "luck+0.05",
		"x": 0,
		"y": -96,
		"root": false
	},
	"c1ry0l90s1yaj8zr": {
		"definition": "luck+0.05",
		"x": 64,
		"y": 96,
		"root": false
	},
	"dq01qj9vsbsnvbwx": {
		"definition": "luck+0.1",
		"x": 0,
		"y": -32,
		"root": false
	},
	"ob6rp2nhz25kyc7q": {
		"definition": "luck+0.1",
		"x": -64,
		"y": 160,
		"root": false
	},
	"ee2beyegfmnk2a9z": {
		"definition": "luck+0.1",
		"x": 64,
		"y": 160,
		"root": false
	},
	"22mr7qodw6zg5583": {
		"definition": "luck+0.05",
		"x": 64,
		"y": 32,
		"root": false
	},
	"oyvs95oaye8iuo02": {
		"definition": "luck+0.05",
		"x": 64,
		"y": -32,
		"root": false
	},
	"v29co8bf0spntjas": {
		"definition": "luck+0.1",
		"x": -64,
		"y": 224,
		"root": false
	},
	"ghupw888f5qslpmc": {
		"definition": "luck+0.1",
		"x": 64,
		"y": 224,
		"root": false
	},
	"v7kfqq3n4vgljncu": {
		"definition": "fortune+0.25",
		"x": -128,
		"y": 224,
		"root": false
	},
	"dwp3e9eclkxulc67": {
		"definition": "mining_speed+5%",
		"x": 128,
		"y": 160,
		"root": false
	},
	"o5fjdr9p4iapc2c0": {
		"definition": "fortune+0.25",
		"x": -256,
		"y": 224,
		"root": false
	}
}