{
    "name": "机械检验",
    "icon": "embers:tinker_lens",
    "category": "useful_things",
    "advancement": "heavens:bookchap3/15metals",
    "pages": [
        {
            "type": "text",
            "text": "有时，在某些设备上什么东西连接到什么地方并不十分清楚，尤其是在使用那些由$(thing)灰烬能量$()供能的设备时。矮人用一种特殊的透镜来处理这个问题，它可以方便地进行检查，简单地显示某物是否需要、提供或只是保存$(thing)物品$()、$(thing)液体$()或$(thing)灰烬能量"
        },
        {
            "type": "crafting",
            "recipe": "embers:tinker_lens",
            "title": "工匠单片眼镜"
        }
    ]
}