{
	"root_resistance+5%": {
		"title": "+10% 自然回血和 5% 护甲值",
		"description": "通过吃各种食物获得技能点！饱食度越高的食物经验越多！",
		"frame": {
			"type": "advancement",
			"data": {
				"frame": "goal"
			}
		},
		"size": 1.5,
		"icon": {
			"type": "effect",
			"data": {
				"effect": "resistance"
			}
		},
		"rewards": [
			{
				"type": "puffish_skills:attribute",
				"data": {
					"attribute": "puffish_skills:player.healing",
					"value": 0.1,
					"operation": "multiply_total"
				}
			},
			{
				"type": "puffish_skills:attribute",
				"data": {
					"attribute": "generic.armor",
					"value": 0.05,
					"operation": "multiply_base"
				}
			}
		]
	},
	"healing+25%": {
		"title": "+25% 自然回血",
		"icon": {
			"type": "effect",
			"data": {
				"effect": "saturation"
			}
		},
		"rewards": [
			{
				"type": "puffish_skills:attribute",
				"data": {
					"attribute": "puffish_skills:player.healing",
					"value": 0.25,
					"operation": "multiply_base"
				}
			}
		]
	},
	"healing+50%": {
		"title": "+50% 自然回血",
		"frame": {
			"type": "advancement",
			"data": {
				"frame": "goal"
			}
		},
		"size": 1.5,
		"icon": {
			"type": "effect",
			"data": {
				"effect": "saturation"
			}
		},
		"rewards": [
			{
				"type": "puffish_skills:attribute",
				"data": {
					"attribute": "puffish_skills:player.healing",
					"value": 0.5,
					"operation": "multiply_base"
				}
			}
		]
	},
	"armor+2.5%": {
		"title": "+2.5% 护甲值",
		"icon": {
			"type": "item",
			"data": {
				"item": "minecraft:iron_chestplate"
			}
		},
		"rewards": [
			{
				"type": "puffish_skills:attribute",
				"data": {
					"attribute": "generic.armor",
					"value": 0.025,
					"operation": "multiply_total"
				}
			}
		]
	},
	"armor+5%": {
		"title": "+5% 护甲值",
		"frame": {
			"type": "advancement",
			"data": {
				"frame": "goal"
			}
		},
		"size": 1.5,
		"icon": {
			"type": "item",
			"data": {
				"item": "immersiveengineering:armor_steel_chest"
			}
		},
		"rewards": [
			{
				"type": "puffish_skills:attribute",
				"data": {
					"attribute": "generic.armor",
					"value": 0.05,
					"operation": "multiply_total"
				}
			}
		]
	},
	"health+1": {
		"title": "+0.5 生命值",
		"icon": {
			"type": "effect",
			"data": {
				"effect": "regeneration"
			}
		},
		"rewards": [
			{
				"type": "puffish_skills:attribute",
				"data": {
					"attribute": "generic.max_health",
					"value": 1,
					"operation": "addition"
				}
			}
		]
	},
	"health+2": {
		"title": "+1 生命值",
		"frame": {
			"type": "advancement",
			"data": {
				"frame": "goal"
			}
		},
		"size": 1.5,
		"icon": {
			"type": "effect",
			"data": {
				"effect": "health_boost"
			}
		},
		"rewards": [
			{
				"type": "puffish_skills:attribute",
				"data": {
					"attribute": "generic.max_health",
					"value": 2,
					"operation": "addition"
				}
			}
		]
	}
}