{
  "name": "电脑",
  "category": "advanced_delivery",
  "icon": "delivery:computer",
  "sortnum": 1,
  "pages": [
    {
      "type": "variable_text",
      "title": "电脑",
      "text": "经验等级达到 $(#0A0)#min_computer_level#$() 时即可获得电脑的使用权限。电脑简化了接受及管理订单的操作流程。$(br2)注意，达到可获得电脑使用权限的等级后，邮箱内将不会再收到任何订单。"
    },
    {
      "type": "spotlight",
      "item": "delivery:computer",
      "text": "电脑具有网购、电子邮件及订单总览等多种功能，但需要持续为其主机面供能来维持其正常工作。"
    },
    {
      "type": "text",
      "anchor": "minternet",
      "title": "“麦马逊”程序",
      "text": "你可以在“麦联网”的支持下接入“麦马逊”—— Minecraft 世界中的头号网购寄送平台。麦马逊提供了多种多样的，随等级提升而逐步上架的商品。$(br)交付订单赚到钞票之后，你便可以在这里挥霍一把。今天下单，次日达的寄送服务即可确保你在明早就能从邮箱中取到快件。"
    },
    {
      "type": "text",
      "title": "电子邮件程序",
      "text": "你可以在该程序中查收承包商们的电子邮件，麦马逊有新品上架时，也会第一时间以电子邮件的方式通知到你。$(br)承包商的电子邮件中将包含订单的总览、需求及报酬，订单的接受工作也可以在此进行。"
    },
    {
      "type": "text",
      "title": "项目备忘程序",
      "text": "项目备忘程序接管了公告板的工作，你可以在这里总览所有正在进行中的订单并查看你的当前等级。"
    }
  ]
}