{
  "name": "能量液化机",
  "category": "advanced_delivery",
  "icon": "delivery:energy_liquifier",
  "sortnum": 1,
  "pages": [
    {
      "type": "spotlight",
      "item": "delivery:energy_liquifier",
      "title": "能量液化机",
      "text": "能量液化机可实现能量（FE 及 RF）与其流体形式的互相转化。默认的转化比率为 $(#00A)1 FE 或 RF$() 比 $(#00A)1 mB$() 液态能量。$(br)对能量有需求的订单仅接受这种流体的形式。"
    }
  ]
}