{
  "name": "什么是账户？",
  "icon": "minecraft:name_tag",
  "category": "adminshop:introduction",
  "sortnum": -1,
  "pages": [
    {
      "type": "patchouli:text",
      "text": "账户是用于存储您资金的。每次您购买或出售物品时，账户中的资金都会相应的增加或减少。一个账户由两个部分组成，即$(l)玩家名称$()和$(l)账户ID$()。例如，您的主要（个人）账户是$(playername):1。个人账户不能与其他玩家共享。但您可以创建一个新的共享账户与其他玩家共享。"
    },
    {
      "type": "patchouli:text",
      "text": "共享账户是多个玩家可以访问的账户。使用$(n)/shopAccounts createAccount$()指令创建一个共享账户。你可以单独运行该命令，不添加新成员，或者包括其他玩家的名字来添加他们到账户。例如：$(n)/shopAccounts createAccount $(playername) Friend1 Friend2$()$(br)执行此命令后，您将获得新账户的ID。"
    },
    {
      "type": "patchouli:text",
      "text": "现在你有了账户及其ID，你和其他成员应该能够通过“更改账户”按钮来更改商店/购买者/销售者的账户。请记住，账户ID将显示创建账户的玩家名字，所以如果你创建了账户，其他人会看到共享账户为$(playername):(id)。要添加更多成员到账户，使用$(n)/shopAccounts addMember (id) (newMember)$()。"
    },
    {
      "type": "patchouli:text",
      "text": "要查看其他所有的命令，请查看模组的$(l:https://github.com/AmmoniumX/AdminShopOverhauled)github$()上的README。"
    }
  ]
}