{
  "name": "购买者GUI",
  "icon": "adminshop:buyer_1",
  "category": "adminshop:introduction",
  "pages": [
    {
      "type": "patchouli:text",
      "text": "购买者会自动购买物品。它每秒会自动购买物品（数量取决于等级），并且可以通过管道提取物品。$(br)要设置物品，首先您的库存中要有该物品，然后打开GUI并点击它。该物品将会设置为购买者的目标，$(o)如果$()该物品可以购买且没有受到$(item)许可证$()的限制。"
    },
    {
      "type": "patchouli:text",
      "text": "前往下一页查看GUI描述。"
    },
    {
      "type": "patchouli:image",
      "images": [
        "adminshop:textures/gui/entries/buyergui.png"
      ],
      "text": "购买者GUI"
    },
    {
      "type": "patchouli:text",
      "text": "1: 购买者目标。显示此购买者的目标是什么，如果没有目标则显示无。$(br)2: 输出槽。购买的物品将在这输出。$(br)3: 当前银行账户。购买物品的银行账户。$(br)4: 更改账户。更改购买物品的账户。"
    }
  ]
}