{
  "name": "什么是许可证?",
  "icon": "adminshop:permit",
  "category": "adminshop:introduction",
  "sortnum": -1,
  "pages": [
    {
      "type": "patchouli:text",
      "text": "在商店中，有些物品下面会有“需要许可证级别：”字样。这意味着你需要解锁相应的 $(l)贸易许可证$()才能交易它们。贸易许可是可以赋予您在账户下购买/出售物品的权限的物品。不同的贸易许可证有不同的许可证等级。要使用贸易许可证，只需打开商店，切换到你想要解锁的账号即可。"
    },
    {
      "type": "patchouli:text",
      "text": "然后按住shift键点击贸易许可证。请注意，许可证仅解锁你选择的账号，对于其他账号你需要再制作更多的许可证。$(br)注意：许可证“0”只是默认，意味着无需许可证。"
    }
  ]
}