{
  "name": "销售者GUI",
  "icon": "adminshop:seller",
  "category": "adminshop:introduction",
  "pages": [
    {
      "type": "patchouli:image",
      "images": [
        "adminshop:textures/gui/entries/sellergui.png"
      ],
      "text": "销售者GUI"
    },
    {
      "type": "patchouli:text",
      "text": "销售者会自动出售物品。它会自动出售其中的任何物品，物品可以通过管道输入。$(br)1: 销售者槽。插入这里的物品将被出售。只有可出售的物品可以放置。$(br)2: 当前账户。显示物品出售后售卖获得的金钱到达的账户。$(br)3: 更改账户按钮。更改出售物品的账户。"
    }
  ]
}