{
  "name": "商店GUI",
  "icon": "adminshop:shop",
  "category": "adminshop:introduction",
  "pages": [
    {
      "type": "patchouli:image",
      "images": [
        "adminshop:textures/gui/entries/shopgui.png"
      ],
      "text": "这是商店方块的GUI界面。"
    },
    {
      "type": "patchouli:text",
      "text": "1: 购买/出售切换。点击以在购买和出售模式之间切换。按下的按钮显示商店当前处于哪种模式。$(br)2: 搜索框。输入物品名称以搜索它，如果商店物品太多的话。（提示：您可以滚动鼠标中键查看更多物品！）$(br)3: 账户余额。$(br)4: 购买/出售区域。点击以购买或出售物品。按Alt键购买指定数量，按Ctrl或Shift键一次购买16个，同时按两个键购买64个。"
    },
    {
      "type": "patchouli:text",
      "text": "5: 当前银行账户。显示商店当前选定的银行账户。$(br)6: 更改账户按钮。点击以更改当前选定的银行账户。$(br)7: 当您打开商店或放置销售者/购买者时，将当前账户设置为默认账户。"
    },
    {
      "type": "patchouli:image",
      "images": [
        "adminshop:textures/gui/entries/shopgui.png"
      ],
      "text": "这是商店方块的GUI界面。"
    }
  ]
}