{
  "name": "什么是官方商店？",
  "icon": "minecraft:writable_book",
  "category": "adminshop:introduction",
  "sortnum": -2,
  "pages": [
    {
      "type": "patchouli:text",
      "text": "官方商店（AdminShop）是一个模组，它允许您以固定价格从一个虚构的“市场”购买和出售物品。它可以通过共享账户让你与朋友合作。商店的物品和价格由服务器所有者或整合包包制作者设定。它$(l)不是$()一个用于玩家之间买卖物品的模组。"
    },
    {
      "type": "patchouli:text",
      "text": "有两种购买和出售物品的方式，您可以使用$(item)商店$()手动购买和出售物品，而如果您想要建立一个自动化系统，您可能需要研究$(item)购买者$()和$(item)销售者$()。"
    }
  ]
}