{
  "controllerId": "assemblylaser",
  "name": "精英组装工厂",
  "textureOverride": "pneumaticcraft:block/compressed_brick_tile",
  "ports": [
    {
      "type": "masterfulmachinery:items",
      "textureOverride": "pneumaticcraft:block/compressed_brick_tile",
      "name": "组装工厂物品",
      "id": "assembly_item",
      "data": {
        "rows": 4,
        "columns": 6
      }
    },
    {
      "type": "masterfulmachinery:pncr_pressure",
      "name": "组装工厂空气室",
      "id": "assembly_air",
      "data": {
          "volume": 5000,
          "dangerPressure": 20.0,
          "criticalPressure": 30
      }
    },
    {
      "type": "masterfulmachinery:energy",
      "name": "组装工厂能量",
      "id": "assembly_energy",
      "data": {
        "capacity": 1000000
      }
    }
  ]
}
