{
  "controllerId": "autoinfuser",
  "name": "自动复合注入器",
  "textureOverride": "create:block/shadow_steel_casing",
  "ports": [
      {
        "type": "masterfulmachinery:items",
        "textureOverride": "occultism:block/otherstone",
        "name": "自动复合注入器物品",
        "id": "compound_item",
        "data": {
          "rows": 3,
          "columns": 3
        }
      },
      {
        "type": "masterfulmachinery:fluids",
        "textureOverride": "create:block/copper_casing",
        "name": "自动复合注入器流体",
        "id": "compound_fluid",
        "data": {
          "capacity": 150000
        }
      }
    ]
  }
