{
  "controllerId": "autosmithing",
  "name": "自动锻造台",
  "textureOverride": "immersiveengineering:block/wooden_decoration/treated_wood",
  "ports": [
    {
      "type": "masterfulmachinery:items",
      "textureOverride": "immersiveengineering:block/wooden_decoration/treated_wood",
      "name": "自动锻造台物品",
      "id": "autosmithing_item",
      "data": {
        "rows": 4,
        "columns": 6
      }
    },
    {
      "type": "masterfulmachinery:energy",
      "textureOverride": "create:block/shadow_steel_casing",
      "name": "自动锻造台能量",
      "id": "autosmithing_energy",
      "data": {
        "capacity": 1000000
      }
    }
  ]
}
