{
    "controllerId": "fusioner",
    "name": "聚变堆2000",
    "textureOverride": "refinedstorage:block/creative_fluid_storage_block",
    "ports": [
      {
        "type": "masterfulmachinery:items",
        "textureOverride": "betterendforge:block/aeternium_block",
        "name": "压缩空间工厂物品",
        "id": "compact_item",
        "data": {
          "rows": 4,
          "columns": 6
        }
      },
      {
        "type": "masterfulmachinery:energy",
        "textureOverride": "betterendforge:block/aeternium_block",
        "name": "压缩空间工厂能量",
        "id": "compact_energy",
        "data": {
          "capacity": 1000000
        }
      }
    ]
  }
  