{
  "controllerId": "compactfactory",
  "name": "压缩机器工厂",
  "textureOverride": "immersiveengineering:block/metal/sheetmetal_black",
  "ports": [
    {
      "type": "masterfulmachinery:items",
      "textureOverride": "immersiveengineering:block/metal/sheetmetal_black",
      "name": "压缩工厂物品",
      "id": "compact_item",
      "data": {
        "rows": 4,
        "columns": 6
      }
    },
    {
      "type": "masterfulmachinery:energy",
      "name": "压缩工厂能量",
      "id": "compact_energy",
      "data": {
        "capacity": 1000000
      }
    }
  ]
}
