{
    "controllerId": "endlessreactor",
    "name": "无尽反应堆",
    "textureOverride": "create:block/shadow_steel_casing",
    "ports": [
      {
        "type": "masterfulmachinery:items",
        "textureOverride": "pneumaticcraft:block/compressed_brick_tile",
        "name": "无尽反应堆物品",
        "id": "endless_item",
        "data": {
          "rows": 4,
          "columns": 6
        }
      },
      {
        "type": "masterfulmachinery:pncr_pressure",
        "textureOverride": "pneumaticcraft:block/compressed_brick_tile",
        "name": "无尽反应堆空气室",
        "id": "endless_air",
        "data": {
            "volume": 5000,
            "dangerPressure": 20.0,
            "criticalPressure": 30
        }
      },
      {
        "type": "masterfulmachinery:energy",
        "textureOverride": "create:block/shadow_steel_casing",
        "name": "无尽反应堆能量",
        "id": "endless_energy",
        "data": {
          "capacity": 1000000000
        }
      },
      {
        "type": "masterfulmachinery:fluids",
        "textureOverride": "pneumaticcraft:block/compressed_brick_tile",
        "name": "无尽反应堆流体",
        "id": "endless_fluid",
        "data": {
          "capacity": 150000
        }
      },
      {
        "type": "masterfulmachinery:create_rotation",
        "textureOverride": "pneumaticcraft:block/compressed_brick_tile",
        "name": "无尽反应堆速度",
        "id": "endless_speed",
        "data": {
          "stress": 1000
        }
      },
      {
          "type": "masterfulmachinery:mekanism_gas",
          "textureOverride": "pneumaticcraft:block/compressed_brick_tile",
          "name": "无尽反应堆气体",
          "id": "endless_gas",
          "data": {
              "capacity": 100000
          }
      }
    ]
  }
