{
    "controllerId": "nuclearwaste",
    "name": "核废料处理厂",
    "textureOverride": "create:block/shadow_steel_casing",
    "ports": [
      {
        "type": "masterfulmachinery:items",
        "textureOverride": "pneumaticcraft:block/compressed_brick_tile",
        "name": "核废料处理厂物品",
        "id": "nuclearwaste_item",
        "data": {
          "rows": 4,
          "columns": 6
        }
      },
      {
        "type": "masterfulmachinery:energy",
        "textureOverride": "create:block/shadow_steel_casing",
        "name": "核废料处理厂能量",
        "id": "nuclearwaste_energy",
        "data": {
          "capacity": 1000000
        }
      },
      {
        "type": "masterfulmachinery:fluids",
        "textureOverride": "pneumaticcraft:block/compressed_brick_tile",
        "name": "核废料处理厂流体",
        "id": "nuclearwaste_fluid",
        "data": {
          "capacity": 150000
        }
      },
      {
          "type": "masterfulmachinery:mekanism_gas",
          "textureOverride": "pneumaticcraft:block/compressed_brick_tile",
          "name": "核废料处理厂气体",
          "id": "nuclearwaste_gas",
          "data": {
              "capacity": 100000
          }
      }
    ]
  }
