{
    "name": "高级桶",
    "icon": "kubejs:db_advanced_barrel",
    "category": "patchouli:cm_category",
    "sortnum": 3,
    "pages": [
        {
            "type": "patchouli:spotlight",
            "item": "kubejs:db_advanced_barrel",
            "title": "高级桶",
            "text": "高级桶可以用石头制造熔岩。需要某个热源方块才能工作:$(li)营火$(li)熔岩$(li)铀块$(li)发热元件$(li)火$(br)可以升级到3等，升级类型为：floppers"
        },
        {
            "type": "patchouli:multiblock",
            "multiblock": {
                "pattern": [
                    ["0"],
                    ["h"]
                ],
                "mapping": {
                    "0": "#kubejs:advanced_barrel",
                    "h": "#kubejs:heat_sources"
                }
            },
            "enable_visualize": true
        }
    ]
}