{
    "name": "合金混合器",
    "icon": "kubejs:db_alloy_mixer",
    "category": "patchouli:cm_category",
    "sortnum": 4,
    "pages": [
        {
            "type": "patchouli:spotlight",
            "item": "kubejs:db_alloy_mixer",
            "title": "合金混合器",
            "text": "合金混合器可用于混合2种流体和一种物品以形成新的流体.$(br)不同的可升级方块，从最差到最好，青铜快，康铜块，机器框架和下界合金块。"
        },
        {
            "type": "patchouli:multiblock",
            "multiblock": {
                "pattern": [
                    ["0"]
                ],
                "mapping": {
                    "0": "kubejs:db_alloy_mixer"
                }
            },
            "enable_visualize": false
        }
    ]
}