{
    "name": "基础桶",
    "icon": "kubejs:db_basic_barrel",
    "category": "patchouli:cm_category",
    "sortnum": 1,
    "pages": [
        {
            "type": "patchouli:spotlight",
            "item": "kubejs:db_basic_barrel",
            "title": "基础桶",
            "text": "基础桶可以用来树苗和树叶来制造水,可以用木桶右键点击基础桶来取水。$(br)可以升级到3等，升级类型为：floppers"
        },
        {
            "type": "patchouli:multiblock",
            "multiblock": {
                "pattern": [
                    ["0"]
                ],
                "mapping": {
                    "0": "kubejs:db_basic_barrel"
                }
            },
            "enable_visualize": false
        }
    ]
}