{
    "name": "基岩灌注机",
    "icon": "kubejs:db_bedrock_infuser",
    "category": "patchouli:cm_category",
    "sortnum": 10,
    "pages": [
        {
            "type": "patchouli:spotlight",
            "item": "kubejs:db_bedrock_infuser",
            "title": "Bedrock Infuser",
            "text": "基岩灌注器可用于获取基岩碎片"
        },
        {
            "type": "patchouli:multiblock",
            "multiblock": {
                "pattern": [
                    ["0"],
                    ["B"]
                    
                ],
                "mapping": {
                    "B": "minecraft:bedrock",
                    "0": "kubejs:db_bedrock_infuser"
                }
            },
            "enable_visualize": false
        }
    ]
}