{
    "name": "龙之灌注器",
    "icon": "kubejs:db_dragon_infuser",
    "category": "patchouli:cm_category",
    "sortnum": 11,
    "pages": [
        {
            "type": "patchouli:spotlight",
            "item": "kubejs:db_dragon_infuser",
            "title": "龙之灌注器",
            "text": "龙之灌注器可以用来获得几个物品,例如 $(bold)龙头$() 和 $(bold)龙息$()$(br2)需要 x4 末影水晶，半径为 5 个方块"
        },
        {
            "type": "patchouli:multiblock",
            "multiblock": {
                "pattern": [
                    ["O   O","     ","  D  ","     ","O   O"],
                    ["O   O","     ","  0  ","     ","O   O"]
                    
                ],
                "mapping": {
                    "O": "minecraft:obsidian",
                    "0": "#kubejs:dragon_infuser",
                    "D": "minecraft:dragon_head"
                }
            },
            "enable_visualize": true
        }
    ]
}