{
    "name": "侵蚀器",
    "icon": "kubejs:db_eroder",
    "category": "patchouli:cm_category",
    "sortnum": 2,
    "pages": [
        {
            "type": "patchouli:spotlight",
            "item": "kubejs:db_eroder",
            "title": "侵蚀器",
            "text": "侵蚀器用于用锭制成粉以及许多其他物品。$(br)它需要位于3x3水源的中间，如多方块所示"
        },
        {
            "type": "patchouli:multiblock",
            "multiblock": {
                "pattern": [
                    ["www","w0w","www"]
                ],
                "mapping": {
                    "0": "#kubejs:eroder",
                    "w": "minecraft:water"
                }
            },
            "enable_visualize": true
        }
    ]
}