{
    "name": "万能组合机",
    "icon": "caveopolis:ultimate_shard",
    "category": "patchouli:cm_category",
    "sortnum": 11,
    "pages": [
        {
            "type": "patchouli:spotlight",
            "item": "caveopolis:color_crystal",
            "title": "万能组合机",
            "text": "用来将大量的物品合并成一个，使用大量的电力!$(br2)[WIP]"
        },
        {
            "type": "patchouli:multiblock",
            "multiblock": {
                "pattern": [
                    ["0"]
                ],
                "mapping": {
                    "0": "custommachinery:custom_machine_block"
                }
            },
            "enable_visualize": false
        }
    ]
}