{
    "name": "碎片合成器",
    "icon": "kubejs:db_fragment_combiner",
    "category": "patchouli:cm_category",
    "sortnum": 6,
    "pages": [
        {
            "type": "patchouli:spotlight",
            "item": "kubejs:db_fragment_combiner",
            "title": "碎片合成器",
            "text": "可用于将碎片组合成更有用的物品.$(br)不同的可升级方块，从最差到最好，青铜快，康铜块，机器框架和下界合金块。"
        },
        {
            "type": "patchouli:multiblock",
            "multiblock": {
                "pattern": [
                    ["0"]
                ],
                "mapping": {
                    "0": "kubejs:db_fragment_combiner"
                }
            },
            "enable_visualize": false
        }
    ]
}