{
    "name": "矿物提炼机",
    "icon": "kubejs:db_ore_extractor",
    "category": "patchouli:cm_category",
    "sortnum": 5,
    "pages": [
        {
            "type": "patchouli:spotlight",
            "item": "kubejs:db_ore_extractor",
            "title": "矿物提炼机",
            "text": "矿物质水通过管道输送到矿石提炼机,可以制造随机矿石碎片.$(br)不同的可升级方块，从最差到最好，青铜快，康铜块，机器框架和下界合金块。"
        },
        {
            "type": "patchouli:multiblock",
            "multiblock": {
                "pattern": [
                    ["0"]
                ],
                "mapping": {
                    "0": "kubejs:db_ore_extractor"
                }
            },
            "enable_visualize": false
        }
    ]
}