{
    "name": "有机生成者",
    "icon": "kubejs:db_organic_producer",
    "category": "patchouli:cm_category",
    "sortnum": 7,
    "pages": [
        {
            "type": "patchouli:spotlight",
            "item": "kubejs:db_organic_producer",
            "title": "有机生成者",
            "text": "有机生成者可以用来制作植物、树苗和种子"
        },
        {
            "type": "patchouli:multiblock",
            "multiblock": {
                "pattern": [
                    ["0"]
                ],
                "mapping": {
                    "0": "kubejs:db_organic_producer"
                }
            },
            "enable_visualize": false
        }
    ]
}