{
    "name": "水发电机",
    "icon": "kubejs:db_water_generator",
    "category": "patchouli:cm_category",
    "sortnum": 8,
    "pages": [
        {
            "type": "patchouli:spotlight",
            "item": "kubejs:db_water_generator",
            "title": "水发电机",
            "text": "水发电机可以将水转化为电力"
        },
        {
            "type": "patchouli:multiblock",
            "multiblock": {
                "pattern": [
                    ["0"]
                ],
                "mapping": {
                    "0": "kubejs:db_water_generator"
                }
            },
            "enable_visualize": false
        }
    ]
}