{
    "images":
    {
        "enigmatica2":
        {
            "image" : "modpack:textures/gui/enigmatica2.png",
            "posX" : -130,
            "posY" : 15,
            "width" : 400,
            "height" : 75,
            "alignment" : "top_center"
        },
		"expert":
        {
            "image" : "modpack:textures/gui/expert.png",
            "posX" : -15,
            "posY" : 90,
            "width" : 200,
            "height" : 40,
            "alignment" : "top_center"
        },
		"2":
        {
            "image" : "modpack:textures/gui/2.png",
            "posX" : 265,
            "posY" : 35,
            "width" : 50,
            "height" : 50,
            "alignment" : "top_center"
        },
		
		"transparentBox":
        {
            "image" : "modpack:textures/gui/image1.png",
            "posX" : 25,
            "posY" : -140,
            "width" : 140,
            "height" : 280,
            "alignment" : "left_center"
        }
    },
    
    "buttons":
    {
		"singleplayer": {
            "text": "menu.singleplayer",
            "posX": 44,
            "posY": -130,
            "width": 100,
            "height": 20,
            "normalTextColor": 16777215,
            "hoverTextColor": 4286414205,
            "texture": "modpack:textures/gui/button2.png",
            "alignment": "left_center",
            "action": {
                "type": "openGui",
                "gui": "singleplayer"
            }
        },
        "multiplayer": {
            "text": "menu.multiplayer",
            "posX": 44,
            "posY": -100,
            "width": 100,
            "height": 20,
            "normalTextColor": 16777215,
            "hoverTextColor": 4286414205,
            "texture": "modpack:textures/gui/button2.png",
            "alignment": "left_center",
            "action": {
                "type": "openGui",
                "gui": "multiplayer"
            }
        },
        "servers": {
            "text": "custommainmenu.servers.text",
			"hoverText": "BisectHosting",
            "posX": 44,
            "posY": -70,
            "width": 100,
            "height": 20,
            "normalTextColor": 16777215,
            "hoverTextColor": 16777215,
            "texture": "modpack:textures/gui/button2.png",
            "alignment": "left_center",
            "action": {
                "type": "openLink",
                "link": "https://www.bisecthosting.com/niller"
            }
        },
        "mods": {
            "text": "fml.menu.mods",
            "posX": 44,
            "posY": -40,
            "width": 100,
            "height": 20,
            "normalTextColor": 16777215,
            "hoverTextColor": 4286414205,
            "texture": "modpack:textures/gui/button2.png",
            "alignment": "left_center",
            "action": {
                "type": "openGui",
                "gui": "mods"
            }
        },
        "options": {
            "text": "menu.options",
            "posX": 44,
            "posY": -10,
            "width": 100,
            "height": 20,
            "normalTextColor": 16777215,
            "hoverTextColor": 4286414205,
            "texture": "modpack:textures/gui/button2.png",
            "alignment": "left_center",
            "action": {
                "type": "openGui",
                "gui": "options"
            }
        },
        
        "languages": {
            "text": "custommainmenu.languages.text",
            "posX": 44,
            "posY": 20,
            "width": 100,
            "height": 20,
            "normalTextColor": 16777215,
            "hoverTextColor": 4286414205,
            "texture": "modpack:textures/gui/button2.png",
            "alignment": "left_center",
            "action": {
                "type": "openGui",
                "gui": "languages"
            }
        },
        "bug reports": {
            "text": "custommainmenu.bug_reports.text",
            "posX": 44,
            "posY": 50,
            "width": 100,
            "height": 20,
            "normalTextColor": 16777215,
            "hoverTextColor": 4286414205,
            "texture": "modpack:textures/gui/button2.png",
            "alignment": "left_center",
            "action": {
                "type": "openLink",
                "link": "https://github.com/NillerMedDild/Enigmatica2Expert/issues"
            }
        },
		"discord": {
            "text": "Discord",
            "posX": 44,
            "posY": 80,
            "width": 100,
            "height": 20,
            "normalTextColor": 16777215,
            "hoverTextColor": 4286414205,
            "texture": "modpack:textures/gui/button2.png",
            "alignment": "left_center",
            "action" : 
            {
                "type" : "openLink",
                "link" : "https://discord.gg/HnWNd7X"
            }
        },
        "quit": {
            "text": "menu.quit",
            "posX": 44,
            "posY": 110,
            "width": 100,
            "height": 20,
            "normalTextColor": 16777215,
            "hoverTextColor": 4286414205,
            "texture": "modpack:textures/gui/button2.png",
            "alignment": "left_center",
            "action": {
                "type": "quit"
            }
        }		
	},
    
    "labels":
    {
        "mojang":
        {
            "text" : "Copyright Mojang AB. Do not distribute!",
            "posX" : 8,
            "posY" : -15,
            "color" : -1,
            "alignment" : "bottom_left"
        }
	},
    
    "other" : { 
	
		"background" : 
        {
            "image" : "",
            "slideshow" :
            {
                "images" : 
				[
				"modpack:textures/gui/slideshow1.png","modpack:textures/gui/slideshow2.png",
				"modpack:textures/gui/slideshow3.png","modpack:textures/gui/slideshow4.png",
				"modpack:textures/gui/slideshow5.png","modpack:textures/gui/slideshow6.png",
				"modpack:textures/gui/slideshow7.png","modpack:textures/gui/slideshow8.png",
				"modpack:textures/gui/slideshow9.png","modpack:textures/gui/slideshow10.png",
				"modpack:textures/gui/slideshow11.png","modpack:textures/gui/slideshow12.png",
				"modpack:textures/gui/slideshow13.png","modpack:textures/gui/slideshow14.png",
				"modpack:textures/gui/slideshow15.png","modpack:textures/gui/slideshow16.png",
				"modpack:textures/gui/slideshow17.png","modpack:textures/gui/slideshow18.png",
				"modpack:textures/gui/slideshow19.png","modpack:textures/gui/slideshow20.png",
				"modpack:textures/gui/slideshow21.png"
				],
                "displayDuration" : 100,
                "fadeDuration" : 30,
				"shuffle" : true
            }
		}
		
	}
}
