{
    "name": "食物!",
    "icon": "caveopolis:moss_ball",
    "category": "patchouli:misc_category",
    "sortnum": 1,
    "pages": [
        {
            "type": "patchouli:spotlight",
            "item": "caveopolis:moss_ball",
            "title": "食物 !",
            "text": "你饿了吗 ?... 不用担心我们有你 ! $(li)介绍: 苔藓球 $(br)...奈斯.$(br2)使用烹饪台，您可以制作定制三明治和或定制汤！你可以随心所欲地命名它们"
        },
        {
            "type": "patchouli:multiblock",
            "multiblock": {
                "pattern": [
                    ["0"]
                ],
                "mapping": {
                    "0": "culinaryconstruct:culinary_station"
                }
            },
            "enable_visualize": false
        }
    ]
}