{
	"name": "镶框抽屉",
	"icon": "framedcompactdrawers:framed_compact_drawer",
	"category": "patchouli:misc_category",
	"sortnum": 3,
	"pages": [
		{
			"type": "patchouli:spotlight",
			"item": "framedcompactdrawers:framed_compact_drawer",
			"title": "镶框抽屉",
			"text": "镶框抽屉几乎可以和您能想到的任何物品组合"
		},
		{
			"type": "patchouli:image",
			"images": [
			"kubejs:textures/book/framed_drawers.png"
			],
			"title": "Framed Drawers",
			"border": false,
			"text": ""
		}
    ]
}