{
    "name": "更好的管道",
    "icon": "prettypipes:pipe",
    "category": "patchouli:misc_category",
    "sortnum": 2,
    "pages": [
        {
            "type": "patchouli:spotlight",
            "item": "prettypipes:pipe",
            "title": "更好的管道",
            "text": "更好的管道至少需要2根管道才能将物品从一个地方移动到另一个地方, 一个管道与提取器升级会不起作用！"
        },
        {
            "type": "patchouli:multiblock",
            "multiblock": {
                "pattern": [
                    ["0"]
                ],
                "mapping": {
                    "0": "prettypipes:pipe"
                }
            },
            "enable_visualize": false
        }
    ]
}