{
  "name": "魔法刷怪笼",
  "appearance": {
    "lightmode": "running",
    "lightlevel": 7
  },
  "gui": [
    {
      "texture": "custommachinery:textures/gui/base_background.png",
      "x": 0,
      "y": 0,
      "type": "custommachinery:texture"
    },
    {
      "x": 47,
      "y": 80,
      "type": "custommachinery:player_inventory"
    },
    {
      "id": "input",
      "x": 67,
      "y": 30,
      "type": "custommachinery:slot"
    },
    {
      "x": 116,
      "y": 30,
      "type": "custommachinery:progress"
    },
    {
      "x": 236,
      "y": 5,
      "type": "custommachinery:status"
    },
    {
      "text": "魔法刷怪笼",
      "x": 7,
      "y": 5,
      "type": "custommachinery:text"
    }
  ],
  "components": [
    {
      "id": "input",
      "mode": "input",
      "type": "custommachinery:item"
    }
  ]
}