{
    "name": "基岩",
    "icon": "minecraft:bedrock",
    "category": "patchouli:wg_category",
    "sortnum": 26,
    "pages": [
        {
            "type": "patchouli:spotlight",
            "item": "minecraft:bedrock",
            "text": "$(bold)Bottom of the World"
        },
        {
            "type": "patchouli:multiblock",
            "multiblock": {
                "pattern": [
                    ["0"]
                ],
                "mapping": {
                    "0": "minecraft:bedrock"
                }
            },
            "enable_visualize": false
        }
    ]
}