{
    "name": "带颜色的石头",
    "icon": "caveopolis:white_colored_stone",
    "category": "patchouli:wg_category",
    "sortnum": 2,
    "pages": [
        {
            "type": "patchouli:spotlight",
            "item": "caveopolis:white_colored_stone",
            "text": "$(bold)Various different colored stone$(br2)生成区间: $(li) Y: 115 -> 162"
        },
        {
            "type": "patchouli:multiblock",
            "multiblock": {
                "pattern": [
                    ["0"]
                ],
                "mapping": {
                    "0": "caveopolis:white_colored_stone"
                }
            },
            "enable_visualize": false
        }
    ]
        
}