{
    "name": "花岗岩",
    "icon": "minecraft:granite",
    "category": "patchouli:wg_category",
    "sortnum": 8,
    "pages": [
        {
            "type": "patchouli:spotlight",
            "item": "minecraft:granite",
            "text": "$(bold)生成区间: $(li)Y: 70 -> 74"
        },
        {
            "type": "patchouli:multiblock",
            "multiblock": {
                "pattern": [
                    ["0"]
                ],
                "mapping": {
                    "0": "minecraft:granite"
                }
            },
            "enable_visualize": false
        }
    ]
}