{
    "name": "下界砖块",
    "icon": "minecraft:nether_bricks",
    "category": "patchouli:wg_category",
    "sortnum": 22,
    "pages": [
        {
            "type": "patchouli:spotlight",
            "item": "minecraft:nether_bricks",
            "text": "$(bold)生成区间: $(li)Y: -30 -> -26"
        },
        {
            "type": "patchouli:multiblock",
            "multiblock": {
                "pattern": [
                    ["0"]
                ],
                "mapping": {
                    "0": "minecraft:nether_bricks"
                }
            },
            "enable_visualize": false
        }
    ]
}