{
    "name": "红色油砂",
    "icon": "thermal:oil_red_sand",
    "category": "patchouli:wg_category",
    "sortnum": 16,
    "pages": [
        {
            "type": "patchouli:spotlight",
            "item": "thermal:oil_red_sand",
            "text": "$(bold)生成区间: $(li)Y: 15 -> 19"
        },
        {
            "type": "patchouli:multiblock",
            "multiblock": {
                "pattern": [
                    ["0"]
                ],
                "mapping": {
                    "0": "thermal:oil_red_sand"
                }
            },
            "enable_visualize": false
        }
    ]
}