{
    "name": "红沙",
    "icon": "minecraft:red_sand",
    "category": "patchouli:wg_category",
    "sortnum": 15,
    "pages": [
        {
            "type": "patchouli:spotlight",
            "item": "minecraft:red_sand",
            "text": "$(bold)生成区间: $(li)Y: 20 -> 24"
        },
        {
            "type": "patchouli:multiblock",
            "multiblock": {
                "pattern": [
                    ["0"]
                ],
                "mapping": {
                    "0": "minecraft:red_sand"
                }
            },
            "enable_visualize": false
        }
    ]
}