{
    "name": "顶层岩",
    "icon": "caveopolis:toprock",
    "category": "patchouli:wg_category",
    "sortnum": 1,
    "pages": [
        {
            "type": "patchouli:spotlight",
            "item": "caveopolis:toprock",
            "text": "$(bold)生成区间: $(li) Y: 163 -> 169"
        },
        {
            "type": "patchouli:multiblock",
            "multiblock": {
                "pattern": [
                    ["0"]
                ],
                "mapping": {
                    "0": "caveopolis:toprock"
                }
            },
            "enable_visualize": false
        }
    ]
}