{
  "build:8": "3.5.293",
  "format:8": "2.0.0",
  "questDatabase:9": {
    "0:10": {
      "questID:3": 0,
      "preRequisites:11": [],
      "properties:10": {
        "betterquesting:10": {
          "issilent:1": 0,
          "snd_complete:8": "minecraft:cadet1",
          "lockedprogress:1": 0,
          "tasklogic:8": "AND",
          "repeattime:3": 10,
          "visibility:8": "ALWAYS",
          "simultaneous:1": 0,
          "icon:10": {
            "id:8": "questbook:itemquestbook",
            "Count:3": 1,
            "Damage:2": 0,
            "OreDict:8": ""
          },
          "globalshare:1": 0,
          "questlogic:8": "AND",
          "partysinglereward:1": 0,
          "snd_update:8": "minecraft:entity.player.levelup",
          "autoclaim:1": 0,
          "ismain:1": 1,
          "name:8": "你竟然还活着?!",
          "desc:8": "新晋实习生你好!恭喜你,因为你的丰富知识和工程技术,你被选中参与量产计划!\n我们,叫什么来着....哦对,银河空间委员会,花费了相当大的代价,把你的身体送到了遥远的星球,这星球具体有...emmm,我们不太确定:(\n但是我们所知道的是,我们将需要大量的资源,以便让能让你在你还活着的时候建造一艘能将我们带到你那去的飞船.\n把这当做一个耐力测试!如果你成功的完成了所有任务,我们就能知道你在哪.坦白地说,你那里比我们这里好多了,我们这几乎没有资源了.\n行动吧,骚年!去给我们找一些含碳的有机物并且用你的任务书扫描它!\n之后,我们就会传输给你一些科学技术供你使用,并且能够收集我们需要你收集的所有物品.\n\n完成此任务,将授予你访问以下技术的权限:\n§6§5盆栽(Bonsai Trees)\n子沙(snad)\n夸克(Quark)\n夸克的物品管道\n\n§l§e请注意,如果你是在服务器游玩,所有玩家都必须完成此任务才能解锁阶段.因此,此任务可以重复完成,以免有人在后面加♂入团队.\n\n§4所有任务在每个阶段都有使其自动化的方法,没有必要用手开采1600个圆石:)\n"
        }
      },
      "tasks:9": {
        "0:10": {
          "partialMatch:1": 1,
          "autoConsume:1": 0,
          "groupDetect:1": 0,
          "ignoreNBT:1": 0,
          "index:3": 0,
          "consume:1": 1,
          "requiredItems:9": {
            "0:10": {
              "id:8": "minecraft:log",
              "Count:3": 1,
              "OreDict:8": "logWood",
              "Damage:3": 0
            }
          },
          "taskID:8": "bq_standard:retrieval"
        }
      },
      "rewards:9": {
        "0:10": {
          "hideCommand:1": 1,
          "rewardID:8": "bq_standard:command",
          "viaPlayer:1": 0,
          "index:3": 0,
          "command:8": "/gamestage add @p stage1"
        },
        "1:10": {
          "rewardID:8": "bq_standard:item",
          "index:3": 1,
          "rewards:9": {
            "0:10": {
              "id:8": "betterquesting:submit_station",
              "Count:3": 1,
              "OreDict:8": "",
              "Damage:3": 0
            },
            "1:10": {
              "id:8": "minecraft:melon_seeds",
              "Count:3": 16,
              "OreDict:8": "",
              "Damage:3": 0
            },
            "2:10": {
              "id:8": "quark:iron_rod",
              "Count:3": 1,
              "OreDict:8": "",
              "Damage:3": 0
            }
          }
        }
      }
    },
    "1:10": {
      "questID:3": 1,
      "preRequisites:11": [
        0
      ],
      "properties:10": {
        "betterquesting:10": {
          "issilent:1": 0,
          "snd_complete:8": "minecraft:cadet2",
          "lockedprogress:1": 0,
          "tasklogic:8": "AND",
          "repeattime:3": -1,
          "simultaneous:1": 0,
          "icon:10": {
            "id:8": "minecraft:coal",
            "Count:3": 1,
            "Damage:2": 1,
            "OreDict:8": ""
          },
          "globalshare:1": 0,
          "questlogic:8": "AND",
          "partysinglereward:1": 0,
          "snd_update:8": "minecraft:entity.player.levelup",
          "autoclaim:1": 0,
          "ismain:1": 0,
          "name:8": "一个基础的碳基燃料",
          "desc:8": "我们需要燃料,大量的燃料.收集所需的数量并交给我们,我们将自动压缩它并为我们的火箭生产做准备."
        }
      },
      "tasks:9": {
        "0:10": {
          "partialMatch:1": 1,
          "autoConsume:1": 0,
          "groupDetect:1": 0,
          "ignoreNBT:1": 0,
          "index:3": 0,
          "consume:1": 1,
          "requiredItems:9": {
            "0:10": {
              "id:8": "minecraft:coal",
              "Count:3": 900,
              "OreDict:8": "",
              "Damage:3": 1
            }
          },
          "taskID:8": "bq_standard:retrieval"
        }
      },
      "rewards:9": {}
    },
    "2:10": {
      "questID:3": 2,
      "preRequisites:11": [
        0
      ],
      "properties:10": {
        "betterquesting:10": {
          "issilent:1": 0,
          "snd_complete:8": "minecraft:cadet2",
          "lockedprogress:1": 0,
          "tasklogic:8": "AND",
          "repeattime:3": -1,
          "simultaneous:1": 0,
          "icon:10": {
            "id:8": "minecraft:cactus",
            "Count:3": 1,
            "Damage:2": 0,
            "OreDict:8": ""
          },
          "globalshare:1": 0,
          "questlogic:8": "AND",
          "partysinglereward:1": 0,
          "snd_update:8": "minecraft:entity.player.levelup",
          "autoclaim:1": 0,
          "ismain:1": 0,
          "name:8": "绿色,所有东西都要是绿色的!",
          "desc:8": "§a绿色是银河空间委员会的官方颜色,如果你的星球没有绿色,那这个星球就该灭亡!\n我们不能生活在一个没有绿色的世界!所以你得找到一些绿色的东西,我们会用它来画出所有东西!"
        }
      },
      "tasks:9": {
        "0:10": {
          "partialMatch:1": 1,
          "autoConsume:1": 0,
          "groupDetect:1": 0,
          "ignoreNBT:1": 0,
          "index:3": 0,
          "consume:1": 1,
          "requiredItems:9": {
            "0:10": {
              "id:8": "minecraft:dye",
              "Count:3": 640,
              "OreDict:8": "",
              "Damage:3": 2
            }
          },
          "taskID:8": "bq_standard:retrieval"
        }
      },
      "rewards:9": {}
    },
    "3:10": {
      "questID:3": 3,
      "preRequisites:11": [
        0
      ],
      "properties:10": {
        "betterquesting:10": {
          "issilent:1": 0,
          "snd_complete:8": "minecraft:cadet2",
          "lockedprogress:1": 0,
          "tasklogic:8": "AND",
          "repeattime:3": -1,
          "simultaneous:1": 0,
          "icon:10": {
            "id:8": "minecraft:cobblestone",
            "Count:3": 1,
            "Damage:2": 0,
            "OreDict:8": ""
          },
          "globalshare:1": 0,
          "questlogic:8": "AND",
          "partysinglereward:1": 0,
          "snd_update:8": "minecraft:entity.player.levelup",
          "autoclaim:1": 0,
          "ismain:1": 0,
          "name:8": "它结实吗?",
          "desc:8": "银河空间委员会需要建立一个坚实的基地.这个基地要足以支撑我们所有基础的大型设施.\n给我们找些硬物,足以让我们搭建20个9平方米的平台,对,还是为了火箭."
        }
      },
      "tasks:9": {
        "0:10": {
          "partialMatch:1": 1,
          "autoConsume:1": 0,
          "groupDetect:1": 0,
          "ignoreNBT:1": 0,
          "index:3": 0,
          "consume:1": 1,
          "requiredItems:9": {
            "0:10": {
              "id:8": "minecraft:cobblestone",
              "Count:3": 1620,
              "OreDict:8": "",
              "Damage:3": 0
            }
          },
          "taskID:8": "bq_standard:retrieval"
        }
      },
      "rewards:9": {}
    },
    "4:10": {
      "questID:3": 4,
      "preRequisites:11": [
        0
      ],
      "properties:10": {
        "betterquesting:10": {
          "issilent:1": 0,
          "snd_complete:8": "minecraft:cadet2",
          "lockedprogress:1": 0,
          "tasklogic:8": "AND",
          "repeattime:3": -1,
          "simultaneous:1": 0,
          "icon:10": {
            "id:8": "minecraft:sugar",
            "Count:3": 1,
            "Damage:2": 0,
            "OreDict:8": ""
          },
          "globalshare:1": 0,
          "questlogic:8": "AND",
          "partysinglereward:1": 0,
          "snd_update:8": "minecraft:entity.player.levelup",
          "autoclaim:1": 0,
          "ismain:1": 0,
          "name:8": "身体的燃料!",
          "desc:8": "这可能是一段很长时间的旅行,不仅飞船需要燃料,我们人也要.\n在这个星球上找到一些葡萄糖,我们会将它制作成小立方体的糖."
        }
      },
      "tasks:9": {
        "0:10": {
          "partialMatch:1": 1,
          "autoConsume:1": 0,
          "groupDetect:1": 0,
          "ignoreNBT:1": 0,
          "index:3": 0,
          "consume:1": 1,
          "requiredItems:9": {
            "0:10": {
              "id:8": "minecraft:reeds",
              "Count:3": 640,
              "OreDict:8": "",
              "Damage:3": 0
            }
          },
          "taskID:8": "bq_standard:retrieval"
        }
      },
      "rewards:9": {}
    },
    "5:10": {
      "questID:3": 5,
      "preRequisites:11": [
        0
      ],
      "properties:10": {
        "betterquesting:10": {
          "issilent:1": 0,
          "snd_complete:8": "minecraft:cadet2",
          "lockedprogress:1": 0,
          "tasklogic:8": "AND",
          "repeattime:3": -1,
          "simultaneous:1": 0,
          "icon:10": {
            "id:8": "minecraft:melon_block",
            "Count:3": 1,
            "Damage:2": 0,
            "OreDict:8": ""
          },
          "globalshare:1": 0,
          "questlogic:8": "AND",
          "partysinglereward:1": 0,
          "snd_update:8": "minecraft:entity.player.levelup",
          "autoclaim:1": 0,
          "ismain:1": 0,
          "name:8": "西瓜浴!",
          "desc:8": "在你的裤子后面的口袋藏着一些西瓜种子.\n对我们来说,这个种子一定要种植!如果没有西瓜汁液来沐浴我们的身体,我们会生存不下去的!乌拉!:("
        }
      },
      "tasks:9": {
        "0:10": {
          "partialMatch:1": 1,
          "autoConsume:1": 0,
          "groupDetect:1": 0,
          "ignoreNBT:1": 0,
          "index:3": 0,
          "consume:1": 1,
          "requiredItems:9": {
            "0:10": {
              "id:8": "minecraft:melon",
              "Count:3": 240,
              "OreDict:8": "",
              "Damage:3": 0
            }
          },
          "taskID:8": "bq_standard:retrieval"
        }
      },
      "rewards:9": {}
    },
    "6:10": {
      "questID:3": 6,
      "preRequisites:11": [
        1,
        2,
        3,
        4,
        5
      ],
      "properties:10": {
        "betterquesting:10": {
          "issilent:1": 0,
          "snd_complete:8": "minecraft:cadet3",
          "lockedprogress:1": 0,
          "tasklogic:8": "AND",
          "repeattime:3": 10,
          "simultaneous:1": 0,
          "icon:10": {
            "id:8": "immersiveengineering:tool",
            "Count:3": 1,
            "Damage:2": 0,
            "OreDict:8": ""
          },
          "globalshare:1": 0,
          "questlogic:8": "AND",
          "partysinglereward:1": 0,
          "snd_update:8": "minecraft:entity.player.levelup",
          "autoclaim:1": 0,
          "ismain:1": 1,
          "name:8": "基本生活",
          "desc:8": "你做到了!你已经向我们证明,你来到的星球有生存下去的基本要求.\n不幸的...幸运的是,我们不能满足于生存,我们要繁荣昌盛!\n\n在此,我们会将你提升到下士!\n\n§1§9除了你的职位上升,我们还将授予你以下技术:\n\n§5沉浸工程(Immersive Engineering)\n建筑(buildcraft)\n林业(forestry)\n建筑小帮手(Building Gadgets)\n储物桶(YABBA)"
        }
      },
      "tasks:9": {
        "0:10": {
          "index:3": 0,
          "taskID:8": "bq_standard:checkbox"
        }
      },
      "rewards:9": {
        "0:10": {
          "hideCommand:1": 1,
          "rewardID:8": "bq_standard:command",
          "viaPlayer:1": 0,
          "index:3": 0,
          "command:8": "/gamestage add @p stage2"
        }
      }
    },
    "7:10": {
      "questID:3": 7,
      "preRequisites:11": [
        6
      ],
      "properties:10": {
        "betterquesting:10": {
          "issilent:1": 0,
          "snd_complete:8": "minecraft:corp1",
          "lockedprogress:1": 0,
          "tasklogic:8": "AND",
          "repeattime:3": -1,
          "simultaneous:1": 0,
          "icon:10": {
            "id:8": "forestry:crated.cropcarrot",
            "Count:3": 1,
            "Damage:2": 0,
            "OreDict:8": ""
          },
          "globalshare:1": 0,
          "questlogic:8": "AND",
          "partysinglereward:1": 0,
          "snd_update:8": "minecraft:entity.player.levelup",
          "autoclaim:1": 0,
          "ismain:1": 0,
          "name:8": "美餐!",
          "desc:8": "葡萄糖能给我们提供能量,但我们不能满足于此,我们还需要肉!\n这些植物有多汁的果肉!既然你已经不再是实习生,我们对你的期望就会变高.这意味着你需要提前为我们打包好再送来,嘻嘻:)"
        }
      },
      "tasks:9": {
        "0:10": {
          "partialMatch:1": 1,
          "autoConsume:1": 0,
          "groupDetect:1": 0,
          "ignoreNBT:1": 0,
          "index:3": 0,
          "consume:1": 1,
          "requiredItems:9": {
            "0:10": {
              "id:8": "forestry:crated.cropcarrot",
              "Count:3": 128,
              "OreDict:8": "",
              "Damage:3": 0
            },
            "1:10": {
              "id:8": "forestry:crated.croppotato",
              "Count:3": 128,
              "OreDict:8": "",
              "Damage:3": 0
            },
            "2:10": {
              "id:8": "forestry:crated.cropwheat",
              "Count:3": 128,
              "OreDict:8": "",
              "Damage:3": 0
            }
          },
          "taskID:8": "bq_standard:retrieval"
        }
      },
      "rewards:9": {}
    },
    "8:10": {
      "questID:3": 8,
      "preRequisites:11": [
        6
      ],
      "properties:10": {
        "betterquesting:10": {
          "issilent:1": 0,
          "snd_complete:8": "minecraft:corp1",
          "lockedprogress:1": 0,
          "tasklogic:8": "AND",
          "repeattime:3": -1,
          "simultaneous:1": 0,
          "icon:10": {
            "id:8": "immersiveengineering:metal_decoration1",
            "Count:3": 1,
            "Damage:2": 6,
            "OreDict:8": ""
          },
          "globalshare:1": 0,
          "questlogic:8": "AND",
          "partysinglereward:1": 0,
          "snd_update:8": "minecraft:entity.player.levelup",
          "autoclaim:1": 0,
          "ismain:1": 0,
          "name:8": "一种不灵不灵的框架",
          "desc:8": "是时候着手建造这艘船了.\n我们需要脚手架,很多很多的脚手架,而且必须很轻!\n找到最轻的金属,做成脚手架,给爷送来."
        }
      },
      "tasks:9": {
        "0:10": {
          "partialMatch:1": 1,
          "autoConsume:1": 0,
          "groupDetect:1": 0,
          "ignoreNBT:1": 0,
          "index:3": 0,
          "consume:1": 1,
          "requiredItems:9": {
            "0:10": {
              "id:8": "immersiveengineering:metal_decoration1",
              "Count:3": 600,
              "OreDict:8": "",
              "Damage:3": 5
            }
          },
          "taskID:8": "bq_standard:retrieval"
        }
      },
      "rewards:9": {}
    },
    "9:10": {
      "questID:3": 9,
      "preRequisites:11": [
        6
      ],
      "properties:10": {
        "betterquesting:10": {
          "issilent:1": 0,
          "snd_complete:8": "minecraft:corp1",
          "lockedprogress:1": 0,
          "tasklogic:8": "AND",
          "repeattime:3": -1,
          "simultaneous:1": 0,
          "icon:10": {
            "id:8": "immersiveengineering:sheetmetal",
            "Count:3": 1,
            "Damage:2": 9,
            "OreDict:8": ""
          },
          "globalshare:1": 0,
          "questlogic:8": "AND",
          "partysinglereward:1": 0,
          "snd_update:8": "minecraft:entity.player.levelup",
          "autoclaim:1": 0,
          "ismain:1": 0,
          "name:8": "太空并不美好:(",
          "desc:8": "我们需要一种方法来让飞船能保持在太空中.并且要保护它的安全.\n一种耐用的镀层,可以承受微小流星的碰瓷."
        }
      },
      "tasks:9": {
        "0:10": {
          "partialMatch:1": 1,
          "autoConsume:1": 0,
          "groupDetect:1": 0,
          "ignoreNBT:1": 0,
          "index:3": 0,
          "consume:1": 1,
          "requiredItems:9": {
            "0:10": {
              "id:8": "immersiveengineering:sheetmetal",
              "Count:3": 400,
              "OreDict:8": "",
              "Damage:3": 9
            }
          },
          "taskID:8": "bq_standard:retrieval"
        }
      },
      "rewards:9": {}
    },
    "10:10": {
      "questID:3": 10,
      "preRequisites:11": [
        6
      ],
      "properties:10": {
        "betterquesting:10": {
          "issilent:1": 0,
          "snd_complete:8": "minecraft:corp1",
          "lockedprogress:1": 0,
          "tasklogic:8": "AND",
          "repeattime:3": -1,
          "simultaneous:1": 0,
          "icon:10": {
            "id:8": "immersiveengineering:wirecoil",
            "Count:3": 1,
            "Damage:2": 1,
            "OreDict:8": ""
          },
          "globalshare:1": 0,
          "questlogic:8": "AND",
          "partysinglereward:1": 0,
          "snd_update:8": "minecraft:entity.player.levelup",
          "autoclaim:1": 0,
          "ismain:1": 0,
          "name:8": "电  线上的鸟♂儿",
          "desc:8": "能量,很重要,不仅仅是心理上的.\n我们需要为整艘船供电,以保持灯光和榨瓜机的正常使用.\n要做到这一点,我们需要导电性很好的电线,可能某种合金符合."
        }
      },
      "tasks:9": {
        "0:10": {
          "partialMatch:1": 1,
          "autoConsume:1": 0,
          "groupDetect:1": 0,
          "ignoreNBT:1": 0,
          "index:3": 0,
          "consume:1": 1,
          "requiredItems:9": {
            "0:10": {
              "id:8": "immersiveengineering:material",
              "Count:3": 400,
              "OreDict:8": "",
              "Damage:3": 21
            }
          },
          "taskID:8": "bq_standard:retrieval"
        }
      },
      "rewards:9": {}
    },
    "11:10": {
      "questID:3": 11,
      "preRequisites:11": [
        6
      ],
      "properties:10": {
        "betterquesting:10": {
          "issilent:1": 0,
          "snd_complete:8": "minecraft:corp1",
          "lockedprogress:1": 0,
          "tasklogic:8": "AND",
          "repeattime:3": -1,
          "simultaneous:1": 0,
          "icon:10": {
            "id:8": "immersiveengineering:material",
            "Count:3": 1,
            "Damage:2": 4,
            "OreDict:8": ""
          },
          "globalshare:1": 0,
          "questlogic:8": "AND",
          "partysinglereward:1": 0,
          "snd_update:8": "minecraft:entity.player.levelup",
          "autoclaim:1": 0,
          "ismain:1": 0,
          "name:8": "绳索和索具！",
          "desc:8": "没有什么比一根好绳子更适合在飞船上托运和固定大的货物了!\n好吧,反重力装置和惯性阻拦器或许更适合:(\n如果你的星球适合居住的话,银河空间委员会(GSC)会将货物拖回去."
        }
      },
      "tasks:9": {
        "0:10": {
          "partialMatch:1": 1,
          "autoConsume:1": 0,
          "groupDetect:1": 0,
          "ignoreNBT:1": 0,
          "index:3": 0,
          "consume:1": 1,
          "requiredItems:9": {
            "0:10": {
              "id:8": "immersiveengineering:wirecoil",
              "Count:3": 1280,
              "OreDict:8": "",
              "Damage:3": 3
            }
          },
          "taskID:8": "bq_standard:retrieval"
        }
      },
      "rewards:9": {}
    },
    "12:10": {
      "questID:3": 12,
      "preRequisites:11": [
        6
      ],
      "properties:10": {
        "betterquesting:10": {
          "issilent:1": 0,
          "snd_complete:8": "minecraft:corp1",
          "lockedprogress:1": 0,
          "tasklogic:8": "AND",
          "repeattime:3": -1,
          "simultaneous:1": 0,
          "icon:10": {
            "id:8": "forge:bucketfilled",
            "Count:3": 1,
            "tag:10": {
              "FluidName:8": "seed.oil",
              "Amount:3": 1000
            },
            "Damage:2": 0,
            "OreDict:8": ""
          },
          "globalshare:1": 0,
          "questlogic:8": "AND",
          "partysinglereward:1": 0,
          "snd_update:8": "minecraft:entity.player.levelup",
          "autoclaim:1": 0,
          "ismain:1": 0,
          "name:8": "我们喜欢不灵不灵的家具",
          "desc:8": "银河空间委员会习惯于很多标准.\n其中一个标准就是我们所使用的家具必须抛光到发亮.为此,我们需要大量的种子油."
        }
      },
      "tasks:9": {
        "0:10": {
          "autoConsume:1": 0,
          "requiredFluids:9": {
            "0:10": {
              "FluidName:8": "seed.oil",
              "Amount:3": 40000
            }
          },
          "ignoreNBT:1": 0,
          "index:3": 0,
          "consume:1": 1,
          "taskID:8": "bq_standard:fluid"
        }
      },
      "rewards:9": {}
    },
    "13:10": {
      "questID:3": 13,
      "preRequisites:11": [
        14,
        18,
        19,
        20,
        21,
        22,
        23,
        24
      ],
      "properties:10": {
        "betterquesting:10": {
          "issilent:1": 0,
          "snd_complete:8": "minecraft:sarg2",
          "lockedprogress:1": 0,
          "tasklogic:8": "AND",
          "repeattime:3": 10,
          "simultaneous:1": 0,
          "icon:10": {
            "id:8": "chisel:futura",
            "Count:3": 1,
            "Damage:2": 2,
            "OreDict:8": ""
          },
          "globalshare:1": 0,
          "questlogic:8": "AND",
          "partysinglereward:1": 0,
          "snd_update:8": "minecraft:entity.player.levelup",
          "autoclaim:1": 0,
          "ismain:1": 1,
          "name:8": "数字革命！",
          "desc:8": "你的表现超出了我的预期.\n老实说,我们从未想过还能接到你的回复.我们可以转移我们的整个种族到你那去了!\n\n我们已经允许您使用我们的一些最高级别的技术，并将您的军衔提升到上士军衔！\n\n§1在获得这一技术后,请不要泄露给其他任何人,不然你终身不许洗澡!\n\n§5Applied Energistics\nAE2 stuff\nCompact Machines\nMekanism\nNuclearcraft "
        }
      },
      "tasks:9": {
        "0:10": {
          "index:3": 0,
          "taskID:8": "bq_standard:checkbox"
        }
      },
      "rewards:9": {
        "0:10": {
          "hideCommand:1": 1,
          "rewardID:8": "bq_standard:command",
          "viaPlayer:1": 0,
          "index:3": 0,
          "command:8": "/gamestage add @p stage4"
        }
      }
    },
    "14:10": {
      "questID:3": 14,
      "preRequisites:11": [
        17
      ],
      "properties:10": {
        "betterquesting:10": {
          "issilent:1": 0,
          "snd_complete:8": "minecraft:sarg1",
          "lockedprogress:1": 0,
          "tasklogic:8": "AND",
          "repeattime:3": -1,
          "simultaneous:1": 0,
          "icon:10": {
            "id:8": "rftools:powercell_simple",
            "Count:3": 1,
            "Damage:2": 0,
            "OreDict:8": ""
          },
          "globalshare:1": 0,
          "questlogic:8": "AND",
          "partysinglereward:1": 0,
          "snd_update:8": "minecraft:entity.player.levelup",
          "autoclaim:1": 0,
          "ismain:1": 0,
          "name:8": "简单的能量存储",
          "desc:8": "要启动一个中子反应堆,我们需要大量的能量.\n值得庆幸的是，储存足够的能量来为洗澡用的西瓜液体加热器供电是一项简单得多的任务."
        }
      },
      "tasks:9": {
        "0:10": {
          "partialMatch:1": 1,
          "autoConsume:1": 0,
          "groupDetect:1": 0,
          "ignoreNBT:1": 0,
          "index:3": 0,
          "consume:1": 1,
          "requiredItems:9": {
            "0:10": {
              "id:8": "rftools:powercell_simple",
              "Count:3": 50,
              "OreDict:8": "",
              "Damage:3": 0
            }
          },
          "taskID:8": "bq_standard:retrieval"
        }
      },
      "rewards:9": {}
    },
    "15:10": {
      "questID:3": 15,
      "preRequisites:11": [
        6
      ],
      "properties:10": {
        "betterquesting:10": {
          "issilent:1": 0,
          "snd_complete:8": "minecraft:corp1",
          "lockedprogress:1": 0,
          "tasklogic:8": "AND",
          "repeattime:3": -1,
          "simultaneous:1": 0,
          "icon:10": {
            "id:8": "forestry:thermionic_tubes",
            "Count:3": 1,
            "Damage:2": 0,
            "OreDict:8": ""
          },
          "globalshare:1": 0,
          "questlogic:8": "AND",
          "partysinglereward:1": 0,
          "snd_update:8": "minecraft:entity.player.levelup",
          "autoclaim:1": 0,
          "ismain:1": 0,
          "name:8": "全是好康的!",
          "desc:8": "我相信你已经发现了,GSC很注重美学.\n因此,我们需要在抵达时拥有自动生产绿色颜料的生产线.\n我们需要一些晶体管来管理我们的机器人的色素培养设备."
        }
      },
      "tasks:9": {
        "0:10": {
          "partialMatch:1": 1,
          "autoConsume:1": 0,
          "groupDetect:1": 0,
          "ignoreNBT:1": 0,
          "index:3": 0,
          "consume:1": 1,
          "requiredItems:9": {
            "0:10": {
              "id:8": "forestry:thermionic_tubes",
              "Count:3": 200,
              "OreDict:8": "",
              "Damage:3": 0
            }
          },
          "taskID:8": "bq_standard:retrieval"
        }
      },
      "rewards:9": {}
    },
    "16:10": {
      "questID:3": 16,
      "preRequisites:11": [
        6
      ],
      "properties:10": {
        "betterquesting:10": {
          "issilent:1": 0,
          "snd_complete:8": "minecraft:corp1",
          "lockedprogress:1": 0,
          "tasklogic:8": "AND",
          "repeattime:3": -1,
          "simultaneous:1": 0,
          "icon:10": {
            "id:8": "immersiveengineering:material",
            "Count:3": 1,
            "Damage:2": 2,
            "OreDict:8": ""
          },
          "globalshare:1": 0,
          "questlogic:8": "AND",
          "partysinglereward:1": 0,
          "snd_update:8": "minecraft:entity.player.levelup",
          "autoclaim:1": 0,
          "ismain:1": 0,
          "name:8": "杆和轴！和zhendongbang:)",
          "desc:8": "杆和轴真的有区别吗?但是谁在乎呢:(\n我们的浴室需要很多杆,行吧,紧急避难所也会使用到."
        }
      },
      "tasks:9": {
        "0:10": {
          "partialMatch:1": 1,
          "autoConsume:1": 0,
          "groupDetect:1": 0,
          "ignoreNBT:1": 0,
          "index:3": 0,
          "consume:1": 1,
          "requiredItems:9": {
            "0:10": {
              "id:8": "immersiveengineering:material",
              "Count:3": 128,
              "OreDict:8": "",
              "Damage:3": 2
            }
          },
          "taskID:8": "bq_standard:retrieval"
        }
      },
      "rewards:9": {}
    },
    "17:10": {
      "questID:3": 17,
      "preRequisites:11": [
        7,
        8,
        9,
        10,
        11,
        12,
        15,
        16
      ],
      "properties:10": {
        "betterquesting:10": {
          "issilent:1": 0,
          "snd_complete:8": "minecraft:corp2",
          "lockedprogress:1": 0,
          "tasklogic:8": "AND",
          "repeattime:3": 10,
          "simultaneous:1": 0,
          "icon:10": {
            "id:8": "enderio:block_enderman_skull",
            "Count:3": 1,
            "Damage:2": 0,
            "OreDict:8": ""
          },
          "globalshare:1": 0,
          "questlogic:8": "AND",
          "partysinglereward:1": 0,
          "snd_update:8": "minecraft:entity.player.levelup",
          "autoclaim:1": 0,
          "ismain:1": 1,
          "name:8": "惊人的进步!",
          "desc:8": "太棒了!到目前为止,只有20名候选人发展到了这,其中一个被一些奇怪的生物吃掉后,我们将他的数据重置了.\n然而,要证明你们的星球能给我们居住,还有很长的路要走.\n银河太空委员会很高兴授予你中士军衔。\n\n§9更新后的数据库包括对以下技术的访问：\n\n§5EnderIO\nRFTools\nRFTools control\nDeep Resonance\nXnet\nWoot"
        }
      },
      "tasks:9": {
        "0:10": {
          "index:3": 0,
          "taskID:8": "bq_standard:checkbox"
        }
      },
      "rewards:9": {
        "0:10": {
          "hideCommand:1": 1,
          "rewardID:8": "bq_standard:command",
          "viaPlayer:1": 0,
          "index:3": 0,
          "command:8": "/gamestage add @p stage3"
        }
      }
    },
    "18:10": {
      "questID:3": 18,
      "preRequisites:11": [
        17
      ],
      "properties:10": {
        "betterquesting:10": {
          "issilent:1": 0,
          "snd_complete:8": "minecraft:sarg1",
          "lockedprogress:1": 0,
          "tasklogic:8": "AND",
          "repeattime:3": -1,
          "simultaneous:1": 0,
          "icon:10": {
            "id:8": "minecraft:nether_star",
            "Count:3": 1,
            "Damage:2": 0,
            "OreDict:8": ""
          },
          "globalshare:1": 0,
          "questlogic:8": "AND",
          "partysinglereward:1": 0,
          "snd_update:8": "minecraft:entity.player.levelup",
          "autoclaim:1": 0,
          "ismain:1": 0,
          "name:8": "这星星是从哪来的?",
          "desc:8": "我相信你是知道的,我们的审美就是亮的东西就好看.\n每个小木屋都要有闪亮的装饰品,给我们找些令人眼花缭乱的发光的小玩意吧!"
        }
      },
      "tasks:9": {
        "0:10": {
          "partialMatch:1": 1,
          "autoConsume:1": 0,
          "groupDetect:1": 0,
          "ignoreNBT:1": 0,
          "index:3": 0,
          "consume:1": 1,
          "requiredItems:9": {
            "0:10": {
              "id:8": "minecraft:nether_star",
              "Count:3": 64,
              "OreDict:8": "",
              "Damage:3": 0
            }
          },
          "taskID:8": "bq_standard:retrieval"
        }
      },
      "rewards:9": {}
    },
    "19:10": {
      "questID:3": 19,
      "preRequisites:11": [
        17
      ],
      "properties:10": {
        "betterquesting:10": {
          "issilent:1": 0,
          "snd_complete:8": "minecraft:sarg1",
          "lockedprogress:1": 0,
          "tasklogic:8": "AND",
          "repeattime:3": -1,
          "simultaneous:1": 0,
          "icon:10": {
            "id:8": "forge:bucketfilled",
            "Count:3": 1,
            "tag:10": {
              "FluidName:8": "liquid_sunshine",
              "Amount:3": 1000
            },
            "Damage:2": 0,
            "OreDict:8": ""
          },
          "globalshare:1": 0,
          "questlogic:8": "AND",
          "partysinglereward:1": 0,
          "snd_update:8": "minecraft:entity.player.levelup",
          "autoclaim:1": 0,
          "ismain:1": 0,
          "name:8": "啊,是太阳滴♂落的水♂",
          "desc:8": "收集一些阳光,并将它转为液体."
        }
      },
      "tasks:9": {
        "0:10": {
          "autoConsume:1": 0,
          "requiredFluids:9": {
            "0:10": {
              "FluidName:8": "liquid_sunshine",
              "Amount:3": 60000
            }
          },
          "ignoreNBT:1": 0,
          "index:3": 0,
          "consume:1": 1,
          "taskID:8": "bq_standard:fluid"
        }
      },
      "rewards:9": {}
    },
    "20:10": {
      "questID:3": 20,
      "preRequisites:11": [
        17
      ],
      "properties:10": {
        "betterquesting:10": {
          "issilent:1": 0,
          "snd_complete:8": "minecraft:sarg1",
          "lockedprogress:1": 0,
          "tasklogic:8": "AND",
          "repeattime:3": -1,
          "simultaneous:1": 0,
          "icon:10": {
            "id:8": "immersiveengineering:stone_decoration",
            "Count:3": 1,
            "Damage:2": 8,
            "OreDict:8": ""
          },
          "globalshare:1": 0,
          "questlogic:8": "AND",
          "partysinglereward:1": 0,
          "snd_update:8": "minecraft:entity.player.levelup",
          "autoclaim:1": 0,
          "ismain:1": 0,
          "name:8": "透明绝缘",
          "desc:8": "差不多是开始研究飞船主要部件的时候了.\n但为了做到这一点,会有很多高压的东西飞来飞去.\n我们是非常导电的生物.我们需要绝缘!:("
        }
      },
      "tasks:9": {
        "0:10": {
          "partialMatch:1": 1,
          "autoConsume:1": 0,
          "groupDetect:1": 0,
          "ignoreNBT:1": 0,
          "index:3": 0,
          "consume:1": 1,
          "requiredItems:9": {
            "0:10": {
              "id:8": "immersiveengineering:stone_decoration",
              "Count:3": 400,
              "OreDict:8": "",
              "Damage:3": 8
            }
          },
          "taskID:8": "bq_standard:retrieval"
        }
      },
      "rewards:9": {}
    },
    "21:10": {
      "questID:3": 21,
      "preRequisites:11": [
        17
      ],
      "properties:10": {
        "betterquesting:10": {
          "issilent:1": 0,
          "snd_complete:8": "minecraft:sarg1",
          "lockedprogress:1": 0,
          "tasklogic:8": "AND",
          "repeattime:3": -1,
          "simultaneous:1": 0,
          "icon:10": {
            "id:8": "enderio:item_basic_capacitor",
            "Count:3": 1,
            "Damage:2": 1,
            "OreDict:8": ""
          },
          "globalshare:1": 0,
          "questlogic:8": "AND",
          "partysinglereward:1": 0,
          "snd_update:8": "minecraft:entity.player.levelup",
          "autoclaim:1": 0,
          "ismain:1": 0,
          "name:8": "美学的力量",
          "desc:8": "每个人都知道宇宙飞船有复杂的电路和奇怪的东西会发出哔哔哔的声音.\n这些对于高科技氛围来说是必不可少的，也可能与保持一切运转有关.\n所以我们需要一些电子涂鸦，否则没人会相信这是一艘真正的宇宙飞船."
        }
      },
      "tasks:9": {
        "0:10": {
          "partialMatch:1": 1,
          "autoConsume:1": 0,
          "groupDetect:1": 0,
          "ignoreNBT:1": 0,
          "index:3": 0,
          "consume:1": 1,
          "requiredItems:9": {
            "0:10": {
              "id:8": "enderio:item_basic_capacitor",
              "Count:3": 200,
              "OreDict:8": "",
              "Damage:3": 1
            }
          },
          "taskID:8": "bq_standard:retrieval"
        }
      },
      "rewards:9": {}
    },
    "22:10": {
      "questID:3": 22,
      "preRequisites:11": [
        17
      ],
      "properties:10": {
        "betterquesting:10": {
          "issilent:1": 0,
          "snd_complete:8": "minecraft:sarg1",
          "lockedprogress:1": 0,
          "tasklogic:8": "AND",
          "repeattime:3": -1,
          "simultaneous:1": 0,
          "icon:10": {
            "id:8": "enderio:item_item_conduit",
            "Count:3": 1,
            "Damage:2": 0,
            "OreDict:8": ""
          },
          "globalshare:1": 0,
          "questlogic:8": "AND",
          "partysinglereward:1": 0,
          "snd_update:8": "minecraft:entity.player.levelup",
          "autoclaim:1": 0,
          "ismain:1": 0,
          "name:8": "供求关系",
          "desc:8": "在尽可能少的空间里移动物品可能会很困难.\n我们需要某种方式来传输美味的食物和日常必需品."
        }
      },
      "tasks:9": {
        "0:10": {
          "partialMatch:1": 1,
          "autoConsume:1": 0,
          "groupDetect:1": 0,
          "ignoreNBT:1": 0,
          "index:3": 0,
          "consume:1": 1,
          "requiredItems:9": {
            "0:10": {
              "id:8": "enderio:item_item_conduit",
              "Count:3": 600,
              "OreDict:8": "",
              "Damage:3": 0
            }
          },
          "taskID:8": "bq_standard:retrieval"
        }
      },
      "rewards:9": {}
    },
    "23:10": {
      "questID:3": 23,
      "preRequisites:11": [
        17
      ],
      "properties:10": {
        "betterquesting:10": {
          "issilent:1": 0,
          "snd_complete:8": "minecraft:sarg1",
          "lockedprogress:1": 0,
          "tasklogic:8": "AND",
          "repeattime:3": -1,
          "simultaneous:1": 0,
          "icon:10": {
            "id:8": "deepresonance:spent_filter",
            "Count:3": 1,
            "Damage:2": 0,
            "OreDict:8": ""
          },
          "globalshare:1": 0,
          "questlogic:8": "AND",
          "partysinglereward:1": 0,
          "snd_update:8": "minecraft:entity.player.levelup",
          "autoclaim:1": 0,
          "ismain:1": 0,
          "name:8": "ME的窗户",
          "desc:8": "飞船上的窗户很漂亮,它能让你看到太空中飞过的星星.\n不幸的是,普通的玻璃并不能作为飞船的材料,更不用说那些辐射和以299792458米/秒速度飞行的奇怪的太空尘埃了.\n所以我们需要一些密度更高的东西，以便在我们的太空船上看风景和导航。"
        }
      },
      "tasks:9": {
        "0:10": {
          "partialMatch:1": 1,
          "autoConsume:1": 0,
          "groupDetect:1": 0,
          "ignoreNBT:1": 0,
          "index:3": 0,
          "consume:1": 1,
          "requiredItems:9": {
            "0:10": {
              "id:8": "deepresonance:dense_glass",
              "Count:3": 64,
              "OreDict:8": "",
              "Damage:3": 0
            }
          },
          "taskID:8": "bq_standard:retrieval"
        }
      },
      "rewards:9": {}
    },
    "24:10": {
      "questID:3": 24,
      "preRequisites:11": [
        17
      ],
      "properties:10": {
        "betterquesting:10": {
          "issilent:1": 0,
          "snd_complete:8": "minecraft:sarg1",
          "lockedprogress:1": 0,
          "tasklogic:8": "AND",
          "repeattime:3": -1,
          "simultaneous:1": 0,
          "icon:10": {
            "id:8": "enderio:block_dark_iron_bars",
            "Count:3": 1,
            "Damage:2": 0,
            "OreDict:8": ""
          },
          "globalshare:1": 0,
          "questlogic:8": "AND",
          "partysinglereward:1": 0,
          "snd_update:8": "minecraft:entity.player.levelup",
          "autoclaim:1": 0,
          "ismain:1": 0,
          "name:8": "一个宇航员走进酒吧...",
          "desc:8": "我们有一些很暴♂力的宠物,需要坚固的栅栏将它们围在飞船下面."
        }
      },
      "tasks:9": {
        "0:10": {
          "partialMatch:1": 1,
          "autoConsume:1": 0,
          "groupDetect:1": 0,
          "ignoreNBT:1": 0,
          "index:3": 0,
          "consume:1": 1,
          "requiredItems:9": {
            "0:10": {
              "id:8": "enderio:block_dark_iron_bars",
              "Count:3": 400,
              "OreDict:8": "",
              "Damage:3": 0
            }
          },
          "taskID:8": "bq_standard:retrieval"
        }
      },
      "rewards:9": {}
    },
    "25:10": {
      "questID:3": 25,
      "preRequisites:11": [
        13
      ],
      "properties:10": {
        "betterquesting:10": {
          "issilent:1": 0,
          "snd_complete:8": "minecraft:msarg1",
          "lockedprogress:1": 0,
          "tasklogic:8": "AND",
          "repeattime:3": -1,
          "simultaneous:1": 0,
          "icon:10": {
            "id:8": "mekanism:polyethene",
            "Count:3": 1,
            "Damage:2": 2,
            "OreDict:8": ""
          },
          "globalshare:1": 0,
          "questlogic:8": "AND",
          "partysinglereward:1": 0,
          "snd_update:8": "minecraft:entity.player.levelup",
          "autoclaim:1": 0,
          "ismain:1": 0,
          "name:8": "高密度聚乙烯",
          "desc:8": "塑料棒极了!如果我们不想要那些电线被碰短路,我们需要很多覆盖电线的东西."
        }
      },
      "tasks:9": {
        "0:10": {
          "partialMatch:1": 1,
          "autoConsume:1": 0,
          "groupDetect:1": 0,
          "ignoreNBT:1": 0,
          "index:3": 0,
          "consume:1": 1,
          "requiredItems:9": {
            "0:10": {
              "id:8": "mekanism:polyethene",
              "Count:3": 640,
              "OreDict:8": "",
              "Damage:3": 2
            }
          },
          "taskID:8": "bq_standard:retrieval"
        }
      },
      "rewards:9": {}
    },
    "26:10": {
      "questID:3": 26,
      "preRequisites:11": [
        13
      ],
      "properties:10": {
        "betterquesting:10": {
          "issilent:1": 0,
          "snd_complete:8": "minecraft:msarg1",
          "lockedprogress:1": 0,
          "tasklogic:8": "AND",
          "repeattime:3": -1,
          "simultaneous:1": 0,
          "icon:10": {
            "id:8": "appliedenergistics2:material",
            "Count:3": 1,
            "Damage:2": 38,
            "OreDict:8": ""
          },
          "globalshare:1": 0,
          "questlogic:8": "AND",
          "partysinglereward:1": 0,
          "snd_update:8": "minecraft:entity.player.levelup",
          "autoclaim:1": 0,
          "ismain:1": 0,
          "name:8": "数字货舱",
          "desc:8": "我们不可能在一艘飞船上安置1600万人的东西!\n除非我们把他全数字化储存!\n"
        }
      },
      "tasks:9": {
        "0:10": {
          "partialMatch:1": 1,
          "autoConsume:1": 0,
          "groupDetect:1": 0,
          "ignoreNBT:1": 0,
          "index:3": 0,
          "consume:1": 1,
          "requiredItems:9": {
            "0:10": {
              "id:8": "appliedenergistics2:material",
              "Count:3": 72,
              "OreDict:8": "",
              "Damage:3": 38
            }
          },
          "taskID:8": "bq_standard:retrieval"
        }
      },
      "rewards:9": {}
    },
    "27:10": {
      "questID:3": 27,
      "preRequisites:11": [
        13
      ],
      "properties:10": {
        "betterquesting:10": {
          "issilent:1": 0,
          "snd_complete:8": "minecraft:msarg1",
          "lockedprogress:1": 0,
          "tasklogic:8": "AND",
          "repeattime:3": -1,
          "simultaneous:1": 0,
          "icon:10": {
            "id:8": "nuclearcraft:fluid_neutron",
            "Count:3": 1,
            "Damage:2": 0,
            "OreDict:8": ""
          },
          "globalshare:1": 0,
          "questlogic:8": "AND",
          "partysinglereward:1": 0,
          "snd_update:8": "minecraft:entity.player.levelup",
          "autoclaim:1": 0,
          "ismain:1": 0,
          "name:8": "亚原子润滑油",
          "desc:8": "这艘宇宙飞船不会将自己推到光速.为了让GSC的专利:G.F.D.E驱动器工作,他需要一种由中子制作的液体.\n有些人以为驱动器是靠这些液体工作的,但我告诉你,其实这些润滑剂只是为了防止齿轮卡住,嘻嘻:)"
        }
      },
      "tasks:9": {
        "0:10": {
          "autoConsume:1": 0,
          "requiredFluids:9": {
            "0:10": {
              "FluidName:8": "neutron",
              "Amount:3": 4000
            }
          },
          "ignoreNBT:1": 0,
          "index:3": 0,
          "consume:1": 1,
          "taskID:8": "bq_standard:fluid"
        }
      },
      "rewards:9": {}
    },
    "28:10": {
      "questID:3": 28,
      "preRequisites:11": [
        13
      ],
      "properties:10": {
        "betterquesting:10": {
          "issilent:1": 0,
          "snd_complete:8": "minecraft:msarg1",
          "lockedprogress:1": 0,
          "tasklogic:8": "AND",
          "repeattime:3": -1,
          "simultaneous:1": 0,
          "icon:10": {
            "id:8": "compactmachines3:machine",
            "Count:3": 1,
            "Damage:2": 5,
            "OreDict:8": ""
          },
          "globalshare:1": 0,
          "questlogic:8": "AND",
          "partysinglereward:1": 0,
          "snd_update:8": "minecraft:entity.player.levelup",
          "autoclaim:1": 0,
          "ismain:1": 0,
          "name:8": "亲爱的,我把所有人都缩小了.",
          "desc:8": "1600万人会占据很多空间,我们需要用先进的缩小技术来让他们能上船."
        }
      },
      "tasks:9": {
        "0:10": {
          "partialMatch:1": 1,
          "autoConsume:1": 0,
          "groupDetect:1": 0,
          "ignoreNBT:1": 0,
          "index:3": 0,
          "consume:1": 1,
          "requiredItems:9": {
            "0:10": {
              "id:8": "compactmachines3:machine",
              "Count:3": 64,
              "OreDict:8": "",
              "Damage:3": 5
            }
          },
          "taskID:8": "bq_standard:retrieval"
        }
      },
      "rewards:9": {}
    },
    "29:10": {
      "questID:3": 29,
      "preRequisites:11": [
        13
      ],
      "properties:10": {
        "betterquesting:10": {
          "issilent:1": 0,
          "snd_complete:8": "minecraft:msarg1",
          "lockedprogress:1": 0,
          "tasklogic:8": "AND",
          "repeattime:3": -1,
          "simultaneous:1": 0,
          "icon:10": {
            "id:8": "mekanism:controlcircuit",
            "Count:3": 1,
            "Damage:2": 3,
            "OreDict:8": ""
          },
          "globalshare:1": 0,
          "questlogic:8": "AND",
          "partysinglereward:1": 0,
          "snd_update:8": "minecraft:entity.player.levelup",
          "autoclaim:1": 0,
          "ismain:1": 0,
          "name:8": "大脑手术",
          "desc:8": "G.F.D.E驱动器是一种复杂的机械，有人甚至说它是有灵智的.\n驱动器的每个节点都需要两个电路才能工作.\n你的世界还好吗?我希望我们到达的时候它还能有资源."
        }
      },
      "tasks:9": {
        "0:10": {
          "partialMatch:1": 1,
          "autoConsume:1": 0,
          "groupDetect:1": 0,
          "ignoreNBT:1": 0,
          "index:3": 0,
          "consume:1": 1,
          "requiredItems:9": {
            "0:10": {
              "id:8": "mekanism:controlcircuit",
              "Count:3": 84,
              "OreDict:8": "",
              "Damage:3": 3
            }
          },
          "taskID:8": "bq_standard:retrieval"
        }
      },
      "rewards:9": {}
    },
    "30:10": {
      "questID:3": 30,
      "preRequisites:11": [
        25,
        26,
        27,
        28,
        29
      ],
      "properties:10": {
        "betterquesting:10": {
          "issilent:1": 0,
          "snd_complete:8": "minecraft:msarg2",
          "lockedprogress:1": 0,
          "tasklogic:8": "AND",
          "repeattime:3": 10,
          "simultaneous:1": 0,
          "icon:10": {
            "id:8": "draconicevolution:awakened_core",
            "Count:3": 1,
            "Damage:2": 0,
            "OreDict:8": ""
          },
          "globalshare:1": 0,
          "questlogic:8": "AND",
          "partysinglereward:1": 0,
          "snd_update:8": "minecraft:entity.player.levelup",
          "autoclaim:1": 0,
          "ismain:1": 1,
          "name:8": "走咯!",
          "desc:8": "我必须说,GSC的人现在都很兴奋,还有点小紧张呢:)\n从来没有人能做到你这一步,甚至有些人都认为你能够担任GSC的下一任最高领导人!\n还有最后一组任务,完成后,飞船就会启动!\n要注意,有些任务是致命的,稍不注意就会毁灭你的世界!\n\n§1现在，我们已经批准了委员会，授予你中尉军衔，并授予你访问以下绝密技术数据库的权利.\n\n§5Environmental Tech\nDraconic Evolution\nCalculator"
        }
      },
      "tasks:9": {
        "0:10": {
          "index:3": 0,
          "taskID:8": "bq_standard:checkbox"
        }
      },
      "rewards:9": {
        "0:10": {
          "hideCommand:1": 1,
          "rewardID:8": "bq_standard:command",
          "viaPlayer:1": 0,
          "index:3": 0,
          "command:8": "/gamestage add @p stage5"
        }
      }
    },
    "31:10": {
      "questID:3": 31,
      "preRequisites:11": [],
      "properties:10": {
        "betterquesting:10": {
          "issilent:1": 0,
          "snd_complete:8": "minecraft:entity.player.levelup",
          "lockedprogress:1": 0,
          "tasklogic:8": "AND",
          "repeattime:3": 10,
          "simultaneous:1": 0,
          "icon:10": {
            "id:8": "betterquesting:placeholder",
            "Count:3": 1,
            "Damage:2": 0,
            "OreDict:8": ""
          },
          "globalshare:1": 0,
          "questlogic:8": "AND",
          "partysinglereward:1": 0,
          "snd_update:8": "minecraft:entity.player.levelup",
          "autoclaim:1": 0,
          "ismain:1": 0,
          "name:8": "更新?!",
          "desc:8": "银河空间理事会将不定时更新书中的信息.\n为了正确的获得更新,你需要点击复选框,我知道这有些多余.\n他们既然有在银河中传送物质的能力,竟然不能更新一本书?"
        }
      },
      "tasks:9": {
        "0:10": {
          "index:3": 0,
          "taskID:8": "bq_standard:checkbox"
        }
      },
      "rewards:9": {
        "0:10": {
          "hideCommand:1": 1,
          "rewardID:8": "bq_standard:command",
          "viaPlayer:1": 0,
          "index:3": 0,
          "command:8": "/bq_admin default load"
        }
      }
    },
    "32:10": {
      "questID:3": 32,
      "preRequisites:11": [
        33,
        34,
        35
      ],
      "properties:10": {
        "betterquesting:10": {
          "issilent:1": 0,
          "snd_complete:8": "minecraft:lft2",
          "lockedprogress:1": 0,
          "tasklogic:8": "AND",
          "repeattime:3": 10,
          "simultaneous:1": 0,
          "icon:10": {
            "id:8": "draconicevolution:reactor_core",
            "Count:3": 1,
            "Damage:2": 0,
            "OreDict:8": ""
          },
          "globalshare:1": 0,
          "questlogic:8": "AND",
          "partysinglereward:1": 0,
          "snd_update:8": "minecraft:entity.player.levelup",
          "autoclaim:1": 0,
          "ismain:1": 1,
          "name:8": "发射!",
          "desc:8": "少了机械,多了一个神奇的希望之球!\n一定要小心!不要让它爆炸!"
        }
      },
      "tasks:9": {
        "0:10": {
          "partialMatch:1": 1,
          "autoConsume:1": 0,
          "groupDetect:1": 0,
          "ignoreNBT:1": 0,
          "index:3": 0,
          "consume:1": 1,
          "requiredItems:9": {
            "0:10": {
              "id:8": "draconicevolution:reactor_core",
              "Count:3": 1,
              "OreDict:8": "",
              "Damage:3": 0
            }
          },
          "taskID:8": "bq_standard:retrieval"
        }
      },
      "rewards:9": {}
    },
    "33:10": {
      "questID:3": 33,
      "preRequisites:11": [
        30
      ],
      "properties:10": {
        "betterquesting:10": {
          "issilent:1": 0,
          "snd_complete:8": "minecraft:lft1",
          "lockedprogress:1": 0,
          "tasklogic:8": "AND",
          "repeattime:3": -1,
          "simultaneous:1": 0,
          "icon:10": {
            "id:8": "draconicevolution:awakened_core",
            "Count:3": 1,
            "Damage:2": 0,
            "OreDict:8": ""
          },
          "globalshare:1": 0,
          "questlogic:8": "AND",
          "partysinglereward:1": 0,
          "snd_update:8": "minecraft:entity.player.levelup",
          "autoclaim:1": 0,
          "ismain:1": 0,
          "name:8": "这是齿轮!",
          "desc:8": "G.F.D.E驱动器的节点实际上都是小的齿轮,它们由龙芯的微粒制作而成.我真的希望你的世界真的有龙.\n我们需要它们来完成这一切!"
        }
      },
      "tasks:9": {
        "0:10": {
          "partialMatch:1": 1,
          "autoConsume:1": 0,
          "groupDetect:1": 0,
          "ignoreNBT:1": 0,
          "index:3": 0,
          "consume:1": 1,
          "requiredItems:9": {
            "0:10": {
              "id:8": "draconicevolution:awakened_core",
              "Count:3": 42,
              "OreDict:8": "",
              "Damage:3": 0
            }
          },
          "taskID:8": "bq_standard:retrieval"
        }
      },
      "rewards:9": {}
    },
    "34:10": {
      "questID:3": 34,
      "preRequisites:11": [
        30
      ],
      "properties:10": {
        "betterquesting:10": {
          "issilent:1": 0,
          "snd_complete:8": "minecraft:lft1",
          "lockedprogress:1": 0,
          "tasklogic:8": "AND",
          "repeattime:3": -1,
          "simultaneous:1": 0,
          "icon:10": {
            "id:8": "calculator:atomicmultiplier",
            "Count:3": 1,
            "Damage:2": 0,
            "OreDict:8": ""
          },
          "globalshare:1": 0,
          "questlogic:8": "AND",
          "partysinglereward:1": 0,
          "snd_update:8": "minecraft:entity.player.levelup",
          "autoclaim:1": 0,
          "ismain:1": 0,
          "name:8": "重复重复重复重复重复",
          "desc:8": "这是操作G.F.D.E驱动器的关键.\n你看，这个驱动器产生了太多的能量，以至于它崩塌成一个微型黑洞，并在激活后的几秒钟内消耗掉自己.\n但是,这个装置能复制它,我们就可以让飞船无限的航行下去!"
        }
      },
      "tasks:9": {
        "0:10": {
          "partialMatch:1": 1,
          "autoConsume:1": 0,
          "groupDetect:1": 0,
          "ignoreNBT:1": 0,
          "index:3": 0,
          "consume:1": 1,
          "requiredItems:9": {
            "0:10": {
              "id:8": "calculator:atomicmultiplier",
              "Count:3": 1,
              "OreDict:8": "",
              "Damage:3": 0
            }
          },
          "taskID:8": "bq_standard:retrieval"
        }
      },
      "rewards:9": {}
    },
    "35:10": {
      "questID:3": 35,
      "preRequisites:11": [
        30
      ],
      "properties:10": {
        "betterquesting:10": {
          "issilent:1": 0,
          "snd_complete:8": "minecraft:lft1",
          "lockedprogress:1": 0,
          "tasklogic:8": "AND",
          "repeattime:3": -1,
          "simultaneous:1": 0,
          "icon:10": {
            "id:8": "environmentaltech:solar_cont_6",
            "Count:3": 1,
            "Damage:2": 0,
            "OreDict:8": ""
          },
          "globalshare:1": 0,
          "questlogic:8": "AND",
          "partysinglereward:1": 0,
          "snd_update:8": "minecraft:entity.player.levelup",
          "autoclaim:1": 0,
          "ismain:1": 0,
          "name:8": "太阳能水晶",
          "desc:8": "水晶,一些神秘主义者相信水晶具有非常灵性的力量.然而,我们很清楚水晶并没有:(\n但是,它们真的好闪亮啊!哦,这些水晶一点都不亮:(\n但是它们能发出好多能量!"
        }
      },
      "tasks:9": {
        "0:10": {
          "partialMatch:1": 1,
          "autoConsume:1": 0,
          "groupDetect:1": 0,
          "ignoreNBT:1": 0,
          "index:3": 0,
          "consume:1": 1,
          "requiredItems:9": {
            "0:10": {
              "id:8": "environmentaltech:solar_cont_6",
              "Count:3": 42,
              "OreDict:8": "",
              "Damage:3": 0
            }
          },
          "taskID:8": "bq_standard:retrieval"
        }
      },
      "rewards:9": {}
    },
    "36:10": {
      "questID:3": 36,
      "preRequisites:11": [
        32
      ],
      "properties:10": {
        "betterquesting:10": {
          "issilent:1": 0,
          "snd_complete:8": "minecraft:entity.player.levelup",
          "lockedprogress:1": 0,
          "tasklogic:8": "AND",
          "repeattime:3": 10,
          "simultaneous:1": 0,
          "icon:10": {
            "id:8": "minecraft:fireworks",
            "Count:3": 1,
            "Damage:2": 0,
            "OreDict:8": ""
          },
          "globalshare:1": 0,
          "questlogic:8": "AND",
          "partysinglereward:1": 0,
          "snd_update:8": "minecraft:entity.player.levelup",
          "autoclaim:1": 0,
          "ismain:1": 1,
          "name:8": "结..束..了..?",
          "desc:8": "这是一次奇妙的旅行.\n你们已经收集了足够的西瓜汁，可以给每个人洗澡好几年，可以让我们吃得更久的食物，建造了一艘梦幻般的太空船，我们只能梦想充满最奢华的船员宿舍，并完成了大量生产的任务，这将花去我们几个世纪的时间！\n\n\n我是不是忘了提，我们这个建立银河空间委员会的种族，和你的小脚趾差不多大？\n\n\n现在向星星发射！来接我们，我们在等.\n\n§1恭喜!你完成了Mass Production第一部曲!\n留心第二部曲哦~"
        }
      },
      "tasks:9": {
        "0:10": {
          "index:3": 0,
          "taskID:8": "bq_standard:checkbox"
        }
      },
      "rewards:9": {
        "0:10": {
          "rewardID:8": "bq_standard:item",
          "index:3": 0,
          "rewards:9": {
            "0:10": {
              "id:8": "minecraft:cookie",
              "Count:3": 1,
              "OreDict:8": "",
              "Damage:3": 0
            }
          }
        }
      }
    }
  },
  "questLines:9": {
    "0:10": {
      "quests:9": {
        "0:10": {
          "size:3": 24,
          "x:3": -12,
          "y:3": 0,
          "id:3": 0
        },
        "1:10": {
          "size:3": 24,
          "x:3": -84,
          "y:3": 36,
          "id:3": 1
        },
        "2:10": {
          "size:3": 24,
          "x:3": -48,
          "y:3": 36,
          "id:3": 2
        },
        "3:10": {
          "size:3": 24,
          "x:3": -12,
          "y:3": 36,
          "id:3": 3
        },
        "4:10": {
          "size:3": 24,
          "x:3": 24,
          "y:3": 36,
          "id:3": 4
        },
        "5:10": {
          "size:3": 24,
          "x:3": 60,
          "y:3": 36,
          "id:3": 5
        },
        "6:10": {
          "size:3": 24,
          "x:3": -12,
          "y:3": 72,
          "id:3": 6
        },
        "7:10": {
          "size:3": 24,
          "x:3": -84,
          "y:3": 0,
          "id:3": 31
        }
      },
      "lineID:3": 0,
      "properties:10": {
        "betterquesting:10": {
          "name:8": "批量生产",
          "bg_image:8": "",
          "bg_size:3": 256,
          "desc:8": "一个美♂妙的新世界"
        }
      },
      "order:3": 0
    },
    "1:10": {
      "quests:9": {
        "0:10": {
          "size:3": 24,
          "x:3": -12,
          "y:3": 0,
          "id:3": 7
        },
        "1:10": {
          "size:3": 24,
          "x:3": -12,
          "y:3": 36,
          "id:3": 8
        },
        "2:10": {
          "size:3": 24,
          "x:3": 54,
          "y:3": 36,
          "id:3": 9
        },
        "3:10": {
          "size:3": 24,
          "x:3": -78,
          "y:3": 36,
          "id:3": 10
        },
        "4:10": {
          "size:3": 24,
          "x:3": 42,
          "y:3": 0,
          "id:3": 11
        },
        "5:10": {
          "size:3": 24,
          "x:3": -66,
          "y:3": 0,
          "id:3": 12
        },
        "6:10": {
          "size:3": 24,
          "x:3": -54,
          "y:3": 72,
          "id:3": 15
        },
        "7:10": {
          "size:3": 24,
          "x:3": 30,
          "y:3": 72,
          "id:3": 16
        },
        "8:10": {
          "size:3": 24,
          "x:3": -12,
          "y:3": 72,
          "id:3": 17
        }
      },
      "lineID:3": 1,
      "properties:10": {
        "betterquesting:10": {
          "name:8": "早期工业",
          "bg_image:8": "",
          "bg_size:3": 256,
          "desc:8": "下士!证明你的价值吧!这里有银河空间委员会对你的要求."
        }
      },
      "order:3": 1
    },
    "2:10": {
      "quests:9": {
        "0:10": {
          "size:3": 24,
          "x:3": -12,
          "y:3": 12,
          "id:3": 13
        },
        "1:10": {
          "size:3": 24,
          "x:3": -48,
          "y:3": 12,
          "id:3": 14
        },
        "2:10": {
          "size:3": 24,
          "x:3": 24,
          "y:3": 12,
          "id:3": 18
        },
        "3:10": {
          "size:3": 24,
          "x:3": 60,
          "y:3": 24,
          "id:3": 19
        },
        "4:10": {
          "size:3": 24,
          "x:3": -84,
          "y:3": 24,
          "id:3": 20
        },
        "5:10": {
          "size:3": 24,
          "x:3": -30,
          "y:3": 48,
          "id:3": 21
        },
        "6:10": {
          "size:3": 24,
          "x:3": 6,
          "y:3": 48,
          "id:3": 22
        },
        "7:10": {
          "size:3": 24,
          "x:3": 42,
          "y:3": 66,
          "id:3": 23
        },
        "8:10": {
          "size:3": 24,
          "x:3": -66,
          "y:3": 66,
          "id:3": 24
        }
      },
      "lineID:3": 2,
      "properties:10": {
        "betterquesting:10": {
          "name:8": "复杂的自动化",
          "bg_image:8": "",
          "bg_size:3": 256,
          "desc:8": "中士，测试开始了.你能解决更加困难的任务吗?你的星球能够支持发射吗?"
        }
      },
      "order:3": 2
    },
    "3:10": {
      "quests:9": {
        "0:10": {
          "size:3": 24,
          "x:3": 6,
          "y:3": 36,
          "id:3": 25
        },
        "1:10": {
          "size:3": 24,
          "x:3": -30,
          "y:3": 36,
          "id:3": 26
        },
        "2:10": {
          "size:3": 24,
          "x:3": -12,
          "y:3": 6,
          "id:3": 27
        },
        "3:10": {
          "size:3": 24,
          "x:3": 24,
          "y:3": 66,
          "id:3": 28
        },
        "4:10": {
          "size:3": 24,
          "x:3": -48,
          "y:3": 66,
          "id:3": 29
        },
        "5:10": {
          "size:3": 24,
          "x:3": -12,
          "y:3": 66,
          "id:3": 30
        }
      },
      "lineID:3": 3,
      "properties:10": {
        "betterquesting:10": {
          "name:8": "数字压缩",
          "bg_image:8": "",
          "bg_size:3": 256,
          "desc:8": "越大的数字,意味着越多的资源,甚至更大的,更多的制作工序.这是船还是方舟?"
        }
      },
      "order:3": 3
    },
    "4:10": {
      "quests:9": {
        "0:10": {
          "size:3": 24,
          "x:3": -12,
          "y:3": 0,
          "id:3": 32
        },
        "1:10": {
          "size:3": 24,
          "x:3": -54,
          "y:3": 0,
          "id:3": 33
        },
        "2:10": {
          "size:3": 24,
          "x:3": -12,
          "y:3": 42,
          "id:3": 34
        },
        "3:10": {
          "size:3": 24,
          "x:3": 30,
          "y:3": 0,
          "id:3": 35
        },
        "4:10": {
          "size:3": 24,
          "x:3": -12,
          "y:3": 84,
          "id:3": 36
        }
      },
      "lineID:3": 4,
      "properties:10": {
        "betterquesting:10": {
          "name:8": "G.F.D.E 驱动",
          "bg_image:8": "",
          "bg_size:3": 256,
          "desc:8": "G.F.D.E驱动器是银河系空间委员会主导太空的核心，你来建造一个吧!"
        }
      },
      "order:3": 4
    }
  },
  "questSettings:10": {
    "betterquesting:10": {
      "livesdef:3": 3,
      "pack_name:8": "Mass Production",
      "home_anchor_y:5": 0.0,
      "livesmax:3": 10,
      "home_anchor_x:5": 0.0,
      "editmode:1": 1,
      "hardcore:1": 0,
      "home_image:8": "massproduction:textures/gui/bgwlogo.png",
      "party_enable:1": 1,
      "pack_version:3": 0,
      "home_offset_x:3": 9000,
      "home_offset_y:3": 9000
    }
  }
}