{
    "registryname": "reinforced_algorithm_separator",
    "localizedname": "强化运算分离器",
	
"modifiers" : [
		{
			"elements": "botania:storage@3",
			"x": 1,
			"y": 1,
			"z": 1,
			"description": "替换控制器左侧，输入/输出仓上方的强化石头",
			"modifier": [
                                                {
				"io": "input",
				"target": "item",
				"operation": 1,
				"multiplier": 0.67,
				"affectChance": true
			},
                                                {
				"io": "input",
				"target": "duration",
				"operation": 1,
				"multiplier": 0.67,
				"affectChance": false
			}
                                        ]
		},
		
		{
			"elements": "actuallyadditions:block_crystal_empowered@2",
			"x": -1,
			"y": 1,
			"z": 1,
			"description": "替换控制器右侧，输入/输出仓上方的强化石头",
			"modifier": [
                                                {
				"io": "input",
				"target": "item",
				"operation": 1,
				"multiplier": 0.67,
				"affectChance": true
			},
                                                {
				"io": "input",
				"target": "duration",
				"operation": 1,
				"multiplier": 0.67,
				"affectChance": false
			}
                                         ]
		},
		
		{
			"elements": "redstonearsenal:storage@1",
			"x": 0,
			"y": 1,
			"z": 2,
			"description": "替换控制器背面，输入/输出仓上方的强化石头",
			"modifier": [
                                                {
				"io": "input",
				"target": "item",
				"operation": 1,
				"multiplier": 0.67,
				"affectChance": true
			},
                                                {
				"io": "input",
				"target": "duration",
				"operation": 1,
				"multiplier": 0.67,
				"affectChance": false
			}
                                        ]
		},
		
		{
			"elements": "enderio:block_alloy_endergy@1",
			"x": 0,
			"y": 1,
			"z": 1,
			"description": "替换控制器上层，基础分离器上方的强化石头",
			"modifier": [
                                                {
				"io": "input",
				"target": "item",
				"operation": 1,
				"multiplier": 0.67,
				"affectChance": true
			},
                                                {
				"io": "input",
				"target": "duration",
				"operation": 1,
				"multiplier": 0.67,
				"affectChance": false
			}
                                        ]
		}
	],
	
    "parts": [
        {
            "x": -1,
            "y": 0,
            "z": 0,
            "elements": [
                "sonarcore:stablestone_normal@0"
            ]
        },
        {
            "x": -1,
            "y": 0,
            "z": 1,
            "elements": [
                "casings_1"
            ]
        },
        {
            "x": 0,
            "y": 0,
            "z": 1,
            "elements": [
                "calculator:algorithmseparator"
            ]
        },
        {
            "x": 1,
            "y": 0,
            "z": 0,
            "elements": [
                "sonarcore:stablestone_normal@0"
            ]
        },
        {
            "x": -1,
            "y": 0,
            "z": 2,
            "elements": [
                "sonarcore:stablestone_normal@0"
            ]
        },
        {
            "x": 1,
            "y": 0,
            "z": 1,
            "elements": [
                "casings_1"
            ]
        },
        {
            "x": 0,
            "y": 0,
            "z": 2,
            "elements": [
                "casings_1"
            ]
        },
        {
            "x": 1,
            "y": 0,
            "z": 2,
            "elements": [
                "sonarcore:stablestone_normal@0"
            ]
        },
        {
            "x": 1,
            "y": -1,
            "z": 0,
            "elements": [
                "sonarcore:reinforcedstoneblock@0"
            ]
        },
        {
            "x": 0,
            "y": -1,
            "z": 0,
            "elements": [
                "sonarcore:reinforcedstoneblock@0"
            ]
        },
        {
            "x": -1,
            "y": 1,
            "z": 0,
            "elements": [
                "sonarcore:reinforcedstoneblock@0"
            ]
        },
        {
            "x": -1,
            "y": -1,
            "z": 0,
            "elements": [
                "sonarcore:reinforcedstoneblock@0"
            ]
        },
        {
            "x": 0,
            "y": 1,
            "z": 0,
            "elements": [
                "calculator:material@9"
            ]
        },
        {
            "x": -1,
            "y": 1,
            "z": 1,
            "elements": [
                "sonarcore:reinforcedstoneblock@0"
            ]
        },
        {
            "x": 0,
            "y": 1,
            "z": 1,
            "elements": [
                "sonarcore:reinforcedstoneblock@0"
            ]
        },
        {
            "x": 1,
            "y": 1,
            "z": 0,
            "elements": [
                "sonarcore:reinforcedstoneblock@0"
            ]
        },
        {
            "x": -1,
            "y": 1,
            "z": 2,
            "elements": [
                "sonarcore:reinforcedstoneblock@0"
            ]
        },
        {
            "x": 0,
            "y": 1,
            "z": 2,
            "elements": [
                "sonarcore:reinforcedstoneblock@0"
            ]
        },
        {
            "x": 1,
            "y": 1,
            "z": 1,
            "elements": [
                "sonarcore:reinforcedstoneblock@0"
            ]
        },
        {
            "x": -1,
            "y": -1,
            "z": 1,
            "elements": [
                "sonarcore:reinforcedstoneblock@0"
            ]
        },
        {
            "x": 1,
            "y": 1,
            "z": 2,
            "elements": [
                "sonarcore:reinforcedstoneblock@0"
            ]
        },
        {
            "x": 0,
            "y": -1,
            "z": 1,
            "elements": [
                "sonarcore:reinforcedstoneblock@0"
            ]
        },
        {
            "x": -1,
            "y": -1,
            "z": 2,
            "elements": [
                "sonarcore:reinforcedstoneblock@0"
            ]
        },
        {
            "x": 0,
            "y": -1,
            "z": 2,
            "elements": [
                "sonarcore:reinforcedstoneblock@0"
            ]
        },
        {
            "x": 1,
            "y": -1,
            "z": 1,
            "elements": [
                "sonarcore:reinforcedstoneblock@0"
            ]
        },
        {
            "x": 1,
            "y": -1,
            "z": 2,
            "elements": [
                "sonarcore:reinforcedstoneblock@0"
            ]
        }
    
    ]
}