{
    "name": "造石机",
    "icon": "minecraft:stone",
    "category": "patchouli:cobblestone_gens",
	"sortnum": "1",
    "pages": [
        {
			"type": "text",
			"text": "造石机可以生成不同的石头及其变种$(br2)玻璃可以替换成任何方块。"
        },
		{
			"type": "multiblock",
			"name": "Generator",
			"multiblock": {
			"pattern":[
			["GGGG","W0CL"],
			["GGGG","G SG"]
			],
			"mapping":{
			"G": "tconstruct:clear_glass",
			"W": "minecraft:blue_wool",
			"L": "minecraft:red_wool",
			"S": "minecraft:stone",
			"C": "quark:marble"
			},
			"symmetrical": true
		},
		"text": "蓝色羊毛=水$(br2)红色羊毛=熔岩"
		}
		]
}