{
  "name": "Atum",
  "icon": "emendatusenigmatica:gold_chunk",
  "category": "patchouli:ores",
  "sortnum": 2,
  "pages": [
    {
      "type": "patchouli:spotlight",
      "item": "emendatusenigmatica:gold_chunk",
      "title": "Gold Ore",
      "link_recipe": true,
      "text": "Gold ore can be found at Y32 and bellow in the Atum dimension only."
    },
    {
      "type": "patchouli:spotlight",
      "item": "minecraft:diamond",
      "title": "Diamond Ore",
      "link_recipe": true,
      "text": "Diamond ore can be found at Y16 and bellow in the Atum dimension only."
    },
    {
      "type": "patchouli:spotlight",
      "item": "atum:nebu_ore",
      "title": "Nebu Ore",
      "link_recipe": true,
      "text": "Nebu ore can be found at Y64 and bellow in the Atum dimension only."
    },
    {
      "type": "patchouli:spotlight",
      "item": "atum:relic_ore",
      "title": "Relic Ore",
      "link_recipe": true,
      "text": "Relic ore can be found at Y64 and bellow in the Atum dimension only."
    }
  ]
}