{
  "name": "Dimensional Mineshaft",
  "icon": "occultism:dimensional_mineshaft",
  "category": "patchouli:ores",
  "sortnum": 6,
  "pages": [
    {
      "type": "patchouli:spotlight",
      "item": "emendatusenigmatica:silver_chunk",
      "title": "Silver Chunk",
      "link_recipe": true,
      "text": "Silver chunks can be generated by using the Occultism Dimensional Mineshaft"
    },
    {
      "type": "patchouli:spotlight",
      "item": "emendatusenigmatica:tin_chunk",
      "title": "Tin Chunk",
      "link_recipe": true,
      "text": "Tin chunks can be generated by using the Occultism Dimensional Mineshaft"
    },
    {
      "type": "patchouli:spotlight",
      "item": "minecraft:coal",
      "title": "Coal",
      "link_recipe": true,
      "text": "Coal can be generated by using the Occultism Dimensional Mineshaft"
    },
    {
      "type": "patchouli:spotlight",
      "item": "minecraft:lapis_lazuli",
      "title": "Lapis Lazuli",
      "link_recipe": true,
      "text": "Lapis Lazuli can be generated by using the Occultism Dimensional Mineshaft"
    },
    {
      "type": "patchouli:spotlight",
      "item": "emendatusenigmatica:lead_chunk",
      "title": "Lead Chunk",
      "link_recipe": true,
      "text": "Lead chunks can be generated by using the Occultism Dimensional Mineshaft"
    },
    {
      "type": "patchouli:spotlight",
      "item": "minecraft:glowstone_dust",
      "title": "Glowstone Dust",
      "link_recipe": true,
      "text": "Glowstone Dust can be generated by using the Occultism Dimensional Mineshaft"
    },
    {
      "type": "patchouli:spotlight",
      "item": "emendatusenigmatica:iron_chunk",
      "title": "Iron Chunk",
      "link_recipe": true,
      "text": "Iron chunks can be generated by using the Occultism Dimensional Mineshaft"
    },
    {
      "type": "patchouli:spotlight",
      "item": "minecraft:diamond",
      "title": "Diamond",
      "link_recipe": true,
      "text": "Diamonds can be generated by using the Occultism Dimensional Mineshaft"
    },
    {
      "type": "patchouli:spotlight",
      "item": "atum:relic_ore",
      "title": "Relic Ore",
      "link_recipe": true,
      "text": "Relic Ore can be generated by using the Occultism Dimensional Mineshaft"
    },
    {
      "type": "patchouli:spotlight",
      "item": "minecraft:quartz",
      "title": "Nether Quartz",
      "link_recipe": true,
      "text": "Nether Quartz can be generated by using the Occultism Dimensional Mineshaft"
    },
    {
      "type": "patchouli:spotlight",
      "item": "emendatusenigmatica:bitumen_gem",
      "title": "Bitumen",
      "link_recipe": true,
      "text": "Bitumen can be generated by using the Occultism Dimensional Mineshaft"
    },
    {
      "type": "patchouli:spotlight",
      "item": "emendatusenigmatica:sulfur_gem",
      "title": "Sulfur",
      "link_recipe": true,
      "text": "Sulfur can be generated by using the Occultism Dimensional Mineshaft"
    },
    {
      "type": "patchouli:spotlight",
      "item": "betterendforge:thallasium_ore",
      "title": "Thallasium",
      "link_recipe": true,
      "text": "Thallasium can be generated by using the Occultism Dimensional Mineshaft"
    },
    {
      "type": "patchouli:spotlight",
      "item": "minecraft:redstone",
      "title": "Redstone Dust",
      "link_recipe": true,
      "text": "Redstone Dust can be generated by using the Occultism Dimensional Mineshaft"
    },
    {
      "type": "patchouli:spotlight",
      "item": "atum:nebu_ore",
      "title": "Nebu",
      "link_recipe": true,
      "text": "Nebu can be generated by using the Occultism Dimensional Mineshaft"
    },
    {
      "type": "patchouli:spotlight",
      "item": "emendatusenigmatica:gold_chunk",
      "title": "Gold Chunk",
      "link_recipe": true,
      "text": "Gold chunks can be generated by using the Occultism Dimensional Mineshaft"
    },
    {
      "type": "patchouli:spotlight",
      "item": "emendatusenigmatica:copper_chunk",
      "title": "Copper Chunk",
      "link_recipe": true,
      "text": "Copper chunks can be generated by using the Occultism Dimensional Mineshaft"
    },
    {
      "type": "patchouli:spotlight",
      "item": "emendatusenigmatica:uranium_chunk",
      "title": "Uranium Chunk",
      "link_recipe": true,
      "text": "Uranium chunks can be generated by using the Occultism Dimensional Mineshaft"
    },
    {
      "type": "patchouli:spotlight",
      "item": "emendatusenigmatica:zinc_chunk",
      "title": "Zinc Chunk",
      "link_recipe": true,
      "text": "Zinc chunks can be generated by using the Occultism Dimensional Mineshaft"
    },
    {
      "type": "patchouli:spotlight",
      "item": "minecraft:emerald",
      "title": "Emerald",
      "link_recipe": true,
      "text": "Emerald can be generated by using the Occultism Dimensional Mineshaft"
    }
  ]
}