{
  "name": "Laser Drill",
  "icon": "industrialforegoing:laser_drill",
  "category": "patchouli:ores",
  "sortnum": 7,
  "pages": [
    {
      "type": "patchouli:spotlight",
      "item": "minecraft:quartz",
      "title": "Quartz",
      "link_recipe": true,
      "text": "Quartz can be generated by using the Industrial Foregoing Laser Drill"
    },
    {
      "type": "patchouli:spotlight",
      "item": "emendatusenigmatica:apatite_gem",
      "title": "Apatite",
      "link_recipe": true,
      "text": "Apatite can be generated by using the Industrial Foregoing Laser Drill"
    },
    {
      "type": "patchouli:spotlight",
      "item": "emendatusenigmatica:aluminum_chunk",
      "title": "Aluminum Chunk",
      "link_recipe": true,
      "text": "Aluminum chunks can be generated by using the Industrial Foregoing Laser Drill"
    },
    {
      "type": "patchouli:spotlight",
      "item": "betterendforge:thallasium_ore",
      "title": "Thallasium",
      "link_recipe": true,
      "text": "Thallasium can be generated by using the Industrial Foregoing Laser Drill"
    },
    {
      "type": "patchouli:spotlight",
      "item": "minecraft:emerald",
      "title": "Emerald",
      "link_recipe": true,
      "text": "Emeralds can be generated by using the Industrial Foregoing Laser Drill"
    },
    {
      "type": "patchouli:spotlight",
      "item": "emendatusenigmatica:gold_chunk",
      "title": "Gold Chunk",
      "link_recipe": true,
      "text": "Gold chunks can be generated by using the Industrial Foregoing Laser Drill"
    },
    {
      "type": "patchouli:spotlight",
      "item": "emendatusenigmatica:cobalt_chunk",
      "title": "Cobalt Chunk",
      "link_recipe": true,
      "text": "Cobalt chunks can be generated by using the Industrial Foregoing Laser Drill"
    },
    {
      "type": "patchouli:spotlight",
      "item": "emendatusenigmatica:silver_chunk",
      "title": "Silver Chunk",
      "link_recipe": true,
      "text": "Silver chunks can be generated by using the Industrial Foregoing Laser Drill"
    },
    {
      "type": "patchouli:spotlight",
      "item": "emendatusenigmatica:tin_chunk",
      "title": "Tin Chunk",
      "link_recipe": true,
      "text": "Tin chunks can be generated by using the Industrial Foregoing Laser Drill"
    },
    {
      "type": "patchouli:spotlight",
      "item": "emendatusenigmatica:cinnabar_gem",
      "title": "Cinnabar",
      "link_recipe": true,
      "text": "Cinnabar can be generated by using the Industrial Foregoing Laser Drill"
    },
    {
      "type": "patchouli:spotlight",
      "item": "emendatusenigmatica:nickel_chunk",
      "title": "Nickel Chunk",
      "link_recipe": true,
      "text": "Nickel chunks can be generated by using the Industrial Foregoing Laser Drill"
    },
    {
      "type": "patchouli:spotlight",
      "item": "emendatusenigmatica:zinc_chunk",
      "title": "Zinc Chunk",
      "link_recipe": true,
      "text": "Zinc chunks can be generated by using the Industrial Foregoing Laser Drill"
    },
    {
      "type": "patchouli:spotlight",
      "item": "minecraft:glowstone_dust",
      "title": "Glowstone Dust",
      "link_recipe": true,
      "text": "Glowstone Dust can be generated by using the Industrial Foregoing Laser Drill"
    },
    {
      "type": "patchouli:spotlight",
      "item": "minecraft:diamond",
      "title": "Diamond",
      "link_recipe": true,
      "text": "Diamonds can be generated by using the Industrial Foregoing Laser Drill"
    },
    {
      "type": "patchouli:spotlight",
      "item": "emendatusenigmatica:uranium_chunk",
      "title": "Uranium Chunk",
      "link_recipe": true,
      "text": "Uranium chunks can be generated by using the Industrial Foregoing Laser Drill"
    },
    {
      "type": "patchouli:spotlight",
      "item": "emendatusenigmatica:potassium_nitrate_gem",
      "title": "Potassium Nitrate",
      "link_recipe": true,
      "text": "Potassium Nitrate can be generated by using the Industrial Foregoing Laser Drill"
    },
    {
      "type": "patchouli:spotlight",
      "item": "minecraft:coal",
      "title": "Coal",
      "link_recipe": true,
      "text": "Coal can be generated by using the Industrial Foregoing Laser Drill"
    },
    {
      "type": "patchouli:spotlight",
      "item": "emendatusenigmatica:lead_chunk",
      "title": "Lead Chunk",
      "link_recipe": true,
      "text": "Lead chunks can be generated by using the Industrial Foregoing Laser Drill"
    },
    {
      "type": "patchouli:spotlight",
      "item": "emendatusenigmatica:bitumen_gem",
      "title": "Bitumen",
      "link_recipe": true,
      "text": "Bitumen can be generated by using the Industrial Foregoing Laser Drill"
    },
    {
      "type": "patchouli:spotlight",
      "item": "appliedenergistics2:certus_quartz_crystal",
      "title": "Certus Quartz",
      "link_recipe": true,
      "text": "Certus Quartz can be generated by using the Industrialforegoing Laser Drill"
    },
    {
      "type": "patchouli:spotlight",
      "item": "minecraft:redstone",
      "title": "Redstone Dust",
      "link_recipe": true,
      "text": "Redstone Dust can be generated by using the Industrialforegoing Laser Drill"
    },
    {
      "type": "patchouli:spotlight",
      "item": "emendatusenigmatica:copper_chunk",
      "title": "Copper Chunk",
      "link_recipe": true,
      "text": "Copper chunks can be generated by using the Industrialforegoing Laser Drill"
    },
    {
      "type": "patchouli:spotlight",
      "item": "emendatusenigmatica:sulfur_gem",
      "title": "Sulfur",
      "link_recipe": true,
      "text": "Sulfur can be generated by using the Industrialforegoing Laser Drill"
    },
    {
      "type": "patchouli:spotlight",
      "item": "minecraft:lapis_lazuli",
      "title": "Lapis Lazuli",
      "link_recipe": true,
      "text": "Lapis Lazuli can be generated by using the Industrialforegoing Laser Drill"
    },
    {
      "type": "patchouli:spotlight",
      "item": "atum:relic_ore",
      "title": "Relic Ore",
      "link_recipe": true,
      "text": "Relic Ore can be generated by using the Industrialforegoing Laser Drill"
    },
    {
      "type": "patchouli:spotlight",
      "item": "emendatusenigmatica:iron_chunk",
      "title": "Iron Chunk",
      "link_recipe": true,
      "text": "Iron chunks can be generated by using the Industrialforegoing Laser Drill"
    },
    {
      "type": "patchouli:spotlight",
      "item": "botania:life_essence",
      "title": "Gaia Spirit",
      "link_recipe": true,
      "text": "Gaia Spirits can be generated by using the industrialforegoing Laser Drill, but your setup needs to be in the Appliedenergistics2 Spatial Dimension."
    },
    {
      "type": "patchouli:spotlight",
      "item": "atum:nebu_ore",
      "title": "Nebu Ore",
      "link_recipe": true,
      "text": "Nebu Ore can be generated by using the Industrialforegoing Laser Drill"
    }
  ]
}