{
  "name": "Ore Processing",
  "icon": "emendatusenigmatica:uranium_ingot",
  "category": "patchouli:ores",
  "sortnum": -1,
  "pages": [
    {
      "type": "patchouli:text",
      "text": "Just throw any 1 ore/chunk into water, to receive 1 nugget of the ore you threw in."
    },
    {
      "type": "patchouli:image",
      "images": [
        "proletaria:textures/gui/patchouli_book/water.png"
      ],
      "title": "Water Washing",
      "border": true
    },
    {
      "type": "patchouli:spotlight",
      "item": "botania:mana_pool",
      "title": "Mana Pool",
      "link_recipe": true,
      "text": "Just throw any 1 ore/chunk into a mana pool, to receive 3 nuggets of the ore you threw in."
    },
    {
      "type": "patchouli:multiblock",
      "multiblock_id": "oremanapool",
      "multiblock": {
        "pattern": [
          [
            "0"
          ]
        ],
        "mapping": {
          "0": "botania:mana_pool"
        }
      }
    },
    {
      "type": "patchouli:spotlight",
      "item": "tconstruct:seared_melter",
      "title": "Tinkers Melter",
      "link_recipe": true,
      "text": "Put 1 ore/chunk into the tinkers melter, each one will give you 96mb of fluid which is 6 nuggets."
    },
    {
      "type": "patchouli:multiblock",
      "multiblock_id": "oremelter",
      "multiblock": {
        "pattern": [
          [
            "2",
            "0"
          ],
          [
            "3",
            "1"
          ]
        ],
        "mapping": {
          "0": "tconstruct:seared_melter[facing=south]",
          "1": "tconstruct:seared_heater[facing=south]",
          "2": "tconstruct:seared_faucet[facing=west]",
          "3": "tconstruct:seared_table"
        },
        "offset": [
          0,
          -1,
          0
        ]
      }
    },
    {
      "type": "patchouli:text",
      "title": "Botanist Smelter",
      "text": "Put 1 ore/chunk into the Botanists smelter, each ore will give you 1 full ingot."
    },
    {
      "type": "patchouli:multiblock",
      "multiblock_id": "botanists_smelter",
      "multiblock": {
        "pattern": [
          [
            "____",
            "36bc",
            ")785",
            "36ad",
            "____"
          ],
          [
            "3ebb",
            ")  1",
            ")  1",
            ")  1",
            "34aa"
          ],
          [
            "))2*",
            ")A 1",
            ")A 1",
            ")A 1",
            "))/0"
          ],
          [
            "))*.",
            ")+,-",
            ")+ *",
            ")+,*",
            "))**"
          ]
        ],
        "mapping": {
          ")": "immersiveengineering:sheetmetal_copper",
          "*": "botania:livingrock",
          "+": "minecraft:redstone_block",
          ",": "create:shaft[axis=z]",
          "-": "create:gearbox[axis=y]",
          ".": "masterfulmachinery:livingrock_default_port_create_rotation_input",
          "/": "masterfulmachinery:livingrock_default_port_items_output",
          "A": "minecraft:campfire",
          "1": "#forge:glass",
          "2": "masterfulmachinery:livingrock_default_port_items_input",
          "3": "immersiveengineering:slab_sheetmetal_copper",
          "4": "minecraft:jack_o_lantern[facing=east]",
          "e": "minecraft:jack_o_lantern[facing=west]",
          "5": "botania:livingrock_stairs",
          "a": "botania:livingrock_stairs[facing=west]",
          "b": "botania:livingrock_stairs[facing=east]",
          "c": "botania:livingrock_stairs[facing=east,shape=outer_left]",
          "d": "botania:livingrock_stairs[facing=west,shape=outer_right]",
          "6": "immersiveengineering:chute_copper",
          "7": "botania:mana_spreader",
          "8": "masterfulmachinery:livingrock_default_port_botania_mana_input",
          "0": "masterfulmachinery:livingrock_controller[facing=south]"
        },
        "symmetrical": false,
        "offset": [
          -2,
          -1,
          0
        ]
      }
    },
    {
      "type": "patchouli:text",
      "title": "Botanist Blaster",
      "text": "Put 1 ore/chunk into the Botanists blaster, each ore will give you 1 full ingot plus a bonus chance of getting bonus nuggets."
    },
    {
      "type": "patchouli:multiblock",
      "multiblock_id": "botanists_blaster",
      "multiblock": {
        "pattern": [
          [
            "____",
            "36bc",
            ")785",
            "36ad",
            "____"
          ],
          [
            "3ebb",
            ")  1",
            ")  1",
            ")  1",
            "34aa"
          ],
          [
            "))2*",
            ")A 1",
            ")A 1",
            ")A 1",
            "))/0"
          ],
          [
            "))*.",
            ")+,-",
            ")+ *",
            ")+,*",
            "))**"
          ]
        ],
        "mapping": {
          ")": "immersiveengineering:sheetmetal_iron",
          "*": "botania:livingrock",
          "+": "minecraft:redstone_block",
          ",": "create:shaft[axis=z]",
          "-": "create:gearbox[axis=y]",
          ".": "masterfulmachinery:livingrock_default_port_create_rotation_input",
          "/": "masterfulmachinery:livingrock_default_port_items_output",
          "A": "minecraft:campfire",
          "1": "#forge:glass",
          "2": "masterfulmachinery:livingrock_default_port_items_input",
          "3": "immersiveengineering:slab_sheetmetal_iron",
          "4": "minecraft:jack_o_lantern[facing=east]",
          "e": "minecraft:jack_o_lantern[facing=west]",
          "5": "botania:livingrock_stairs",
          "a": "botania:livingrock_stairs[facing=west]",
          "b": "botania:livingrock_stairs[facing=east]",
          "c": "botania:livingrock_stairs[facing=east,shape=outer_left]",
          "d": "botania:livingrock_stairs[facing=west,shape=outer_right]",
          "6": "immersiveengineering:chute_iron",
          "7": "botania:mana_spreader",
          "8": "masterfulmachinery:livingrock_default_port_botania_mana_input",
          "0": "masterfulmachinery:livingrock_controller[facing=south]"
        },
        "symmetrical": false,
        "offset": [
          -2,
          -1,
          0
        ]
      }
    },
    {
      "type": "patchouli:spotlight",
      "item": "tconstruct:smeltery_controller",
      "title": "Tinkers Smeltery",
      "link_recipe": true,
      "text": "Put 1 ore/chunk into the Tinkers Smeltery, each ore will give you 1 full ingot useful if you want to make better tools."
    },
    {
      "type": "patchouli:multiblock",
      "multiblock_id": "tinkers_smeltery",
      "multiblock": {
        "pattern": [
          [
            "__6__",
            "_131_",
            "1   1",
            "1   1",
            "1   1",
            "_171_",
            "__8__"
          ],
          [
            "__4__",
            "_211_",
            "1   1",
            "1   0",
            "1   1",
            "_111_",
            "__5__"
          ],
          [
            "_____",
            "_____",
            "_111_",
            "_111_",
            "_111_",
            "_____",
            "_____"
          ]
        ],
        "mapping": {
          "0": "tconstruct:smeltery_controller[facing=south]",
          "1": "tconstruct:seared_bricks",
          "2": "tconstruct:seared_fuel_tank",
          "3": "tconstruct:seared_drain[facing=west]",
          "4": "tconstruct:seared_table",
          "5": "tconstruct:seared_basin",
          "6": "tconstruct:seared_faucet[facing=west]",
          "7": "tconstruct:seared_drain[facing=east]",
          "8": "tconstruct:seared_faucet[facing=east]"
        }
      }
    }
  ]
}