{
  "name": "Orechid Ignem",
  "icon": "emendatusenigmatica:lead_chunk",
  "category": "patchouli:ores",
  "sortnum": 4,
  "pages": [
    {
      "type": "patchouli:spotlight",
      "item": "emendatusenigmatica:lead_chunk",
      "title": "Lead Ore",
      "link_recipe": true,
      "text": "Lead ore can be generated by using the Botania Orechid Ignem"
    },
    {
      "type": "patchouli:spotlight",
      "item": "minecraft:quartz",
      "title": "Quartz Ore",
      "link_recipe": true,
      "text": "Quartz ore can be generated by using the Botania Orechid Ignem"
    },
    {
      "type": "patchouli:spotlight",
      "item": "emendatusenigmatica:silver_chunk",
      "title": "Silver Ore",
      "link_recipe": true,
      "text": "Silver ore can be generated by using the Botania Orechid Ignem"
    },
    {
      "type": "patchouli:spotlight",
      "item": "emendatusenigmatica:gold_chunk",
      "title": "Gold Ore",
      "link_recipe": true,
      "text": "Gold ore can be generated by using the Botania Orechid Ignem"
    },
    {
      "type": "patchouli:spotlight",
      "item": "emendatusenigmatica:sulfur_gem",
      "title": "Sulfur Ore",
      "link_recipe": true,
      "text": "Sulfur ore can be generated by using the Botania Orechid Ignem"
    },
    {
      "type": "patchouli:spotlight",
      "item": "minecraft:diamond",
      "title": "Diamond Ore",
      "link_recipe": true,
      "text": "Diamond ore can be generated by using the Botania Orechid Ignem"
    }
  ]
}