{
  "name": "Orechid",
  "icon": "emendatusenigmatica:iron_chunk",
  "category": "patchouli:ores",
  "sortnum": 1,
  "pages": [
    {
      "type": "patchouli:spotlight",
      "item": "emendatusenigmatica:iron_chunk",
      "title": "Iron Ore",
      "link_recipe": true,
      "text": "Iron ore can be generated by using the Botania orechid"
    },
    {
      "type": "patchouli:spotlight",
      "item": "emendatusenigmatica:tin_chunk",
      "title": "Tin ore",
      "link_recipe": true,
      "text": "Tin ore can be generated by using the Botania orechid"
    },
    {
      "type": "patchouli:spotlight",
      "item": "emendatusenigmatica:copper_chunk",
      "title": "Copper Ore",
      "link_recipe": true,
      "text": "Copper ore can be generated by using the Botania orechid"
    },
    {
      "type": "patchouli:spotlight",
      "item": "emendatusenigmatica:zinc_chunk",
      "title": "Zinc ore",
      "link_recipe": true,
      "text": "Zinc ore can be generated by using the Botania orechid"
    },
    {
      "type": "patchouli:spotlight",
      "item": "minecraft:coal",
      "title": "Coal ore",
      "link_recipe": true,
      "text": "Coal ore can be generated by using the Botania orechid"
    },
    {
      "type": "patchouli:spotlight",
      "item": "emendatusenigmatica:uranium_chunk",
      "title": "Uranium ore",
      "link_recipe": true,
      "text": "Uranium ore can be generated by using the Botania orechid"
    }
  ]
}