{
  "name": "The End",
  "icon": "emendatusenigmatica:cobalt_chunk",
  "category": "patchouli:ores",
  "sortnum": 5,
  "pages": [
    {
      "type": "patchouli:spotlight",
      "item": "emendatusenigmatica:cinnabar_gem",
      "title": "Cinnabar ore",
      "link_recipe": true,
      "text": "Cinnabar ore can be found between Y36 and Y24 in The End only."
    },
    {
      "type": "patchouli:spotlight",
      "item": "emendatusenigmatica:cobalt_chunk",
      "title": "Cobalt ore",
      "link_recipe": true,
      "text": "Cobalt ore can be found between Y68 and Y36 in The End only."
    },
    {
      "type": "patchouli:spotlight",
      "item": "emendatusenigmatica:potassium_nitrate_gem",
      "title": "Potassium Nitrate ore",
      "link_recipe": true,
      "text": "Potassium Nitrate ore can be found between Y52 and Y38 in The End only."
    }
  ]
}